Date,Open,High,Low,Close,Volume
2026-04-03 19:16:43.715123,100.0,100.1594510923447,99.39129085986781,99.5301559765507,5472471
2026-04-03 19:17:43.715148,99.5301559765507,100.00239979588746,99.45077246509689,99.96249885869995,5521373
2026-04-03 19:18:43.715151,99.96249885869995,100.1952764084986,99.59904867930288,99.71969069370344,6743066
2026-04-03 19:19:43.715153,99.71969069370344,99.93311379931498,98.61141890204851,98.97883170900266,4275709
2026-04-03 19:20:43.715154,98.97883170900266,99.76771209328237,98.70941987862234,99.06201992721267,9916786
2026-04-03 19:21:43.715156,99.06201992721267,99.28713649328841,99.0472405824501,99.14169604834275,4416664
2026-04-03 19:22:43.715157,99.14169604834275,99.61135000215427,98.85192642394763,98.99598240829346,5056518
2026-04-03 19:23:43.715158,98.99598240829346,99.1782196284559,98.58062416817748,98.76608941922052,2870928
2026-04-03 19:24:43.715159,98.76608941922052,99.30534844735375,96.85422662953629,98.21863723327994,6414709
2026-04-03 19:25:43.715161,98.21863723327994,98.68242524498702,97.62888697565904,98.59552036213725,3658505
2026-04-03 19:26:43.715162,98.59552036213725,99.04941174482794,98.53850834923198,98.96461476517327,9411855
2026-04-03 19:27:43.715163,98.96461476517327,100.12287006126077,98.36480016054375,98.89437219906667,2767640
2026-04-03 19:28:43.715164,98.89437219906667,98.96084349883127,98.11740692842704,98.403822469158,5780450
2026-04-03 19:29:43.715165,98.403822469158,98.90898874409355,98.09705967470984,98.80664191449125,4853339
2026-04-03 19:30:43.715166,98.80664191449125,99.34990403933487,98.19499408843477,98.28233372671816,5142807
2026-04-03 19:31:43.715167,98.28233372671816,99.05589200296373,97.8405275461331,98.15361448236904,1491234
2026-04-03 19:32:43.715168,98.15361448236904,98.85261301005758,97.41970309666276,98.46093763329762,7906726
2026-04-03 19:33:43.715169,98.46093763329762,98.80646699663767,98.29705312418973,98.50362952658506,8887739
2026-04-03 19:34:43.715170,98.50362952658506,98.65089607296514,98.41550495814805,98.4606791000102,6654237
2026-04-03 19:35:43.715171,98.4606791000102,98.89031478302113,96.49062141712834,97.60686621979308,7216204
2026-04-03 19:36:43.715172,97.60686621979308,97.85174088293304,96.76370385811842,97.20862878134521,9306461
2026-04-03 19:37:43.715173,97.20862878134521,97.78797623880753,97.03376108049856,97.41097485648359,4560920
2026-04-03 19:38:43.715174,97.41097485648359,97.59012616830891,96.65600802970778,97.2755235535419,6822184
2026-04-03 19:39:43.715175,97.2755235535419,97.3372994639549,96.51718963553004,97.12394414727194,2954109
2026-04-03 19:40:43.715176,97.12394414727194,97.51354581070449,96.85864841320034,96.93682103403592,7409907
2026-04-03 19:41:43.715177,96.93682103403592,97.07605539029535,96.12569994382842,97.06705203076164,1416880
2026-04-03 19:42:43.715179,97.06705203076164,97.23444529526823,96.9349059104951,96.97373775177365,7609280
2026-04-03 19:43:43.715180,96.97373775177365,96.99056840203515,96.26378319064744,96.82959630360538,6478047
2026-04-03 19:44:43.715181,96.82959630360538,96.91125240547908,95.90636060969231,96.54446009222865,3558231
2026-04-03 19:45:43.715200,96.54446009222865,96.56637696643575,96.17622934713812,96.28066340669906,1110078
2026-04-03 19:46:43.715201,96.28066340669906,96.72507694851618,95.19246650411003,96.01173703427992,5135314
2026-04-03 19:47:43.715202,96.01173703427992,96.64617846444622,95.48533883317849,96.38778205004628,1071295
2026-04-03 19:48:43.715203,96.38778205004628,97.02440370294063,95.9841189868541,96.57703167746928,3026793
2026-04-03 19:49:43.715204,96.57703167746928,97.29706575257708,96.32281767370044,96.79187959972242,3204664
2026-04-03 19:50:43.715205,96.79187959972242,97.06224503753556,96.720763995826,96.81942368246538,7561000
2026-04-03 19:51:43.715206,96.81942368246538,97.11295280684506,96.67565425794058,96.86017604718508,2579159
2026-04-03 19:52:43.715207,96.86017604718508,98.04156196931561,96.58562874970237,97.17255083172425,5327576
2026-04-03 19:53:43.715208,97.17255083172425,97.25749568044827,96.42217206443748,97.01242226771794,3100021
2026-04-03 19:54:43.715210,97.01242226771794,97.19835787998058,96.77620378008791,97.00053053421739,9516999
2026-04-03 19:55:43.715211,97.00053053421739,97.39923189246994,95.72013051411315,96.63662891205172,5301754
2026-04-03 19:56:43.715227,96.63662891205172,97.03081469090593,96.23011137360926,96.26722321095983,7105525
2026-04-03 19:57:43.715229,96.26722321095983,97.4108549203776,95.85935942946828,96.47677822947998,3457184
2026-04-03 19:58:43.715230,96.47677822947998,96.49343477934697,95.48687398013242,95.94887531127355,4772962
2026-04-03 19:59:43.715231,95.94887531127355,97.2347556064595,95.83223292114621,96.37544751075832,3927109
2026-04-03 20:00:43.715234,96.37544751075832,96.56800634953156,95.96739689311762,96.5328544354106,3215167
2026-04-03 20:01:43.715236,96.5328544354106,97.18030197844253,95.16711425738632,95.94508237737314,2989173
2026-04-03 20:02:43.715237,95.94508237737314,96.01882821714021,95.61565504391862,95.64349146924926,5353127
2026-04-03 20:03:43.715238,95.64349146924926,96.10210588269695,94.58576974392508,95.24390733621496,3676188
2026-04-03 20:04:43.715257,95.24390733621496,95.48701418072103,94.26734896456887,94.6140864749335,6491590
2026-04-03 20:05:43.715258,94.6140864749335,94.95858678253678,94.07688394654345,94.68830351279136,9837590
2026-04-03 20:06:43.715259,94.68830351279136,95.63535134775393,93.44367057604227,94.00777917293712,6893309
2026-04-03 20:07:43.715260,94.00777917293712,94.61510126323478,93.97008265864467,94.41940203728302,4503157
2026-04-03 20:08:43.715261,94.41940203728302,95.03355493776635,93.8479764614455,94.79138925832642,1449395
2026-04-03 20:09:43.715263,94.79138925832642,95.15420773970212,94.5172380466146,94.71724001624308,4379569
2026-04-03 20:10:43.715264,94.71724001624308,95.4163295838935,94.50673154502745,95.1173900147828,2423286
2026-04-03 20:11:43.715265,95.1173900147828,95.96454880529966,94.11508242470623,94.43494096766229,7095929
2026-04-03 20:12:43.715267,94.43494096766229,94.59695783222709,93.84196196851636,93.92830815558418,5601020
2026-04-03 20:13:43.715268,93.92830815558418,95.18955302445895,93.44341957981926,94.19012226613665,8006454
2026-04-03 20:14:43.715269,94.19012226613665,94.29795603117222,93.5000644144687,93.65899731407475,9398043
2026-04-03 20:15:43.715270,93.65899731407475,93.77016677935995,92.39552955688124,93.268525605596,1764121
2026-04-03 20:16:43.715271,93.268525605596,93.78000845330344,92.12895247035192,93.11274079303926,6084921
2026-04-03 20:17:43.715288,93.11274079303926,93.31760953417538,92.88792218429109,92.94868300666245,4693305
2026-04-03 20:18:43.715289,92.94868300666245,94.25382686609589,92.49665828652627,94.2141798805578,8706358
2026-04-03 20:19:43.715290,94.2141798805578,95.04316101148687,93.7778586835248,94.87993520142538,1721747
2026-04-03 20:20:43.715291,94.87993520142538,96.0872151325565,93.86802485957607,95.49618186261483,1251492
2026-04-03 20:21:43.715294,95.49618186261483,95.73560356651355,94.27195983812105,94.77456765183433,3055723
2026-04-03 20:22:43.715295,94.77456765183433,95.37514570021143,94.47296896842968,94.52509936157901,3648790
2026-04-03 20:23:43.715296,94.52509936157901,94.94336842080337,94.06245705357628,94.28143972105381,4353597
2026-04-03 20:24:43.715297,94.28143972105381,94.44901962540419,93.65812500294221,94.10607514060334,1531831
2026-04-03 20:25:43.715298,94.10607514060334,94.99524778319271,93.69353544576191,94.69709357815931,8122313
2026-04-03 20:26:43.715299,94.69709357815931,96.19620320613927,94.40578390930311,95.39109424701296,1070640
2026-04-03 20:27:43.715300,95.39109424701296,95.85137645347142,95.29465735519109,95.58989155678618,2355531
2026-04-03 20:28:43.715301,95.58989155678618,96.28196750228686,94.96593866875837,95.89192248749583,4264908
2026-04-03 20:29:43.715302,95.89192248749583,96.13139452797671,95.82952414908726,95.97583384804892,6963135
2026-04-03 20:30:43.715321,95.97583384804892,95.98268678541795,95.54835228260882,95.64490937747816,3763642
2026-04-03 20:31:43.715322,95.64490937747816,96.51224925393265,95.08933377783283,95.28208127931688,3276360
2026-04-03 20:32:43.715323,95.28208127931688,95.39817640277741,94.90216251660301,95.0185443516108,7646705
2026-04-03 20:33:43.715325,95.0185443516108,95.03961497868451,94.34226878179244,94.90034328885554,7243669
2026-04-03 20:34:43.715327,94.90034328885554,95.54571846669566,93.74293864103907,94.70757121191635,1448345
2026-04-03 20:35:43.715328,94.70757121191635,96.02590773204548,94.50765433761276,95.27019424658242,5984445
2026-04-03 20:36:43.715329,95.27019424658242,96.03880103301528,95.03550256151077,95.67005844317153,5949499
2026-04-03 20:37:43.715330,95.67005844317153,95.83422885500289,95.44415284597213,95.66306651147595,6703737
2026-04-03 20:38:43.715331,95.66306651147595,96.13349170084341,95.36999634090259,95.59638166352009,3114792
2026-04-03 20:39:43.715332,95.59638166352009,96.02524439739605,94.83395589109521,95.56302048842831,6118922
2026-04-03 20:40:43.715333,95.56302048842831,96.74764447440195,95.1617887103838,96.35821358031768,7655623
2026-04-03 20:41:43.715334,96.35821358031768,96.72395691600661,96.0266631202753,96.09892652745913,8467048
2026-04-03 20:42:43.715335,96.09892652745913,96.12270118699674,95.5532433206965,95.8625544979361,6237196
2026-04-03 20:43:43.715336,95.8625544979361,96.21818684847365,94.58070615388593,95.2842174617973,2178049
2026-04-03 20:44:43.715337,95.2842174617973,95.77834162537793,95.11131416029072,95.25884300862899,2110389
2026-04-03 20:45:43.715338,95.25884300862899,96.07479907442563,94.2300425340584,94.87226724252889,6001045
2026-04-03 20:46:43.715355,94.87226724252889,94.9243806135741,94.50919933853794,94.67130355273005,3332517
2026-04-03 20:47:43.715356,94.67130355273005,96.23534741207014,94.38679075070998,95.47340143194074,9551881
2026-04-03 20:48:43.715357,95.47340143194074,95.78333066210548,94.7638632214862,95.16762170613207,1843523
2026-04-03 20:49:43.715358,95.16762170613207,95.67222271235576,94.02927373782148,94.75957201776428,2186887
2026-04-03 20:50:43.715359,94.75957201776428,94.88667448245683,93.10892032648121,93.35065757470849,5834357
2026-04-03 20:51:43.715360,93.35065757470849,94.03550000883949,92.1654506519023,93.77141223159825,6287118
2026-04-03 20:52:43.715361,93.77141223159825,94.50352863431856,93.6619501443796,94.25600684039827,1317537
2026-04-03 20:53:43.715362,94.25600684039827,94.99515656482662,94.20114466970547,94.58438512260533,3573619
2026-04-03 20:54:43.715363,94.58438512260533,94.97018522018556,94.48030714724952,94.92102747106502,2296516
2026-04-03 20:55:43.715364,94.92102747106502,95.49632314155197,94.19413776032613,94.26202965645585,2854971
2026-04-03 20:56:43.715365,94.26202965645585,94.48888930522884,93.68763470192371,94.2285323462234,7549546
2026-04-03 20:57:43.715366,94.2285323462234,94.40125241967543,93.511041510052,93.95256207991488,6106563
2026-04-03 20:58:43.715367,93.95256207991488,94.40125242072511,93.43720831261807,93.90000672451525,4791481
2026-04-03 20:59:43.715368,93.90000672451525,94.27408134854765,93.40923233305207,94.03746546016488,6279548
2026-04-03 21:00:43.715370,94.03746546016488,95.70874733750865,93.66788225536092,94.58244221503986,9480473
2026-04-03 21:01:43.715371,94.58244221503986,94.91335095217035,94.40870856496488,94.50982458410495,4125354
2026-04-03 21:02:43.715372,94.50982458410495,94.65137328837709,94.21960064867244,94.54691332050942,4982588
2026-04-03 21:03:43.715373,94.54691332050942,95.304896392106,94.51429203000392,94.92534157979468,8479821
2026-04-03 21:04:43.715374,94.92534157979468,95.9657850516752,94.30671920458788,94.70990024075773,3901614
2026-04-03 21:05:43.715375,94.70990024075773,94.87953002897676,93.97519141516109,94.40087490264708,2215502
2026-04-03 21:06:43.715376,94.40087490264708,94.67283183408085,93.47578781096546,94.03510853368928,1770173
2026-04-03 21:07:43.715377,94.03510853368928,94.1502194994102,93.60698355331904,94.04760287497332,1467010
2026-04-03 21:08:43.715378,94.04760287497332,95.34020006670971,93.85877383076651,95.04365591039563,3568103
2026-04-03 21:09:43.715379,95.04365591039563,95.84240074914766,94.7260190769694,95.65679347743064,6196467
2026-04-03 21:10:43.715380,95.65679347743064,96.10699479986575,94.9392995127768,94.95244612123848,1944789
2026-04-03 21:11:43.715381,94.95244612123848,95.05036058943027,93.8672184306627,94.94866013073955,9375741
2026-04-03 21:12:43.715382,94.94866013073955,95.34314813168311,94.79791123352997,94.92627853340616,9929285
2026-04-03 21:13:43.715383,94.92627853340616,95.20003231328424,94.52942339320057,94.88781049061271,2030117
2026-04-03 21:14:43.715385,94.88781049061271,95.31426583835214,94.09577943087734,94.95751656229079,9386180
2026-04-03 21:15:43.715386,94.95751656229079,95.46741277582592,94.10058095245662,95.10446600330039,9040979
2026-04-03 21:16:43.715387,95.10446600330039,95.58452106857764,94.8008010293716,95.15427311294881,9671370
2026-04-03 21:17:43.715388,95.15427311294881,95.57387011074424,93.80710725387348,94.60408619922133,9774533
2026-04-03 21:18:43.715389,94.60408619922133,94.963700499671,93.82349043147511,94.34537560617049,9112074
2026-04-03 21:19:43.715390,94.34537560617049,95.24113349549971,94.1262506381858,94.63151428060063,6284958
2026-04-03 21:20:43.715391,94.63151428060063,95.13974658180368,94.59054366705165,94.85329665136076,2092501
2026-04-03 21:21:43.715392,94.85329665136076,95.12804085510473,94.47301243504859,94.7085012298099,3155748
2026-04-03 21:22:43.715393,94.7085012298099,94.85958829117011,94.2744529445282,94.53133388148711,7941245
2026-04-03 21:23:43.715394,94.53133388148711,95.02417985427901,94.083436415858,94.89597381900386,1829735
2026-04-03 21:24:43.715395,94.89597381900386,95.23711593217789,94.56007795803491,95.09658673669486,6345854
2026-04-03 21:25:43.715398,95.09658673669486,96.09399099709199,94.99240817448522,95.93716856426657,5633078
2026-04-03 21:26:43.715399,95.93716856426657,96.6243098601661,94.48747008008418,95.06485697442308,5537358
2026-04-03 21:27:43.715400,95.06485697442308,95.87567695580485,94.78656407002889,94.80188891431276,7867100
2026-04-03 21:28:43.715401,94.80188891431276,95.18915531275098,93.60995854541386,94.32198165560372,8583354
2026-04-03 21:29:43.715402,94.32198165560372,94.56283341021069,93.87520607430125,94.52169982166674,2805468
2026-04-03 21:30:43.715403,94.52169982166674,94.70390847060685,92.93408837031618,93.55644387417881,6735193
2026-04-03 21:31:43.715404,93.55644387417881,94.75700581727862,93.31651164950745,94.25819831132179,6843493
2026-04-03 21:32:43.715405,94.25819831132179,94.5433590883603,93.21711080917976,93.57358827686505,9514493
2026-04-03 21:33:43.715406,93.57358827686505,93.98453390738474,93.1354233914213,93.57847396497019,3792427
2026-04-03 21:34:43.715407,93.57847396497019,93.87568135470191,93.20861699872587,93.77071253229565,9888923
2026-04-03 21:35:43.715416,93.77071253229565,94.21865212569162,93.53844752084316,93.92400365773561,7671318
2026-04-03 21:36:43.715418,93.92400365773561,94.53839487586063,93.12918838737599,94.02399359424268,1318408
2026-04-03 21:37:43.715419,94.02399359424268,94.93679125804012,93.72762403162523,94.64518196739945,7304680
2026-04-03 21:38:43.715420,94.64518196739945,95.08781444591358,94.61419638709386,94.97035143474955,2581530
2026-04-03 21:39:43.715421,94.97035143474955,96.03841965924232,94.84654088354368,95.3221854308941,1996530
2026-04-03 21:40:43.715422,95.3221854308941,95.45429320042241,94.4782809239006,94.8188243511442,6786265
2026-04-03 21:41:43.715423,94.8188243511442,95.55359217386969,94.57387446902253,95.07006952201469,1570451
2026-04-03 21:42:43.715424,95.07006952201469,95.56736979042623,94.4332766497299,95.48336512169098,8022336
2026-04-03 21:43:43.715425,95.48336512169098,96.15465334352497,94.5709004569035,95.50393555784038,8433533
2026-04-03 21:44:43.715426,95.50393555784038,96.96315432854756,94.84086020014446,96.42936741743704,3659440
2026-04-03 21:45:43.715428,96.42936741743704,96.9971089943348,95.2873204897986,95.38447043050468,6517366
2026-04-03 21:46:43.715429,95.38447043050468,95.755428594694,94.40540735392838,94.93255637421602,9370262
2026-04-03 21:47:43.715430,94.93255637421602,96.27363513514662,93.90048590259882,95.68887879585075,3602967
2026-04-03 21:48:43.715431,95.68887879585075,96.68690926895626,95.30011373375241,96.61492855456963,4185714
2026-04-03 21:49:43.715432,96.61492855456963,96.78433390837671,95.80770275500211,95.91763205947733,5229215
2026-04-03 21:50:43.715433,95.91763205947733,96.69368843206591,95.78535705731785,96.49090094153934,8750575
2026-04-03 21:51:43.715434,96.49090094153934,97.14856029625697,95.63344341363928,96.00301641371308,3026580
2026-04-03 21:52:43.715435,96.00301641371308,96.63811489788945,95.5594695082549,96.03734675605682,5455214
2026-04-03 21:53:43.715436,96.03734675605682,96.51998348048699,95.74673496029808,95.99028019658058,2937878
2026-04-03 21:54:43.715437,95.99028019658058,96.47776056882385,95.41805039034871,95.71827580757505,8271476
2026-04-03 21:55:43.715439,95.71827580757505,96.62539609767369,95.7034594557103,96.15815272436053,2732465
2026-04-03 21:56:43.715440,96.15815272436053,97.00716660758052,95.50995762576255,96.18470638400609,3245909
2026-04-03 21:57:43.715441,96.18470638400609,96.54399687936699,96.01754616263277,96.53509927157482,2014929
2026-04-03 21:58:43.715442,96.53509927157482,97.19369497304501,96.46332715125982,96.53764558648591,6888997
2026-04-03 21:59:43.715443,96.53764558648591,96.66122812523989,95.86566348325695,96.33902091955589,2226476
2026-04-03 22:00:43.715444,96.33902091955589,96.95538688038856,95.36257259228445,95.66142777850898,7854453
2026-04-03 22:01:43.715445,95.66142777850898,95.80633640597043,95.30012272936679,95.71695267818387,8917596
2026-04-03 22:02:43.715446,95.71695267818387,96.36384833534191,94.87707389026721,95.34228381352416,1378165
2026-04-03 22:03:43.715447,95.34228381352416,95.97569360870679,95.25417032270262,95.73954345566257,1415008
2026-04-03 22:04:43.715448,95.73954345566257,95.80906318236208,95.111333984964,95.223697832556,6931161
2026-04-03 22:05:43.715449,95.223697832556,95.91167588027736,94.59086692945084,95.30741660788772,8733308
2026-04-03 22:06:43.715450,95.30741660788772,95.49821317337283,94.51264208040719,94.7493912568761,6787749
2026-04-03 22:07:43.715451,94.7493912568761,95.31361716835606,94.6321300566599,94.96834210799018,5987696
2026-04-03 22:08:43.715452,94.96834210799018,95.26306310847555,94.78679193139632,94.87108536554173,8954647
2026-04-03 22:09:43.715454,94.87108536554173,95.48041058112774,94.08809987494297,94.4133710284739,7215140
2026-04-03 22:10:43.715455,94.4133710284739,94.71216179502747,93.55871614315876,94.27831986671006,4498472
2026-04-03 22:11:43.715456,94.27831986671006,94.72629361717772,94.215225206908,94.34021349414024,3383366
2026-04-03 22:12:43.715457,94.34021349414024,94.66167810057293,94.27370037086024,94.28705065168317,4395049
2026-04-03 22:13:43.715458,94.28705065168317,94.92641704787204,93.62042212883269,94.32553088094868,9948331
2026-04-03 22:14:43.715459,94.32553088094868,94.56358233238407,93.73328156494006,94.33776196482668,2841648
2026-04-03 22:15:43.715460,94.33776196482668,94.91801529066298,93.61444664463502,94.00742638322885,3735264
2026-04-03 22:16:43.715461,94.00742638322885,94.28263475069778,93.2387844223146,93.57255754334408,9195810
2026-04-03 22:17:43.715462,93.57255754334408,94.78792687939239,93.20560886378513,93.50968878666453,8969693
2026-04-03 22:18:43.715463,93.50968878666453,94.33109755067612,93.31323109417006,94.08513078050305,1549239
2026-04-03 22:19:43.715464,94.08513078050305,94.55750435731257,93.57841765520163,93.93904851880632,1785332
2026-04-03 22:20:43.715465,93.93904851880632,94.50615659685849,92.8046427106761,93.30408927428255,4188729
2026-04-03 22:21:43.715466,93.30408927428255,93.87802430765217,92.58913393465488,93.61446267649504,8996198
2026-04-03 22:22:43.715467,93.61446267649504,93.9829638408204,93.08894758257692,93.66692251539716,6166650
2026-04-03 22:23:43.715468,93.66692251539716,94.0151632580548,93.38718342187761,93.79176173891953,5165100
2026-04-03 22:24:43.715469,93.79176173891953,94.02677574096374,93.45298537137293,93.67244280654332,4743797
2026-04-03 22:25:43.715470,93.67244280654332,94.61802742506138,93.40512680875185,93.95074029659584,4041341
2026-04-03 22:26:43.715471,93.95074029659584,94.4556626739933,93.30329061405398,94.0112667624602,2675843
2026-04-03 22:27:43.715472,94.0112667624602,94.57226277807895,93.82902518858337,94.28338382154674,9715912
2026-04-03 22:28:43.715473,94.28338382154674,94.48330008236675,93.85626321870114,94.38857503644216,7849486
2026-04-03 22:29:43.715475,94.38857503644216,94.77465020980519,94.34037601988703,94.6632047702622,6809041
2026-04-03 22:30:43.715476,94.6632047702622,95.3500399554077,93.01568217564694,94.84695897747429,2132658
2026-04-03 22:31:43.715477,94.84695897747429,95.47478647350486,94.04317008802167,94.57839686939072,6203916
2026-04-03 22:32:43.715478,94.57839686939072,94.7696981372439,94.13719023565865,94.62513254691402,1458298
2026-04-03 22:33:43.715479,94.62513254691402,95.27406316914298,94.2738299525749,94.72047114409483,2730228
2026-04-03 22:34:43.715480,94.72047114409483,95.58731197114429,94.64132362757329,95.27827218495013,9859060
2026-04-03 22:35:43.715481,95.27827218495013,95.55641016933595,95.09088897284096,95.3805887829916,1442061
2026-04-03 22:36:43.715482,95.3805887829916,95.67389268316026,95.0130702572132,95.13115794334351,6371112
2026-04-03 22:37:43.715483,95.13115794334351,95.48947148034863,94.28897217037448,94.92986667902093,4963735
2026-04-03 22:38:43.715485,94.92986667902093,95.24808657540648,94.81991109724272,94.84192408363168,2192929
2026-04-03 22:39:43.715486,94.84192408363168,95.13019445675788,94.59842371816679,94.68677079452915,5068316
2026-04-03 22:40:43.715487,94.68677079452915,95.23443816024947,94.3307946402618,94.93789644927583,4941237
2026-04-03 22:41:43.715488,94.93789644927583,95.50834623771044,94.8772298530331,95.27961234656397,2902897
2026-04-03 22:42:43.715489,95.27961234656397,96.18991594885591,94.62440371739306,95.1494703424722,4434955
2026-04-03 22:43:43.715490,95.1494703424722,96.46491557460654,95.11818982989233,95.71568951505378,5421590
2026-04-03 22:44:43.715491,95.71568951505378,96.76799065629227,94.94160405062999,95.1509429999108,7440010
2026-04-03 22:45:43.715492,95.1509429999108,95.2669323390077,94.6390469323507,94.90672119905908,4722946
2026-04-03 22:46:43.715493,94.90672119905908,95.45214428027336,94.85234425064186,94.90786729363774,8761850
2026-04-03 22:47:43.715494,94.90786729363774,95.40010714945433,94.17270645659671,95.23644886059253,2847865
2026-04-03 22:48:43.715495,95.23644886059253,95.55507243870717,95.00544734853861,95.04071040491874,6750283
2026-04-03 22:49:43.715496,95.04071040491874,96.23610689818257,94.17891754303932,94.9654277231742,9296877
2026-04-03 22:50:43.715498,94.9654277231742,96.71215729680968,94.72144482873075,95.5270039173017,9010643
2026-04-03 22:51:43.715500,95.5270039173017,96.01931069194046,95.46176937029097,95.48552927786173,1797968
2026-04-03 22:52:43.715501,95.48552927786173,96.40109211516942,95.21153857302288,95.64562411999451,8330292
2026-04-03 22:53:43.715502,95.64562411999451,95.94911009334614,94.94867453700981,95.42376668254332,9998604
2026-04-03 22:54:43.715503,95.42376668254332,96.29112290922092,95.2670353547655,96.10608972883453,4151882
2026-04-03 22:55:43.715504,96.10608972883453,96.29461858716324,95.87597707305716,96.1157800924043,3389383
2026-04-03 22:56:43.715505,96.1157800924043,96.32565561042885,95.84223442186796,95.9202953552831,9107317
2026-04-03 22:57:43.715506,95.9202953552831,96.1720327886737,94.74156849323316,95.59312403449314,9411039
2026-04-03 22:58:43.715507,95.59312403449314,96.07484410828845,95.36795052475017,95.70138190356272,8654502
2026-04-03 22:59:43.715508,95.70138190356272,96.90591905458565,95.3947341665313,96.04264619920919,5845710
2026-04-03 23:00:43.715509,96.04264619920919,96.96888109123604,96.01401090660433,96.52264066761124,9715633
2026-04-03 23:01:43.715510,96.52264066761124,96.5932218871465,96.10532870177465,96.35687813996677,1100734
2026-04-03 23:02:43.715511,96.35687813996677,96.81464339678816,96.22477047576496,96.32010480525291,8265406
2026-04-03 23:03:43.715512,96.32010480525291,97.01162142928658,96.22159370890635,96.83271252681561,8551989
2026-04-03 23:04:43.715513,96.83271252681561,97.88027616579663,95.98186954385369,96.73523522975445,7152941
2026-04-03 23:05:43.715514,96.73523522975445,97.36552290512273,96.4577502055929,97.11165580533813,3976031
2026-04-03 23:06:43.715515,97.11165580533813,97.99568748106364,97.09320290188175,97.78236368230732,2390281
2026-04-03 23:07:43.715516,97.78236368230732,98.0120353446484,97.09203927373893,97.81039280413962,2946830
2026-04-03 23:08:43.715517,97.81039280413962,98.24421762739546,97.35416645575488,98.18985313170445,5188891
2026-04-03 23:09:43.715519,98.18985313170445,98.61801990325291,97.67578098896473,98.50746900045844,5790691
2026-04-03 23:10:43.715520,98.50746900045844,99.79717579765105,97.85882511430603,99.03287089345787,5443778
2026-04-03 23:11:43.715521,99.03287089345787,99.91435765852813,98.64812021999151,99.2312480141848,5214279
2026-04-03 23:12:43.715522,99.2312480141848,100.50833188331086,99.1168140873415,99.87133032579787,1388076
2026-04-03 23:13:43.715523,99.87133032579787,99.97117161911716,98.51087638932701,98.930104327283,6540070
2026-04-03 23:14:43.715524,98.930104327283,99.08800832001855,98.2607403973005,98.44497034215534,2378369
2026-04-03 23:15:43.715525,98.44497034215534,98.48957081726722,98.39881665766846,98.48125650842017,5542923
2026-04-03 23:16:43.715526,98.48125650842017,98.71615440877392,98.35227671084495,98.39006926675806,5577033
2026-04-03 23:17:43.715527,98.39006926675806,98.47048707966299,97.3577970682684,97.91846715819698,9361735
2026-04-03 23:18:43.715528,97.91846715819698,98.17338046800958,97.19960424016774,97.61303400118454,9480932
2026-04-03 23:19:43.715529,97.61303400118454,98.37489413963289,96.73883910434438,98.14537491276661,5015470
2026-04-03 23:20:43.715530,98.14537491276661,98.24172906052917,98.08084187008991,98.11596800447866,3843940
2026-04-03 23:21:43.715531,98.11596800447866,98.54671438840836,98.07637007752184,98.18703560168443,8500960
2026-04-03 23:22:43.715532,98.18703560168443,98.71907164726437,97.69707733074628,98.54834232259621,3428081
2026-04-03 23:23:43.715533,98.54834232259621,99.07339001621891,97.33094694825316,97.37564518090879,7681935
2026-04-03 23:24:43.715535,97.37564518090879,97.62172665338147,96.88439332900538,97.17591826956296,1800101
2026-04-03 23:25:43.715536,97.17591826956296,97.44179932592512,96.48807563724925,96.93258900951483,9885366
2026-04-03 23:26:43.715537,96.93258900951483,97.97852887245872,96.46587530019508,97.00680815038562,2276647
2026-04-03 23:27:43.715538,97.00680815038562,97.27461688682953,96.88089048932022,97.17826979377213,4045315
2026-04-03 23:28:43.715539,97.17826979377213,98.01785031983239,96.38459954309408,97.46085911598985,5828761
2026-04-03 23:29:43.715540,97.46085911598985,97.62772563690801,96.44539576584707,96.98444760763404,8324222
2026-04-03 23:30:43.715541,96.98444760763404,97.58993089533637,96.8192830840963,97.46693734591783,1721384
2026-04-03 23:31:43.715542,97.46693734591783,98.549329581338,97.12861332430143,97.9502705723979,3887698
2026-04-03 23:32:43.715543,97.9502705723979,98.60552517036035,97.31861056776347,98.29324902591783,7529845
2026-04-03 23:33:43.715544,98.29324902591783,98.838412972376,97.50177544419532,98.21977969936262,2961977
2026-04-03 23:34:43.715545,98.21977969936262,98.9822410967978,97.0919373453172,97.85162165317006,4037099
2026-04-03 23:35:43.715546,97.85162165317006,98.43309841843886,97.48548067529666,97.63783446847532,9379341
2026-04-03 23:36:43.715547,97.63783446847532,97.97126392894562,96.7541609848809,96.78278068012514,1747419
2026-04-03 23:37:43.715548,96.78278068012514,97.68867126635908,96.04103945614058,97.12691626890329,2654753
2026-04-03 23:38:43.715549,97.12691626890329,97.92058660001516,96.57755537060693,97.07381659808216,4358509
2026-04-03 23:39:43.715550,97.07381659808216,97.44217707176216,96.1321157171092,96.26746364302772,6561112
2026-04-03 23:40:43.715551,96.26746364302772,96.49949075450454,95.15888968009325,95.82850006039567,7428540
2026-04-03 23:41:43.715552,95.82850006039567,96.81034877297698,95.6812496526421,95.81448257424248,5338843
2026-04-03 23:42:43.715553,95.81448257424248,96.92914527822923,95.34037903501049,96.17393913093944,4403096
2026-04-03 23:43:43.715554,96.17393913093944,96.8009879831307,95.92699296689855,96.54017399526273,7048055
2026-04-03 23:44:43.715555,96.54017399526273,96.61274417208645,96.05693456396183,96.27916111243468,2455465
2026-04-03 23:45:43.715558,96.27916111243468,97.87864563776905,96.08031742960996,96.64828955502918,4329049
2026-04-03 23:46:43.715559,96.64828955502918,97.49375755340056,95.45302345405536,96.05039120588512,6494339
2026-04-03 23:47:43.715560,96.05039120588512,96.19204136581511,95.14361616295535,95.74091600785195,5021080
2026-04-03 23:48:43.715561,95.74091600785195,96.76780872018429,94.77741149014854,95.34356080050516,9899691
2026-04-03 23:49:43.715562,95.34356080050516,95.61940265312658,95.28167296161418,95.53089916983828,1863663
2026-04-03 23:50:43.715563,95.53089916983828,95.83803016210696,94.59585363044063,95.22741167444575,4119612
2026-04-03 23:51:43.715564,95.22741167444575,95.63750591022679,94.8984579072528,95.43002873545674,1257681
2026-04-03 23:52:43.715565,95.43002873545674,96.31804594248595,95.15853837747355,96.0521791576255,4105958
2026-04-03 23:53:43.715566,96.0521791576255,97.12172980809898,95.42304835412682,96.73019534848198,9593059
2026-04-03 23:54:43.715567,96.73019534848198,97.07421562310296,95.96240117058632,96.24466950047815,6181057
2026-04-03 23:55:43.715568,96.24466950047815,96.33906990343289,95.91175777729987,96.20126934590299,7941447
2026-04-03 23:56:43.715569,96.20126934590299,97.47378013181417,95.63723973715699,96.45241849003948,7520645
2026-04-03 23:57:43.715570,96.45241849003948,97.17561267447998,95.25267989943922,95.89017856785561,1780641
2026-04-03 23:58:43.715571,95.89017856785561,97.07699741780088,95.26151765219399,96.21299081589301,3883791
2026-04-03 23:59:43.715572,96.21299081589301,97.06529375517407,96.06862612821082,96.46281563804686,6311499
2026-04-04 00:00:43.715573,96.46281563804686,97.14948048127775,95.93597781385837,96.8544916660035,2271300
2026-04-04 00:01:43.715574,96.8544916660035,97.21929324895957,96.39591193562993,96.77785328804005,7127764
2026-04-04 00:02:43.715575,96.77785328804005,97.34681123473332,96.63362902273042,97.01389878802675,4341861
2026-04-04 00:03:43.715576,97.01389878802675,97.6685324213326,96.444189575088,97.33659788881353,9604008
2026-04-04 00:04:43.715577,97.33659788881353,97.68121281943155,96.87770994469552,97.2902686963944,9117654
2026-04-04 00:05:43.715578,97.2902686963944,97.46796985522515,96.07501871484617,96.75329420966085,1726331
2026-04-04 00:06:43.715579,96.75329420966085,96.90085507556655,96.30867582286237,96.85296629432966,4733149
2026-04-04 00:07:43.715580,96.85296629432966,97.02797271197024,96.56558966665251,96.78340125979967,3733460
2026-04-04 00:08:43.715582,96.78340125979967,97.04654537521208,96.4808511921426,96.52299070426545,5057025
2026-04-04 00:09:43.715583,96.52299070426545,97.85443817074712,96.3781385148635,96.66312430419934,6185773
2026-04-04 00:10:43.715584,96.66312430419934,96.69403561841568,95.44596386790816,95.62368665886585,8585159
2026-04-04 00:11:43.715585,95.62368665886585,96.37971505130868,95.2227737017102,95.23996936167062,8904428
2026-04-04 00:12:43.715586,95.23996936167062,95.47164136993267,95.19184944895927,95.22254653878336,9640145
2026-04-04 00:13:43.715587,95.22254653878336,95.24590149152093,94.31886214348629,94.42778478832528,7515350
2026-04-04 00:14:43.715588,94.42778478832528,94.45736757620415,93.83674827446664,94.10195063925032,2250632
2026-04-04 00:15:43.715589,94.10195063925032,94.46413440400022,93.73706220932993,94.00047744344958,1909711
2026-04-04 00:16:43.715592,94.00047744344958,94.00190908019319,93.77324989830774,93.97856400707094,7726451
2026-04-04 00:17:43.715593,93.97856400707094,94.81331115148205,93.77870493540061,94.3648243905087,8134897
2026-04-04 00:18:43.715594,94.3648243905087,94.83163275701285,94.00765611572885,94.24662214615711,1288859
2026-04-04 00:19:43.715595,94.24662214615711,94.43803809064869,93.2565615841289,93.80169348220714,9982913
2026-04-04 00:20:43.715596,93.80169348220714,94.42778640632251,92.98128434992091,94.24681735368948,1660902
2026-04-04 00:21:43.715597,94.24681735368948,95.01079334945497,94.01413582641104,94.56857265935436,2685996
2026-04-04 00:22:43.715598,94.56857265935436,94.58320194335694,93.35848991997568,94.28253323276788,3607411
2026-04-04 00:23:43.715599,94.28253323276788,95.20059999154734,94.02144918522234,95.01551138736998,9985826
2026-04-04 00:24:43.715600,95.01551138736998,96.09696535250764,94.52460269924467,94.6594402881178,3521279
2026-04-04 00:25:43.715603,94.6594402881178,95.33358809016538,94.12895819920499,94.79217007238148,1442939
2026-04-04 00:26:43.715604,94.79217007238148,94.9142187025836,94.40876930064353,94.8351621989823,4923227
2026-04-04 00:27:43.715605,94.8351621989823,95.18704587384038,94.45012877387384,94.5916817164033,2727408
2026-04-04 00:28:43.715606,94.5916817164033,94.98180749121498,94.37413402368676,94.62534536030431,3161088
2026-04-04 00:29:43.715607,94.62534536030431,95.00056152985383,93.77885173630882,94.35809354924545,6795250
2026-04-04 00:30:43.715608,94.35809354924545,94.97086035170915,93.5133908853328,93.97429601609329,6222798
2026-04-04 00:31:43.715609,93.97429601609329,94.26133575361084,92.99947624130847,93.5582679070011,9481209
2026-04-04 00:32:43.715610,93.5582679070011,94.26449590176446,93.09232542581725,93.92685080004927,2257008
2026-04-04 00:33:43.715611,93.92685080004927,94.02610146493033,93.54162921117525,93.59657080030482,8270518
2026-04-04 00:34:43.715612,93.59657080030482,94.90195043694949,93.24754860231566,94.05579088195037,1981883
2026-04-04 00:35:43.715613,94.05579088195037,94.60499898830597,93.96093535352895,94.21446239608117,5264423
2026-04-04 00:36:43.715614,94.21446239608117,95.50045619950072,94.11023594008458,94.9765615134551,1885421
2026-04-04 00:37:43.715615,94.9765615134551,95.33091308441192,94.60814343327493,94.77883708338501,3659083
2026-04-04 00:38:43.715616,94.77883708338501,95.56297735865795,94.20365681238901,95.17578069878336,9281447
2026-04-04 00:39:43.715617,95.17578069878336,95.71104864442381,94.75322512051635,95.13347078546926,3120539
2026-04-04 00:40:43.715618,95.13347078546926,95.17432740028273,94.62456948777573,95.01064020085022,1484814
2026-04-04 00:41:43.715619,95.01064020085022,95.46681557915096,94.66688523476954,95.23138292863527,2599908
2026-04-04 00:42:43.715620,95.23138292863527,95.2687276292893,93.66904357881617,94.52514602426247,1888036
2026-04-04 00:43:43.715621,94.52514602426247,94.81523907151605,94.51587145995376,94.69664665458262,3513024
2026-04-04 00:44:43.715622,94.69664665458262,94.98558713463056,94.49193452358229,94.60783792141757,6627745
2026-04-04 00:45:43.715623,94.60783792141757,95.3977681948772,94.29068614290333,94.47712329682749,8288538
2026-04-04 00:46:43.715624,94.47712329682749,95.15964316177386,94.41381551492924,94.87039144761964,1516409
2026-04-04 00:47:43.715625,94.87039144761964,95.24270949866309,94.48054959524089,94.78779495943793,5476321
2026-04-04 00:48:43.715626,94.78779495943793,95.63734729376084,94.73752808700341,95.26389701296794,9805586
2026-04-04 00:49:43.715627,95.26389701296794,96.2156416865975,94.26642655393547,95.82411133094564,5742297
2026-04-04 00:50:43.715628,95.82411133094564,96.80979461999046,95.26519392067195,96.44767913237091,3165251
2026-04-04 00:51:43.715629,96.44767913237091,96.70697374942242,96.08257173989335,96.22857201522804,9874883
2026-04-04 00:52:43.715630,96.22857201522804,97.2741000963559,96.08117223491831,97.10956751629557,8711634
2026-04-04 00:53:43.715631,97.10956751629557,97.67667199633061,96.79431801884472,97.13470789635767,3790373
2026-04-04 00:54:43.715632,97.13470789635767,97.76926828334909,96.67084223597567,97.11002947652423,5855920
2026-04-04 00:55:43.715633,97.11002947652423,97.15017509572085,96.92044620384017,96.9794812548756,3444026
2026-04-04 00:56:43.715634,96.9794812548756,97.76719825861528,96.55323176067061,97.33783339435716,4584197
2026-04-04 00:57:43.715635,97.33783339435716,97.50798585830324,97.0270114330308,97.15411961176741,5835451
2026-04-04 00:58:43.715636,97.15411961176741,98.61906806376003,96.91665093578558,97.86392869074362,6289730
2026-04-04 00:59:43.715637,97.86392869074362,97.93286709884975,96.47227478336927,97.33291154507506,8948140
2026-04-04 01:00:43.715638,97.33291154507506,97.96601432305317,96.48055462931997,97.16077969807456,7814612
2026-04-04 01:01:43.715639,97.16077969807456,97.70070847220241,96.03723232539768,96.06203753925844,6913318
2026-04-04 01:02:43.715641,96.06203753925844,96.24821903327152,95.83901974744165,96.17802753468153,2711672
2026-04-04 01:03:43.715642,96.17802753468153,96.34801397798837,96.03485913814787,96.09323818815626,7423959
2026-04-04 01:04:43.715643,96.09323818815626,96.52203304587493,95.46305886118762,95.63281784976897,1486799
2026-04-04 01:05:43.715644,95.63281784976897,96.34656791987767,95.46825498429881,95.597849149866,1566088
2026-04-04 01:06:43.715645,95.597849149866,96.02041334208077,94.31968479629052,94.66846419674293,9503967
2026-04-04 01:07:43.715646,94.66846419674293,94.70017373831851,94.34892319348945,94.59294424175154,7342057
2026-04-04 01:08:43.715647,94.59294424175154,95.45516820282423,94.39981138491662,94.86022532685874,2863236
2026-04-04 01:09:43.715648,94.86022532685874,95.02696742910626,94.21679704855427,94.88769225547337,1450930
2026-04-04 01:10:43.715650,94.88769225547337,95.44028940259122,94.017646836311,94.36424272559675,1688725
2026-04-04 01:11:43.715651,94.36424272559675,94.84352900905694,94.04095067357397,94.0699617791627,4284321
2026-04-04 01:12:43.715652,94.0699617791627,94.69242756163669,93.04754435061241,94.59319073029796,6451973
2026-04-04 01:13:43.715653,94.59319073029796,95.53498430458387,94.4902113875799,95.01461511872454,1538645
2026-04-04 01:14:43.715654,95.01461511872454,95.96951641376404,94.07081547889952,94.91070997340805,7550091
2026-04-04 01:15:43.715655,94.91070997340805,95.57376873220133,94.4080076378331,94.43492779491591,7439522
2026-04-04 01:16:43.715656,94.43492779491591,94.7194022537734,93.77925610561329,94.11290220745173,9976766
2026-04-04 01:17:43.715657,94.11290220745173,94.28118749217555,93.57597817561647,93.96938999118021,7285939
2026-04-04 01:18:43.715658,93.96938999118021,94.70385042484543,93.51460110054067,93.92935074054095,1443945
2026-04-04 01:19:43.715659,93.92935074054095,94.06965907411414,93.54673026004323,93.89969501162527,8690840
2026-04-04 01:20:43.715660,93.89969501162527,94.31153212566072,93.58528963734967,93.83267288496334,2228807
2026-04-04 01:21:43.715661,93.83267288496334,94.0027778283834,92.9600085679059,93.60043300526868,8601748
2026-04-04 01:22:43.715662,93.60043300526868,93.85108440995175,93.11516163906506,93.13782614083661,3519507
2026-04-04 01:23:43.715663,93.13782614083661,93.68277135398708,92.61689727539536,93.50507491345779,4802986
2026-04-04 01:24:43.715664,93.50507491345779,93.69379081242852,93.02390766526969,93.4702855664836,8379933
2026-04-04 01:25:43.715665,93.4702855664836,93.66155593428833,92.8102822734959,93.65021514764751,1578688
2026-04-04 01:26:43.715666,93.65021514764751,93.85077040666133,93.14959451595469,93.23683821374898,9921334
2026-04-04 01:27:43.715667,93.23683821374898,93.81764282227,93.10767593956099,93.53543598328736,9677571
2026-04-04 01:28:43.715668,93.53543598328736,93.81437845463586,93.14877148649325,93.27514743680574,8435697
2026-04-04 01:29:43.715669,93.27514743680574,93.44513394524621,92.93369484178804,93.31602700218228,7703560
2026-04-04 01:30:43.715670,93.31602700218228,93.78433121654723,92.84977243172142,93.7736091128713,5623636
2026-04-04 01:31:43.715671,93.7736091128713,93.88784060698572,93.29702754189347,93.51167942370049,6785267
2026-04-04 01:32:43.715672,93.51167942370049,93.79625361942045,92.76145417357769,93.29422514333343,4489429
2026-04-04 01:33:43.715673,93.29422514333343,94.29253219324978,93.11582726464259,94.09055222859027,1294746
2026-04-04 01:34:43.715674,94.09055222859027,94.62830789244626,93.52851447872506,94.25596557074348,9512558
2026-04-04 01:35:43.715675,94.25596557074348,94.44545151688502,93.52608313603723,93.77188958335928,5740039
2026-04-04 01:36:43.715676,93.77188958335928,94.0504749657338,93.45038011337519,93.60763134373094,5307086
2026-04-04 01:37:43.715677,93.60763134373094,93.95666736435237,93.52358021753169,93.71586078188561,1475595
2026-04-04 01:38:43.715678,93.71586078188561,94.12159197660297,93.53811463209574,93.77156144717215,3562605
2026-04-04 01:39:43.715679,93.77156144717215,93.83758995443043,92.82339568184743,93.33702823131543,7417954
2026-04-04 01:40:43.715681,93.33702823131543,93.99585202069407,93.26122784085898,93.28425827998097,1463001
2026-04-04 01:41:43.715682,93.28425827998097,93.46534291713753,92.93346309114791,93.25819736362949,1515693
2026-04-04 01:42:43.715684,93.25819736362949,93.89843729025472,92.82201072814523,93.61041326780456,6453174
2026-04-04 01:43:43.715685,93.61041326780456,94.38820420983335,92.63158304792113,94.02316781311822,3409381
2026-04-04 01:44:43.715686,94.02316781311822,94.12594487218173,93.86636857850331,93.90667350904972,3078808
2026-04-04 01:45:43.715687,93.90667350904972,94.2145044671391,93.03363292828118,93.74975147655728,9552442
2026-04-04 01:46:43.715688,93.74975147655728,94.40844146896373,93.32672014993335,93.98591102304238,8457918
2026-04-04 01:47:43.715689,93.98591102304238,94.67296601130704,93.93200511328159,94.09025001591745,1575919
2026-04-04 01:48:43.715690,94.09025001591745,94.63685711581984,93.59305827001656,94.02904893619626,1460796
2026-04-04 01:49:43.715691,94.02904893619626,94.65074014250807,93.97736224210388,94.12344991195602,5174482
2026-04-04 01:50:43.715692,94.12344991195602,95.51858170417457,93.548449496419,94.98993685545722,3770742
2026-04-04 01:51:43.715693,94.98993685545722,95.77474426147211,94.5894371512439,95.65705619519923,9659522
2026-04-04 01:52:43.715694,95.65705619519923,95.99729811202765,95.63620178688474,95.73332048080285,6547094
2026-04-04 01:53:43.715695,95.73332048080285,96.41575953529977,95.50856153460016,96.36460016276496,5854042
2026-04-04 01:54:43.715696,96.36460016276496,97.3609401323034,95.99289500279757,96.2103464261915,8010131
2026-04-04 01:55:43.715697,96.2103464261915,96.30893078110589,95.67345355262862,95.6767392138119,2369277
2026-04-04 01:56:43.715698,95.6767392138119,96.04769968421556,94.41573527493267,95.55492033576122,5075837
2026-04-04 01:57:43.715699,95.55492033576122,95.83240121232761,94.57892097665534,94.98436794691644,8732752
2026-04-04 01:58:43.715701,94.98436794691644,96.01125307722418,94.9415391672495,94.95034961292754,9095213
2026-04-04 01:59:43.715702,94.95034961292754,95.64313918488389,94.6403857289194,95.45265774972306,1192512
2026-04-04 02:00:43.715703,95.45265774972306,95.81933613758166,94.88855981757648,95.65277012152261,4345647
2026-04-04 02:01:43.715704,95.65277012152261,96.26349822408402,95.4520592727176,95.93355236150276,2520982
2026-04-04 02:02:43.715705,95.93355236150276,96.2097353611484,95.31488431638732,95.83063135577551,9012369
2026-04-04 02:03:43.715706,95.83063135577551,96.52281102125875,94.77692652049508,95.97954997853597,9090736
2026-04-04 02:04:43.715707,95.97954997853597,96.29148475449759,95.73007993394536,95.81087469215561,9241353
2026-04-04 02:05:43.715708,95.81087469215561,96.00108596298766,95.8018446978458,95.95378644003402,9494630
2026-04-04 02:06:43.715709,95.95378644003402,96.12722460030876,95.2426491107453,95.79043928987826,1684029
2026-04-04 02:07:43.715710,95.79043928987826,96.2388421203656,95.74116610364634,95.83826019740592,4999694
2026-04-04 02:08:43.715711,95.83826019740592,96.33071318517825,95.2057365747413,95.81208712435584,5201765
2026-04-04 02:09:43.715712,95.81208712435584,96.12166906092031,94.69823078706185,95.54635319494233,5688482
2026-04-04 02:10:43.715713,95.54635319494233,95.9559573633171,94.87289770093956,95.89292770870303,7129439
2026-04-04 02:11:43.715714,95.89292770870303,97.00759596392926,95.56056913713898,96.13311725181188,1719407
2026-04-04 02:12:43.715715,96.13311725181188,96.16912431687516,95.65789990224411,95.93459357822138,7725275
2026-04-04 02:13:43.715716,95.93459357822138,96.39719222927779,94.79913705532442,95.00346891812129,9634012
2026-04-04 02:14:43.715717,95.00346891812129,95.7286453772121,94.59233514338082,95.49074551908477,2333572
2026-04-04 02:15:43.715718,95.49074551908477,95.70618936373859,94.93780117772687,95.57626625477641,5701669
2026-04-04 02:16:43.715719,95.57626625477641,95.7789171112463,95.03227317869144,95.25795802185337,7652346
2026-04-04 02:17:43.715720,95.25795802185337,96.10028187471282,94.56687427123114,95.2585311251197,4033349
2026-04-04 02:18:43.715721,95.2585311251197,95.42760896138333,94.57583823678812,94.62004191532054,8236694
2026-04-04 02:19:43.715722,94.62004191532054,94.70291573159508,94.5461494235539,94.69613394570483,7049850
2026-04-04 02:20:43.715723,94.69613394570483,95.39985738924781,93.95112767761204,94.20026757332809,8736484
2026-04-04 02:21:43.715724,94.20026757332809,94.7975140136056,93.3702052386273,93.42781706963494,4494708
2026-04-04 02:22:43.715725,93.42781706963494,93.68132121208511,92.45148691402213,92.81708587478025,7898046
2026-04-04 02:23:43.715726,92.81708587478025,92.84544873859495,92.3153736865167,92.5439349360333,6066112
2026-04-04 02:24:43.715727,92.5439349360333,93.05670446739799,92.4002686425804,92.49520900474624,5889084
2026-04-04 02:25:43.715728,92.49520900474624,93.58653466215054,92.07922800225221,93.45016201742258,3181906
2026-04-04 02:26:43.715729,93.45016201742258,93.49966647179859,91.98787003027394,93.22040380329132,6099154
2026-04-04 02:27:43.715730,93.22040380329132,93.99620276618884,91.86833723859482,92.59143300907066,9152885
2026-04-04 02:28:43.715731,92.59143300907066,92.72111721317653,92.15596500777013,92.46363099685868,9978989
2026-04-04 02:29:43.715732,92.46363099685868,93.12197863619339,92.4502812258086,92.70048585636167,4070771
2026-04-04 02:30:43.715733,92.70048585636167,93.28538953750555,91.6933070132841,92.1104440353321,1341207
2026-04-04 02:31:43.715734,92.1104440353321,92.45221199466071,91.77266061299424,91.85874138467099,2162189
2026-04-04 02:32:43.715735,91.85874138467099,93.16726034151709,91.27050810761432,92.62607199243841,6393455
2026-04-04 02:33:43.715736,92.62607199243841,93.50234047978054,92.18003623802039,92.85945284189515,3801445
2026-04-04 02:34:43.715737,92.85945284189515,93.48393281792485,91.81954627592442,93.0825828867087,6910184
2026-04-04 02:35:43.715738,93.0825828867087,93.65691068870262,92.84378630598786,93.21269392307732,8089478
2026-04-04 02:36:43.715739,93.21269392307732,93.37883233120868,92.7881390920768,93.07378107276892,8557260
2026-04-04 02:37:43.715740,93.07378107276892,93.51624707240667,92.52350382983832,93.1914270227879,3108542
2026-04-04 02:38:43.715741,93.1914270227879,93.33732697564716,92.31608157426813,93.03224699707646,6553535
2026-04-04 02:39:43.715742,93.03224699707646,94.01347884985357,92.44397203449941,92.80805819456414,9607009
2026-04-04 02:40:43.715743,92.80805819456414,92.9640500002515,92.23175144996753,92.45060889518085,8290213
2026-04-04 02:41:43.715744,92.45060889518085,92.6745061072582,92.12260694248747,92.59979456830158,1751518
2026-04-04 02:42:43.715745,92.59979456830158,93.16606852423925,92.5280646367835,92.87356080436385,6081820
2026-04-04 02:43:43.715747,92.87356080436385,93.2295101054685,92.31509940551966,93.14934513988038,3250397
2026-04-04 02:44:43.715748,93.14934513988038,93.70969091560308,92.2268949147355,92.62270551721357,9333648
2026-04-04 02:45:43.715749,92.62270551721357,92.85100797947504,92.11798793743937,92.78754905529419,5808163
2026-04-04 02:46:43.715750,92.78754905529419,93.11685775667637,92.4130944176486,92.88852096599274,4898190
2026-04-04 02:47:43.715751,92.88852096599274,93.42524267490691,92.50635090618154,92.53654937408591,9197590
2026-04-04 02:48:43.715752,92.53654937408591,92.68656260394361,91.7173349908643,92.16169010968257,1441904
2026-04-04 02:49:43.715753,92.16169010968257,92.47317253471279,92.15740444310907,92.47307679506238,1837393
2026-04-04 02:50:43.715754,92.47307679506238,92.54483159519422,91.92956875103023,92.3103944825218,6153435
2026-04-04 02:51:43.715755,92.3103944825218,92.93158386186364,91.54019755592684,91.91671501199362,4641771
2026-04-04 02:52:43.715756,91.91671501199362,92.46319337066656,91.1545530182942,91.23886378247643,7985945
2026-04-04 02:53:43.715758,91.23886378247643,91.80374557890245,91.051607034441,91.41868983674567,2396436
2026-04-04 02:54:43.715759,91.41868983674567,91.55896089477575,90.93627934487914,91.52767187214974,3464722
2026-04-04 02:55:43.715760,91.52767187214974,93.0546543916654,91.5138641601344,91.93978598330904,3870574
2026-04-04 02:56:43.715761,91.93978598330904,92.62679777498835,91.83869030450519,92.33556408865418,8451747
2026-04-04 02:57:43.715762,92.33556408865418,92.62282332678038,91.38712681379698,91.91048030802658,1118581
2026-04-04 02:58:43.715763,91.91048030802658,92.72112799047423,91.19644673568986,92.22685786704743,5809479
2026-04-04 02:59:43.715764,92.22685786704743,92.95901904682022,91.70788129754317,92.55655395728691,2294315
2026-04-04 03:00:43.715765,92.55655395728691,93.46578097337165,91.97335093551983,92.34652026190685,1164074
2026-04-04 03:01:43.715766,92.34652026190685,93.18457948398061,92.29156558367583,92.37910385263238,3338377
2026-04-04 03:02:43.715767,92.37910385263238,92.90280819567371,91.62581144372557,91.72580903035244,9357998
2026-04-04 03:03:43.715768,91.72580903035244,91.8427135028138,90.52524176817136,90.72647941529416,8563493
2026-04-04 03:04:43.715769,90.72647941529416,90.87551349334342,89.959286745381,90.15852274420278,8133131
2026-04-04 03:05:43.715771,90.15852274420278,90.26567395073036,89.88332670911088,89.96980332874884,9220038
2026-04-04 03:06:43.715773,89.96980332874884,90.57085970157374,88.99742753838908,90.23598065843309,3772605
2026-04-04 03:07:43.715774,90.23598065843309,91.19125075446426,89.88121216603183,90.34097869171396,7472652
2026-04-04 03:08:43.715775,90.34097869171396,90.59967226071366,90.24015714106443,90.48929649443212,5371047
2026-04-04 03:09:43.715776,90.48929649443212,91.28790350948768,90.12869537943091,90.94996333880538,4198156
2026-04-04 03:10:43.715777,90.94996333880538,90.96868515088475,90.49843288138635,90.74211667658415,6954075
2026-04-04 03:11:43.715778,90.74211667658415,91.11191670473015,90.34910034266177,90.81111349102886,1764265
2026-04-04 03:12:43.715779,90.81111349102886,91.20375563269567,90.30602383244948,90.71580938518584,9987114
2026-04-04 03:13:43.715780,90.71580938518584,90.86275761853021,90.52691119999196,90.79402053890773,6318331
2026-04-04 03:14:43.715781,90.79402053890773,91.03526903763402,90.58991148135362,90.86123188328682,6234259
2026-04-04 03:15:43.715782,90.86123188328682,91.45245997773807,90.79044122772976,90.95716179607138,4877809
2026-04-04 03:16:43.715783,90.95716179607138,91.52665045725213,90.37005232714539,90.66682941371216,3664749
2026-04-04 03:17:43.715784,90.66682941371216,91.3675326777686,90.54594680747483,90.72161422051299,2203920
2026-04-04 03:18:43.715785,90.72161422051299,91.14024112214494,90.69985852151402,90.97144630932088,8427210
2026-04-04 03:19:43.715786,90.97144630932088,91.45928807505256,90.37241805880474,91.08473327081379,3897706
2026-04-04 03:20:43.715787,91.08473327081379,91.65097241275424,90.61995923145768,91.05771389584908,6168554
2026-04-04 03:21:43.715788,91.05771389584908,91.49676091275967,90.50994137458305,91.39067646629668,7450219
2026-04-04 03:22:43.715789,91.39067646629668,91.66691178934599,90.443620510493,90.8443955792247,8083610
2026-04-04 03:23:43.715790,90.8443955792247,91.097524539498,89.97518280765142,90.63538813637257,1479083
2026-04-04 03:24:43.715791,90.63538813637257,90.92883915081393,90.19804267962385,90.53491948071355,5584946
2026-04-04 03:25:43.715792,90.53491948071355,91.84836554563378,89.56347734512885,90.4683268544293,8873491
2026-04-04 03:26:43.715793,90.4683268544293,90.65945979085708,89.218664847378,89.77738906237704,7620241
2026-04-04 03:27:43.715794,89.77738906237704,90.09613520682676,88.85106738844345,89.11739897447441,2161068
2026-04-04 03:28:43.715795,89.11739897447441,89.44984613757008,88.43278832609802,88.91535689847223,8272003
2026-04-04 03:29:43.715796,88.91535689847223,90.06314282851511,88.21993139256858,89.18182988854969,5610146
2026-04-04 03:30:43.715797,89.18182988854969,89.25912441536099,88.6943992213157,89.08601076860114,9303143
2026-04-04 03:31:43.715798,89.08601076860114,89.38088348968198,88.77424253913645,89.01412580581456,7210958
2026-04-04 03:32:43.715799,89.01412580581456,89.36693074861488,88.45714042622579,88.78836586319099,7698541
2026-04-04 03:33:43.715800,88.78836586319099,88.7933120690723,87.84640510449114,88.1592121900337,6596526
2026-04-04 03:34:43.715801,88.1592121900337,88.58137476723095,87.58872984878754,88.04526536746613,3444291
2026-04-04 03:35:43.715802,88.04526536746613,88.29303766043886,87.58191441772578,88.24473663732044,6250295
2026-04-04 03:36:43.715803,88.24473663732044,88.53866488234178,87.41296087303596,88.1486622818557,3522620
2026-04-04 03:37:43.715804,88.1486622818557,89.29297664126932,88.1336098322794,88.99231251850917,2812105
2026-04-04 03:38:43.715806,88.99231251850917,89.36576211565125,88.49974433457528,89.29319972555263,1045475
2026-04-04 03:39:43.715807,89.29319972555263,89.40558891587366,88.50781806027686,89.01235050939081,7483485
2026-04-04 03:40:43.715808,89.01235050939081,89.54750984620426,88.80750487324892,89.28873180198512,9615797
2026-04-04 03:41:43.715809,89.28873180198512,89.60363762737782,88.53261641784022,88.86636563189255,4410580
2026-04-04 03:42:43.715810,88.86636563189255,89.66592473027202,88.2866793945495,88.34554280784222,7007509
2026-04-04 03:43:43.715811,88.34554280784222,89.04721161811322,87.33828868203626,87.6859348515609,5445818
2026-04-04 03:44:43.715812,87.6859348515609,88.1625360178304,86.67352018045226,87.74304665349445,9147047
2026-04-04 03:45:43.715813,87.74304665349445,87.92633301477916,87.32867738265406,87.74204690306676,5784808
2026-04-04 03:46:43.715814,87.74204690306676,88.27824373227708,86.77106700757415,87.2326178623004,8432300
2026-04-04 03:47:43.715815,87.2326178623004,88.68559264489026,87.19995974177716,87.63776293638064,5507167
2026-04-04 03:48:43.715816,87.63776293638064,87.7691542695183,87.26544773558149,87.47807530899773,1692924
2026-04-04 03:49:43.715817,87.47807530899773,87.86799512448624,86.19942769476363,87.84431211113761,8181479
2026-04-04 03:50:43.715818,87.84431211113761,88.42243188396179,87.73980217494767,88.40477904210428,9271330
2026-04-04 03:51:43.715819,88.40477904210428,88.76617084926568,88.27086545512886,88.57991160625633,1842840
2026-04-04 03:52:43.715820,88.57991160625633,89.0281679838618,87.95744421387309,88.12336906846159,3487111
2026-04-04 03:53:43.715821,88.12336906846159,88.8559819145053,87.27090501476702,88.36485945544958,4432207
2026-04-04 03:54:43.715822,88.36485945544958,88.66620991852778,87.80188381584568,87.97445220019273,2135627
2026-04-04 03:55:43.715823,87.97445220019273,88.42724417290675,87.19466127096082,87.78840510610394,1853392
2026-04-04 03:56:43.715824,87.78840510610394,88.30090909234342,87.16005169659987,88.21911697285792,2657888
2026-04-04 03:57:43.715826,88.21911697285792,89.19350702832638,87.92912655081342,88.3920808026927,2824964
2026-04-04 03:58:43.715827,88.3920808026927,88.94456157722686,87.89221851680735,88.13856347834478,2568146
2026-04-04 03:59:43.715828,88.13856347834478,88.49616264015084,88.06448589524341,88.30873922121904,3871656
2026-04-04 04:00:43.715829,88.30873922121904,88.74044031127299,88.20700723828314,88.40516578222697,7139353
2026-04-04 04:01:43.715830,88.40516578222697,88.4477155317083,87.45688681428189,88.0928686890268,1059778
2026-04-04 04:02:43.715831,88.0928686890268,88.14926649511465,87.01060937620925,87.42519993503072,9910762
2026-04-04 04:03:43.715832,87.42519993503072,87.47618191082329,86.67765932845408,86.99217419713555,3082963
2026-04-04 04:04:43.715833,86.99217419713555,88.0769524123595,86.47460929939575,87.53086622970588,3716207
2026-04-04 04:05:43.715834,87.53086622970588,88.62461612945634,87.4567092785524,87.90040551974819,9669441
2026-04-04 04:06:43.715835,87.90040551974819,88.30879483577424,87.72869387032571,88.15866538196745,9249953
2026-04-04 04:07:43.715836,88.15866538196745,88.22128263576685,87.44905295120462,87.66861085200713,4843139
2026-04-04 04:08:43.715837,87.66861085200713,88.02051016660842,87.35195712114319,87.99104117156081,1264237
2026-04-04 04:09:43.715838,87.99104117156081,88.3713345231065,87.5596449518876,87.62138644807881,3088062
2026-04-04 04:10:43.715853,87.62138644807881,87.89704637433158,86.385955158329,87.7666570023342,1723858
2026-04-04 04:11:43.715854,87.7666570023342,88.67675953890986,87.20040052039717,87.98683725667233,8081905
2026-04-04 04:12:43.715855,87.98683725667233,88.4012413542372,87.67949710679076,88.15091842292325,7296495
2026-04-04 04:13:43.715856,88.15091842292325,88.57982348659807,87.09116994991426,87.9164606173199,3150205
2026-04-04 04:14:43.715857,87.9164606173199,88.02169859903454,87.51205267814291,87.73124265646194,9825150
2026-04-04 04:15:43.715858,87.73124265646194,88.11660456521436,87.18833434496204,87.90464495039889,3980672
2026-04-04 04:16:43.715859,87.90464495039889,88.5506557142133,87.46074339401639,87.72288245825094,7766886
2026-04-04 04:17:43.715860,87.72288245825094,88.07831146099353,87.35883413981105,87.47677103339689,6241684
2026-04-04 04:18:43.715861,87.47677103339689,87.96840809217525,87.47582346173203,87.57677879905836,4800315
2026-04-04 04:19:43.715862,87.57677879905836,88.13445602278627,86.96521768198697,87.96010334016361,1344126
2026-04-04 04:20:43.715863,87.96010334016361,87.98007521727422,87.77622721270816,87.78737112619048,7393404
2026-04-04 04:21:43.715864,87.78737112619048,88.21705695166564,86.66955190299068,87.10792834187312,2315823
2026-04-04 04:22:43.715865,87.10792834187312,87.82766545274768,87.01693170355472,87.40906791272424,5969411
2026-04-04 04:23:43.715866,87.40906791272424,88.29199094186504,87.0483260873702,87.8155256225189,2707542
2026-04-04 04:24:43.715867,87.8155256225189,87.88381204042554,87.62859261352457,87.6771141831183,6224237
2026-04-04 04:25:43.715868,87.6771141831183,87.84882823159042,87.53337653072818,87.7937577270478,8421289
2026-04-04 04:26:43.715870,87.7937577270478,88.27313174876699,87.28661386094977,87.49428056013926,9882600
2026-04-04 04:27:43.715871,87.49428056013926,88.32385489486265,87.28311841300693,87.91863723558487,4891151
2026-04-04 04:28:43.715872,87.91863723558487,89.18700874875019,87.71043180186325,88.68554148253412,9551795
2026-04-04 04:29:43.715873,88.68554148253412,88.73525192209412,87.53861726823298,88.30895356694485,6182101
2026-04-04 04:30:43.715875,88.30895356694485,89.09609751900848,87.7153146572937,87.96716822607618,2725049
2026-04-04 04:31:43.715876,87.96716822607618,88.159779984637,87.83148643934148,88.06422279524232,5109545
2026-04-04 04:32:43.715877,88.06422279524232,88.31290471390368,87.15057055888587,87.59792584977198,8355566
2026-04-04 04:33:43.715878,87.59792584977198,88.54259319907523,87.25144552416207,88.37417497823702,8337895
2026-04-04 04:34:43.715880,88.37417497823702,88.98347523575816,87.92557525315887,88.41006144791244,6386159
2026-04-04 04:35:43.715881,88.41006144791244,88.428716587234,87.54972808456894,88.40345757989297,6450652
2026-04-04 04:36:43.715882,88.40345757989297,88.57929446678735,88.2673330399431,88.39628617979523,6116934
2026-04-04 04:37:43.715883,88.39628617979523,88.85050810675816,88.15290854632227,88.29427968972594,6890298
2026-04-04 04:38:43.715884,88.29427968972594,89.43275050098917,87.81024935090213,89.00619873947362,4641141
2026-04-04 04:39:43.715885,89.00619873947362,89.90035231146051,88.94744533709229,89.34440759468636,5620792
2026-04-04 04:40:43.715886,89.34440759468636,89.46721092804538,89.16895243855342,89.28783192339458,2229458
2026-04-04 04:41:43.715887,89.28783192339458,89.32806713702331,88.25132700382638,88.70522524648771,7360756
2026-04-04 04:42:43.715888,88.70522524648771,89.00373910647986,88.35915169697616,88.37092122101544,9743662
2026-04-04 04:43:43.715889,88.37092122101544,88.63899454078279,88.07722533270045,88.17037013946403,3014017
2026-04-04 04:44:43.715890,88.17037013946403,88.21163934334487,87.59826138557281,87.90793237294226,1350067
2026-04-04 04:45:43.715891,87.90793237294226,88.60869414873981,87.81860205536505,88.35184098152834,2375645
2026-04-04 04:46:43.715892,88.35184098152834,89.28401279851781,88.10964460942725,88.22810583431689,1245144
2026-04-04 04:47:43.715893,88.22810583431689,89.4135250465192,87.2534712977979,88.77636121737906,7622575
2026-04-04 04:48:43.715894,88.77636121737906,89.4774291798578,88.59447496744134,88.85082687324648,1282140
2026-04-04 04:49:43.715896,88.85082687324648,89.39791195615226,87.94592272657533,88.52464559910412,1558981
2026-04-04 04:50:43.715897,88.52464559910412,88.77673498430052,87.77220497851434,88.63876490271312,5391401
2026-04-04 04:51:43.715898,88.63876490271312,89.49229834645259,88.46240609156979,89.03265661570123,6433001
2026-04-04 04:52:43.715899,89.03265661570123,89.70281236682118,88.1738753910627,88.73081034506399,1295866
2026-04-04 04:53:43.715900,88.73081034506399,89.09768680027913,88.43994901279072,88.92029821738002,2805518
2026-04-04 04:54:43.715901,88.92029821738002,89.02719147611694,87.75546565736516,88.56058786594727,7298941
2026-04-04 04:55:43.715902,88.56058786594727,88.97089150850846,87.39575504983817,87.87844977427966,1184514
2026-04-04 04:56:43.715903,87.87844977427966,88.36400489348723,87.09833207263254,87.4557641730062,5783725
2026-04-04 04:57:43.715904,87.4557641730062,88.123020921154,86.9239506233128,87.19332340983127,8785446
2026-04-04 04:58:43.715905,87.19332340983127,87.76370543665686,86.86471718572594,87.18700650148209,8576126
2026-04-04 04:59:43.715906,87.18700650148209,87.83946087853778,87.09803508341305,87.43055166211812,1464462
2026-04-04 05:00:43.715907,87.43055166211812,87.58914592978125,87.1336625245486,87.47392168667089,7010554
2026-04-04 05:01:43.715908,87.47392168667089,87.66613624370595,86.65740346657086,87.37072171052144,6140709
2026-04-04 05:02:43.715909,87.37072171052144,87.81808492405942,86.30066635834204,87.55980604962492,5446460
2026-04-04 05:03:43.715910,87.55980604962492,87.68935884737868,86.63709842027436,87.11596503079711,9503197
2026-04-04 05:04:43.715911,87.11596503079711,87.41733449890043,86.08628900044259,86.66473417606821,6077198
2026-04-04 05:05:43.715913,86.66473417606821,87.64589882574501,86.00280172216226,86.88505941210019,7886940
2026-04-04 05:06:43.715914,86.88505941210019,87.75981283078097,86.29683958448415,87.54439080963722,6253974
2026-04-04 05:07:43.715915,87.54439080963722,87.63477206994263,87.18064296114174,87.42564520070933,2433284
2026-04-04 05:08:43.715916,87.42564520070933,88.01917392603717,86.07485000575922,86.56866167284963,1985257
2026-04-04 05:09:43.715917,86.56866167284963,86.85598867249335,86.51518487939144,86.5995000245133,8040906
2026-04-04 05:10:43.715919,86.5995000245133,87.13651050400595,86.3746041598147,86.9821444007374,8831038
2026-04-04 05:11:43.715920,86.9821444007374,87.15948230255948,86.65659366087642,87.11803305711622,8304000
2026-04-04 05:12:43.715921,87.11803305711622,87.28072305206797,86.5490138937313,86.72146130335311,7139996
2026-04-04 05:13:43.715922,86.72146130335311,87.50451790769156,86.54771081983917,87.43060733801936,7565792
2026-04-04 05:14:43.715923,87.43060733801936,87.96509764512757,87.0020831880515,87.74583552655774,6786572
2026-04-04 05:15:43.715924,87.74583552655774,89.03284651934499,87.28915822330765,88.83535691614941,2858997
2026-04-04 05:16:43.715925,88.83535691614941,89.32968377702835,87.87596651165025,88.23217542157052,6919359
2026-04-04 05:17:43.715926,88.23217542157052,88.58955131249486,87.72476948528197,88.20011257138006,2264134
2026-04-04 05:18:43.715927,88.20011257138006,88.85136743902125,87.93409754967246,88.62827431483534,7600430
2026-04-04 05:19:43.715928,88.62827431483534,88.88625661741152,88.35139987712977,88.4208820451282,3621158
2026-04-04 05:20:43.715929,88.4208820451282,89.43590340524148,88.27727222014492,88.98837522864194,5706797
2026-04-04 05:21:43.715930,88.98837522864194,89.28048972479391,88.2993300973158,89.20164699231583,5197079
2026-04-04 05:22:43.715931,89.20164699231583,89.30935684189639,89.01155641931173,89.03905354880546,5401207
2026-04-04 05:23:43.715932,89.03905354880546,89.390644782114,88.49683971369598,89.14847443826233,5109404
2026-04-04 05:24:43.715933,89.14847443826233,89.4070690456949,88.35565496322018,88.96473189294903,1278495
2026-04-04 05:25:43.715934,88.96473189294903,89.34330761518747,87.97906110753422,88.64414544090816,2845700
2026-04-04 05:26:43.715936,88.64414544090816,89.09091279698971,88.33870012233211,88.39016009599978,2461312
2026-04-04 05:27:43.715937,88.39016009599978,88.7947175610352,88.10454004245834,88.34729201803515,3873524
2026-04-04 05:28:43.715938,88.34729201803515,89.09027014360588,87.53778475673533,88.94740159696583,1597904
2026-04-04 05:29:43.715939,88.94740159696583,89.47733581044251,88.09009426165326,89.30150235866505,2135270
2026-04-04 05:30:43.715940,89.30150235866505,89.47581199647966,88.36123129055096,89.31858645031598,5230987
2026-04-04 05:31:43.715941,89.31858645031598,89.50814224124277,88.71328056110563,89.1751298115957,2802466
2026-04-04 05:32:43.715942,89.1751298115957,89.6784970853533,88.98167290558672,89.36180551289614,5098535
2026-04-04 05:33:43.715943,89.36180551289614,90.21259093083322,87.65019235376987,88.36861100830545,6769049
2026-04-04 05:34:43.715944,88.36861100830545,88.60922981139082,88.32650276696019,88.57316335914975,9899770
2026-04-04 05:35:43.715945,88.57316335914975,89.14513589968945,88.44122141325123,88.57002561305764,6580509
2026-04-04 05:36:43.715946,88.57002561305764,88.68267640079996,87.62728270870004,87.72090416794305,6053127
2026-04-04 05:37:43.715947,87.72090416794305,88.57048942291244,87.47436881014437,88.02199473533649,4681890
2026-04-04 05:38:43.715948,88.02199473533649,88.34719880384682,87.76333227292439,87.99194169920936,8352132
2026-04-04 05:39:43.715949,87.99194169920936,88.99570168189821,87.69217096761388,88.50789389868284,3331348
2026-04-04 05:40:43.715950,88.50789389868284,88.9002852036401,88.0411637060767,88.27722465683158,2141452
2026-04-04 05:41:43.715951,88.27722465683158,88.83485242076934,87.54219111344143,88.66388185717612,2230796
2026-04-04 05:42:43.715953,88.66388185717612,88.89804975139845,88.37297745407919,88.88590263322978,1447244
2026-04-04 05:43:43.715954,88.88590263322978,89.59299856873335,88.52847512208736,88.61965082863179,9471414
2026-04-04 05:44:43.715955,88.61965082863179,89.93037738577914,88.1004893038365,89.30479602233791,6044829
2026-04-04 05:45:43.715956,89.30479602233791,89.36787072274896,88.17210622472098,89.12150265566198,8936627
2026-04-04 05:46:43.715957,89.12150265566198,89.77845788776999,88.98554480297811,89.69878890108276,5840349
2026-04-04 05:47:43.715958,89.69878890108276,90.23681931519576,89.2838880019146,89.38160641466038,3247680
2026-04-04 05:48:43.715959,89.38160641466038,89.69145878760474,88.96563516172169,89.15658415377521,4879928
2026-04-04 05:49:43.715960,89.15658415377521,89.51971659991786,88.20433624489276,88.44590812839476,4630400
2026-04-04 05:50:43.715961,88.44590812839476,89.52724423957231,88.32269449107342,89.14208171202723,5400852
2026-04-04 05:51:43.715962,89.14208171202723,89.22033238990413,88.34850348853867,88.64486757163317,8058021
2026-04-04 05:52:43.715963,88.64486757163317,89.21922948409849,88.27596892134964,88.59439151124349,6728394
2026-04-04 05:53:43.715964,88.59439151124349,89.36919806919306,88.1500109777587,88.82164091864449,2614694
2026-04-04 05:54:43.715965,88.82164091864449,89.78087073399837,88.43564223305674,89.34066707260163,8941238
2026-04-04 05:55:43.715966,89.34066707260163,90.32084508160784,89.1542633462853,89.19567583892007,2572138
2026-04-04 05:56:43.715969,89.19567583892007,90.07768993011038,88.27664885534153,89.86020262092599,9809147
2026-04-04 05:57:43.715970,89.86020262092599,90.64699903611425,89.28538016100313,90.1564041783753,4497831
2026-04-04 05:58:43.715971,90.1564041783753,90.25994914538398,89.50394746477187,90.12962286364868,4531674
2026-04-04 05:59:43.715972,90.12962286364868,90.27565855234829,89.46147351577802,89.97780728928002,9739287
2026-04-04 06:00:43.715973,89.97780728928002,90.30233016586557,89.38682623694912,90.2548394375802,7061266
2026-04-04 06:01:43.715975,90.2548394375802,90.89261075814973,89.93939262738542,90.63607170952092,4942863
2026-04-04 06:02:43.715976,90.63607170952092,91.14082018895475,90.2555844054612,91.08887258185965,3850774
2026-04-04 06:03:43.715977,91.08887258185965,91.60608437630036,90.30364653690974,90.8059366298199,5461213
2026-04-04 06:04:43.715978,90.8059366298199,91.38869908154423,90.6169913345612,91.25585596625533,7195196
2026-04-04 06:05:43.715979,91.25585596625533,91.44020775106853,90.41145109354983,91.41156643978695,2592173
2026-04-04 06:06:43.715980,91.41156643978695,91.52050076815485,90.93116771883118,90.98705353142337,1297584
2026-04-04 06:07:43.715981,90.98705353142337,91.4021307613391,90.45188249513824,90.53719919678143,9270562
2026-04-04 06:08:43.715982,90.53719919678143,90.94563235755126,89.78805482947116,90.81453083764536,4018439
2026-04-04 06:09:43.715983,90.81453083764536,90.87024960881578,90.48283467091355,90.52509738728692,7194868
2026-04-04 06:10:43.715984,90.52509738728692,91.34183068671612,90.492491667871,91.06766314484192,5474843
2026-04-04 06:11:43.715985,91.06766314484192,91.20107190215222,90.76822029536551,90.93992146310993,9878023
2026-04-04 06:12:43.715986,90.93992146310993,91.14483436715517,90.68316975373408,90.87888411047312,9521267
2026-04-04 06:13:43.715987,90.87888411047312,91.56269136523787,90.68270425636193,90.73986309025325,5941412
2026-04-04 06:14:43.715989,90.73986309025325,91.64049344383248,90.24864690025947,90.93695785567246,2647824
2026-04-04 06:15:43.715990,90.93695785567246,91.00099701024297,90.60253604347118,90.68855274423194,9821437
2026-04-04 06:16:43.715991,90.68855274423194,90.97724619168994,90.32208535885002,90.35293077540923,8144013
2026-04-04 06:17:43.715992,90.35293077540923,90.93560127703785,89.99954346668457,90.1198475989178,1708092
2026-04-04 06:18:43.715993,90.1198475989178,90.29491476416032,89.33990326018096,89.42504658631944,2383640
2026-04-04 06:19:43.715994,89.42504658631944,89.68267181572334,89.24249803378176,89.60391807114156,5563653
2026-04-04 06:20:43.715995,89.60391807114156,90.09259514900106,88.76021676120457,89.08109347721114,3497934
2026-04-04 06:21:43.715996,89.08109347721114,89.16119122324326,88.61308574584402,88.82956959254587,5343699
2026-04-04 06:22:43.715997,88.82956959254587,89.400464973667,88.64058915436742,89.25041060618919,4534150
2026-04-04 06:23:43.715998,89.25041060618919,89.76347616175117,88.90065898831718,89.63415706611445,2765317
2026-04-04 06:24:43.715999,89.63415706611445,89.72575825892092,88.92873216747061,89.46649267632327,3416826
2026-04-04 06:25:43.716000,89.46649267632327,89.51080949010102,88.56361543950383,89.24064234611836,9499970
2026-04-04 06:26:43.716001,89.24064234611836,89.8274083290062,89.14012877351485,89.81914423535868,4927352
2026-04-04 06:27:43.716002,89.81914423535868,90.1518860037516,89.54976365346498,90.02952673744213,1359281
2026-04-04 06:28:43.716003,90.02952673744213,90.87497031705871,89.89511412258042,90.6471651014675,4858884
2026-04-04 06:29:43.716007,90.6471651014675,90.77259011113294,90.47852138019098,90.6573382168284,3050053
2026-04-04 06:30:43.716009,90.6573382168284,91.20988145266219,89.70793272345728,90.59170090597769,2549317
2026-04-04 06:31:43.716010,90.59170090597769,90.65485907270303,90.40163500056381,90.6120635775107,8766824
2026-04-04 06:32:43.716011,90.6120635775107,90.79469188711765,90.12644779396132,90.65783560582807,9796015
2026-04-04 06:33:43.716012,90.65783560582807,91.33106941477979,90.50712843681359,90.61663794212949,7567304
2026-04-04 06:34:43.716013,90.61663794212949,91.59568133959398,90.41569476792489,91.10021467345665,1085166
2026-04-04 06:35:43.716014,91.10021467345665,91.4884588116594,90.66299222440091,90.66586924331668,1297883
2026-04-04 06:36:43.716015,90.66586924331668,91.56395134976377,89.67042912170267,89.96466106285546,4011165
2026-04-04 06:37:43.716016,89.96466106285546,90.71558795870936,89.8097618125103,90.20472744317003,3659786
2026-04-04 06:38:43.716017,90.20472744317003,90.43351883983166,89.71676663260797,89.98397547493578,2414474
2026-04-04 06:39:43.716018,89.98397547493578,90.29503860403223,89.46139406026127,89.9313458428767,8643374
2026-04-04 06:40:43.716019,89.9313458428767,90.60355487661087,89.20746177391933,89.22589835724197,8738170
2026-04-04 06:41:43.716021,89.22589835724197,90.08947163772632,89.0425272446171,89.3903188821453,7289270
2026-04-04 06:42:43.716022,89.3903188821453,89.65975053539165,89.17065882726531,89.36380213121093,8139580
2026-04-04 06:43:43.716023,89.36380213121093,89.66521609697298,89.26709797373846,89.49921384137394,1311385
2026-04-04 06:44:43.716024,89.49921384137394,89.77219672593033,88.41553216009599,88.71599528074248,3201580
2026-04-04 06:45:43.716025,88.71599528074248,89.07285584015709,88.10132823614727,88.5067258701383,1069518
2026-04-04 06:46:43.716026,88.5067258701383,88.55514279826026,87.46504742947266,88.04998143074963,3776374
2026-04-04 06:47:43.716027,88.04998143074963,88.30156452448091,87.7441836827166,88.09933676525267,8300259
2026-04-04 06:48:43.716028,88.09933676525267,88.13859520826428,87.91736124940888,88.05550533407654,7850322
2026-04-04 06:49:43.716029,88.05550533407654,88.74910040812071,87.55455441199639,88.51665991226713,9657116
2026-04-04 06:50:43.716030,88.51665991226713,89.00059668263242,87.66194612233285,88.04159619226681,7262094
2026-04-04 06:51:43.716031,88.04159619226681,88.65050294735227,87.81174487634722,88.21892620685149,1287635
2026-04-04 06:52:43.716032,88.21892620685149,88.24991247753982,87.92758811653262,87.95176655993662,4061342
2026-04-04 06:53:43.716033,87.95176655993662,88.3444509115996,87.06992362238542,87.87380203945031,6081502
2026-04-04 06:54:43.716034,87.87380203945031,88.9125212699224,87.19935292527907,88.63878622708907,6595095
2026-04-04 06:55:43.716035,88.63878622708907,88.80379577179725,87.79122390220003,87.98360585762391,4604724
2026-04-04 06:56:43.716037,87.98360585762391,88.15624269385542,87.64414612159715,87.73954679270786,1700270
2026-04-04 06:57:43.716038,87.73954679270786,88.03059980808989,87.18238689781674,87.4992420107368,4896937
2026-04-04 06:58:43.716039,87.4992420107368,87.89068015744083,87.01059890932768,87.40462919361148,7818753
2026-04-04 06:59:43.716040,87.40462919361148,88.48437607298254,87.25430368873576,88.04140921296934,5071867
2026-04-04 07:00:43.716041,88.04140921296934,89.08973569576753,87.49019319829318,88.52811074626075,9537333
2026-04-04 07:01:43.716042,88.52811074626075,89.20996244137739,88.38405919459639,88.73395502139844,9710506
2026-04-04 07:02:43.716043,88.73395502139844,89.4853392760628,87.57297734807692,88.09946887985335,3183955
2026-04-04 07:03:43.716044,88.09946887985335,88.56919190186937,87.61199787469339,88.2649404733347,7864547
2026-04-04 07:04:43.716045,88.2649404733347,89.11889370702853,88.18342317802794,88.5631939090925,7097020
2026-04-04 07:05:43.716046,88.5631939090925,89.12956114291815,87.6302860109878,88.81126211326455,5788109
2026-04-04 07:06:43.716047,88.81126211326455,89.4905581437546,88.4233080204523,89.17760015483539,6173395
2026-04-04 07:07:43.716048,89.17760015483539,89.57045795401473,88.7625316535319,89.07975390529238,8208387
2026-04-04 07:08:43.716049,89.07975390529238,89.5482755185587,88.95223262129535,88.99068790864823,2553744
2026-04-04 07:09:43.716050,88.99068790864823,89.86724638718862,88.62864588890919,88.9438266430897,8575327
2026-04-04 07:10:43.716051,88.9438266430897,89.32768000891949,88.04907041303412,88.97331021023324,2596246
2026-04-04 07:11:43.716053,88.97331021023324,89.17802608893257,88.85020541582125,89.0099953977857,1131936
2026-04-04 07:12:43.716054,89.0099953977857,89.98005560380557,88.41710466469671,89.1313238568246,6283422
2026-04-04 07:13:43.716055,89.1313238568246,89.8870678664637,88.4613148587222,89.19071438636838,9666712
2026-04-04 07:14:43.716056,89.19071438636838,89.21854703517567,88.73804044359089,88.76711811441001,8354421
2026-04-04 07:15:43.716057,88.76711811441001,89.1997865530652,88.31678238009847,88.9498613489749,5537454
2026-04-04 07:16:43.716058,88.9498613489749,89.34130243501329,88.21237476956657,89.32567948527745,6967520
2026-04-04 07:17:43.716059,89.32567948527745,89.72735750887226,88.86754920802738,89.63027672641542,9658123
2026-04-04 07:18:43.716060,89.63027672641542,90.20406821446072,89.57744662189641,89.92323753593826,8845772
2026-04-04 07:19:43.716061,89.92323753593826,90.12985817891564,88.99609457995341,89.77630074636633,9901674
2026-04-04 07:20:43.716063,89.77630074636633,90.21723865464726,89.19923663316547,89.70240336284226,1406547
2026-04-04 07:21:43.716064,89.70240336284226,90.90203381325588,89.6823278270019,90.56210802292841,6228298
2026-04-04 07:22:43.716066,90.56210802292841,91.30989230722909,90.18278436261292,91.30100474829469,2531817
2026-04-04 07:23:43.716067,91.30100474829469,91.31862212750751,90.65684493055262,90.84361129192988,7619511
2026-04-04 07:24:43.716068,90.84361129192988,91.47490719382385,90.63375650423531,91.13359186816507,7025261
2026-04-04 07:25:43.716069,91.13359186816507,91.36824230300338,90.71705959067937,91.11389510360604,8317619
2026-04-04 07:26:43.716070,91.11389510360604,91.93097370069417,90.0860165041952,91.66558106468092,5879797
2026-04-04 07:27:43.716071,91.66558106468092,91.96541931090997,90.76720529119626,91.24274443765198,7898410
2026-04-04 07:28:43.716072,91.24274443765198,91.31830775986428,91.07586850779023,91.1116649278042,8588173
2026-04-04 07:29:43.716073,91.1116649278042,91.55719195404906,90.25509644903862,90.25587792875692,4688173
2026-04-04 07:30:43.716074,90.25587792875692,90.3639037682007,89.79881675370187,89.89470284828982,3386537
2026-04-04 07:31:43.716075,89.89470284828982,90.62631386508045,88.89761620718609,90.26037522697665,6254230
2026-04-04 07:32:43.716076,90.26037522697665,90.44566245419753,89.77652348528073,90.01052079134774,4229112
2026-04-04 07:33:43.716077,90.01052079134774,90.81914741271657,89.18211669956803,89.85168221222504,3089632
2026-04-04 07:34:43.716078,89.85168221222504,90.01283289934663,89.00731134672428,89.38289448676538,1312579
2026-04-04 07:35:43.716079,89.38289448676538,90.08042553771283,89.2689327484653,89.63410507074853,8433980
2026-04-04 07:36:43.716080,89.63410507074853,90.52175606977065,89.23939484078907,89.68775877020755,8650961
2026-04-04 07:37:43.716081,89.68775877020755,90.30735774944118,89.23062655223086,90.2365021317011,2944606
2026-04-04 07:38:43.716083,90.2365021317011,91.1096092782896,89.21166373272662,90.43626017580966,3267357
2026-04-04 07:39:43.716084,90.43626017580966,90.87272030892575,89.98873204204759,90.26461201783106,1573881
2026-04-04 07:40:43.716085,90.26461201783106,90.99521618351326,89.42670576155538,89.99770051147168,4301394
2026-04-04 07:41:43.716086,89.99770051147168,90.46456210362993,89.940921905547,90.15709508428162,2613560
2026-04-04 07:42:43.716087,90.15709508428162,90.59317967343284,89.46010765811425,90.37211176022244,1835988
2026-04-04 07:43:43.716088,90.37211176022244,90.86434387073143,89.70652730795102,90.70084869092415,5305665
2026-04-04 07:44:43.716089,90.70084869092415,90.76752534434576,90.14683152125421,90.52737896662447,2730283
2026-04-04 07:45:43.716090,90.52737896662447,90.76822234808466,89.91039941717571,90.6482753326219,1828282
2026-04-04 07:46:43.716091,90.6482753326219,91.33283018682853,90.07303377058554,91.07811660021028,6465513
2026-04-04 07:47:43.716092,91.07811660021028,91.90140840420425,90.28266813710772,91.20750316004062,4928207
2026-04-04 07:48:43.716093,91.20750316004062,91.74412410764137,91.15886636109389,91.16567496802536,7398905
2026-04-04 07:49:43.716094,91.16567496802536,91.23200765910885,90.70672127659935,90.98610437559563,9476201
2026-04-04 07:50:43.716095,90.98610437559563,91.56454263006037,90.33424697265473,91.00386148902244,3672762
2026-04-04 07:51:43.716096,91.00386148902244,91.23918977763822,90.16959789887159,90.41741682836637,2515554
2026-04-04 07:52:43.716097,90.41741682836637,91.56957287994148,89.34306222768573,90.43975711375464,4416403
2026-04-04 07:53:43.716098,90.43975711375464,90.91707310095241,89.07048340221667,90.31260825965532,2251661
2026-04-04 07:54:43.716100,90.31260825965532,91.42743562768887,90.09224851365555,91.15561093172232,9239115
2026-04-04 07:55:43.716101,91.15561093172232,91.83850248588473,90.81606019175325,91.54319826010821,4739469
2026-04-04 07:56:43.716102,91.54319826010821,91.67355057437591,91.39042233336701,91.61353419903851,1190285
2026-04-04 07:57:43.716104,91.61353419903851,92.05428195576904,90.97422924359411,91.20335362231437,4128411
2026-04-04 07:58:43.716105,91.20335362231437,92.39042778405674,90.95437166704107,91.11898292166765,6587757
2026-04-04 07:59:43.716106,91.11898292166765,91.42581062421652,91.09303476832315,91.1846198731547,7323686
2026-04-04 08:00:43.716107,91.1846198731547,91.2819397495768,90.81997299493662,91.04585739720306,8578689
2026-04-04 08:01:43.716108,91.04585739720306,91.19446876834942,90.5246753911301,90.86687282134632,2643083
2026-04-04 08:02:43.716109,90.86687282134632,91.4630424128659,90.23562981128886,90.46301533610973,9594859
2026-04-04 08:03:43.716110,90.46301533610973,91.08080472971527,89.99870028184772,90.33515193753846,6172886
2026-04-04 08:04:43.716111,90.33515193753846,90.67541523216616,89.91133747370328,90.43954486922709,5408608
2026-04-04 08:05:43.716112,90.43954486922709,90.59316722534244,90.0393035666171,90.16643942965503,5396208
2026-04-04 08:06:43.716113,90.16643942965503,90.71363819754819,89.27898693049276,90.359294328876,7110845
2026-04-04 08:07:43.716114,90.359294328876,90.79557827989896,89.46473033163232,90.19948012740794,1847405
2026-04-04 08:08:43.716115,90.19948012740794,91.03093382707327,89.73023764243615,90.29476871764271,6515328
2026-04-04 08:09:43.716116,90.29476871764271,90.77973532537607,89.78819447428867,90.20192783583526,7471530
2026-04-04 08:10:43.716118,90.20192783583526,91.38433804562784,89.66960855354601,90.5994999345226,9358827
2026-04-04 08:11:43.716119,90.5994999345226,91.18845385636766,90.31678477829016,90.64248045943212,6982547
2026-04-04 08:12:43.716120,90.64248045943212,91.48145777760227,90.05366893752408,91.10797632427216,7254887
2026-04-04 08:13:43.716121,91.10797632427216,91.6143454595482,90.97542131816755,90.99172047338483,8745269
2026-04-04 08:14:43.716122,90.99172047338483,92.24724292090235,90.15456127449801,91.1031888665621,2002021
2026-04-04 08:15:43.716123,91.1031888665621,91.41242123749325,90.87526795681359,91.01695925744168,7778519
2026-04-04 08:16:43.716124,91.01695925744168,91.64419539341387,90.44344547558684,90.60778831124897,7277120
2026-04-04 08:17:43.716125,90.60778831124897,91.0319274500245,90.26935860101698,90.35284928805565,9454364
2026-04-04 08:18:43.716126,90.35284928805565,91.17183310221355,90.28764007032377,90.97226455266338,5714386
2026-04-04 08:19:43.716127,90.97226455266338,91.44802541449765,90.71412850776076,91.21204989966344,9246673
2026-04-04 08:20:43.716128,91.21204989966344,92.56405057704136,90.33624661750707,91.9519544332257,7637034
2026-04-04 08:21:43.716129,91.9519544332257,91.98471404105071,90.83505328240456,91.4263567302808,4662097
2026-04-04 08:22:43.716130,91.4263567302808,92.02200106547639,90.93796657985295,91.8400522936905,2600720
2026-04-04 08:23:43.716131,91.8400522936905,93.03321366311383,91.16069111959675,91.97384113996407,9817164
2026-04-04 08:24:43.716133,91.97384113996407,92.28399965093216,91.41946779903697,91.57866138842331,3628973
2026-04-04 08:25:43.716134,91.57866138842331,91.75852288516163,90.5387683233089,91.15998323124215,5735524
2026-04-04 08:26:43.716135,91.15998323124215,91.76025094370577,90.79226829878334,91.40113041399268,5601318
2026-04-04 08:27:43.716136,91.40113041399268,92.10507335444444,90.07405396293912,90.70618233914976,2003510
2026-04-04 08:28:43.716137,90.70618233914976,91.1158844578167,90.44760744053572,90.48151808805474,3360901
2026-04-04 08:29:43.716138,90.48151808805474,90.80302452839108,90.27765359872532,90.63317596972026,4291987
2026-04-04 08:30:43.716139,90.63317596972026,91.27579234193735,90.11881366449697,90.49586239387006,5263272
2026-04-04 08:31:43.716140,90.49586239387006,90.68660327571206,90.12093956102954,90.24132979550755,7297042
2026-04-04 08:32:43.716141,90.24132979550755,90.76336617621565,89.7689432834365,89.77927905759957,2609425
2026-04-04 08:33:43.716142,89.77927905759957,89.89539111447291,89.38954396694096,89.48472877264985,8237310
2026-04-04 08:34:43.716143,89.48472877264985,89.85541623650177,89.28931938619876,89.67288465169989,8587973
2026-04-04 08:35:43.716144,89.67288465169989,89.67610322087494,88.68459137389944,89.61953718434287,6127319
2026-04-04 08:36:43.716145,89.61953718434287,90.09449836192846,89.27757018850104,89.28397830790772,3996244
2026-04-04 08:37:43.716146,89.28397830790772,89.45921711417783,88.96119478030326,89.27012274617462,9441557
2026-04-04 08:38:43.716147,89.27012274617462,89.80064589667737,88.89272165256538,89.47764799443043,9372602
2026-04-04 08:39:43.716149,89.47764799443043,90.2715110048362,89.28712252881847,89.91444026609288,7192357
2026-04-04 08:40:43.716150,89.91444026609288,90.23838538012944,89.42139414871545,90.02190184915237,8017955
2026-04-04 08:41:43.716151,90.02190184915237,90.65264125662553,89.15083616034717,90.54866546064206,1404911
2026-04-04 08:42:43.716152,90.54866546064206,91.1824981182754,89.99713593353925,90.80137365153803,6880926
2026-04-04 08:43:43.716153,90.80137365153803,91.51516524583828,90.65036755741676,91.2542938392678,7562865
2026-04-04 08:44:43.716154,91.2542938392678,91.34935305118442,90.61727302547231,91.03129296397445,5415239
2026-04-04 08:45:43.716156,91.03129296397445,91.46766030972454,90.77414035068549,90.92958676216338,9881111
2026-04-04 08:46:43.716157,90.92958676216338,91.04376927048258,90.34456339824179,90.98422305896236,8112646
2026-04-04 08:47:43.716158,90.98422305896236,92.56977083052165,89.93430322422506,91.09266098835656,8098917
2026-04-04 08:48:43.716160,91.09266098835656,92.19129035944684,90.30315446721764,90.7917902257063,5652124
2026-04-04 08:49:43.716161,90.7917902257063,91.35533138636822,90.57605028785571,90.7343736269093,3256356
2026-04-04 08:50:43.716162,90.7343736269093,91.56335076743349,89.6827351657876,90.43122030579644,5881539
2026-04-04 08:51:43.716163,90.43122030579644,90.83661833637092,89.5750011616056,90.33027507223636,9175576
2026-04-04 08:52:43.716164,90.33027507223636,90.61021270811382,89.60031466195649,90.23607606151548,1975112
2026-04-04 08:53:43.716165,90.23607606151548,91.05452915914289,90.04977508819852,90.0982948885408,9227489
2026-04-04 08:54:43.716166,90.0982948885408,90.23012359091854,89.64998898166125,90.15436696382352,3895107
2026-04-04 08:55:43.716167,90.15436696382352,90.21185948295114,89.94195122270919,90.04242559071614,1272544
2026-04-04 08:56:43.716168,90.04242559071614,90.24776492715432,89.78403534053274,90.04345970040325,5645289
2026-04-04 08:57:43.716169,90.04345970040325,90.82384771570611,89.53871438784213,90.50518929686274,3029341
2026-04-04 08:58:43.716170,90.50518929686274,90.66602669215203,90.35943869433706,90.65592808447866,3848039
2026-04-04 08:59:43.716171,90.65592808447866,90.80849598347031,90.50045678987327,90.61191668011276,1880432
2026-04-04 09:00:43.716172,90.61191668011276,91.03665310428202,89.96804963048999,90.78124369530147,6983359
2026-04-04 09:01:43.716174,90.78124369530147,91.38909753460727,90.59441699904619,90.66683412586167,4702590
2026-04-04 09:02:43.716175,90.66683412586167,91.23223051074655,90.18889163035445,90.36329428608002,4304860
2026-04-04 09:03:43.716176,90.36329428608002,90.94201877841049,90.30298277577138,90.3882736681987,8014511
2026-04-04 09:04:43.716177,90.3882736681987,90.96313410732381,90.28292945587094,90.75467496773818,9862264
2026-04-04 09:05:43.716178,90.75467496773818,90.92040632833172,90.16328209439213,90.83816928793382,1006464
2026-04-04 09:06:43.716179,90.83816928793382,91.32182275555202,90.72135186988446,91.1338983605928,7485671
2026-04-04 09:07:43.716180,91.1338983605928,91.2895495551927,90.99293719828296,90.9937262761964,7324758
2026-04-04 09:08:43.716181,90.9937262761964,92.24705723556757,90.8396830057466,91.11294656322687,8372801
2026-04-04 09:09:43.716182,91.11294656322687,91.64408436165452,90.21616546718452,91.62818057345912,6102367
2026-04-04 09:10:43.716183,91.62818057345912,91.78351528582236,90.72144333372279,91.32149487323603,8553925
2026-04-04 09:11:43.716184,91.32149487323603,91.49629206332918,91.08800108231837,91.144387077178,6857846
2026-04-04 09:12:43.716185,91.144387077178,91.26711060301335,90.95852376854927,90.97894537122461,8718221
2026-04-04 09:13:43.716186,90.97894537122461,91.3254125583837,90.38735743902211,91.0413862201956,2935772
2026-04-04 09:14:43.716187,91.0413862201956,91.47099699116875,90.4726528640786,91.07853194495542,3263557
2026-04-04 09:15:43.716189,91.07853194495542,91.21405905140304,90.1571558851284,90.64863976033797,9091363
2026-04-04 09:16:43.716190,90.64863976033797,91.33562516257174,90.46777066374553,90.50051533892753,9140594
2026-04-04 09:17:43.716191,90.50051533892753,91.33283664363482,90.12573927002398,90.60402652698946,7435389
2026-04-04 09:18:43.716192,90.60402652698946,91.25767451896775,90.36634389375148,90.60839657912501,3096419
2026-04-04 09:19:43.716193,90.60839657912501,91.38747088499824,90.43619597221652,90.79044754533702,9208149
2026-04-04 09:20:43.716194,90.79044754533702,91.22558132388836,90.40943617077957,91.11693312318731,5869236
2026-04-04 09:21:43.716195,91.11693312318731,91.83549556063946,90.9966415676791,91.58995563586807,3877668
2026-04-04 09:22:43.716196,91.58995563586807,91.85555441694449,90.8825950213065,91.12757993819872,7606964
2026-04-04 09:23:43.716197,91.12757993819872,92.28459367637602,90.84212716747788,91.52989932017722,9324436
2026-04-04 09:24:43.716198,91.52989932017722,92.04583014891053,90.89366495596722,91.58965950824218,3928339
2026-04-04 09:25:43.716199,91.58965950824218,92.22702265445811,90.91330425208277,91.72374897335504,9637872
2026-04-04 09:26:43.716200,91.72374897335504,91.80421309543394,90.88733403367563,91.65336504561867,7630604
2026-04-04 09:27:43.716202,91.65336504561867,92.96095017224653,91.56341613465341,92.25396167866178,8377426
2026-04-04 09:28:43.716203,92.25396167866178,92.95837657703846,91.91780702376121,92.89857992589636,6412319
2026-04-04 09:29:43.716204,92.89857992589636,93.22294498647857,92.26040817939716,92.37724308243463,2957792
2026-04-04 09:30:43.716205,92.37724308243463,93.21336664814599,92.14324966545918,92.77909124649794,6983943
2026-04-04 09:31:43.716206,92.77909124649794,93.07519065108902,92.51401749178207,93.00095367705227,7986595
2026-04-04 09:32:43.716207,93.00095367705227,93.5095282951455,92.87613500411062,92.93395261886094,9079823
2026-04-04 09:33:43.716208,92.93395261886094,93.41263502534761,91.58874499877918,92.70150839852442,9662149
2026-04-04 09:34:43.716209,92.70150839852442,93.28613806791347,92.04552138113284,92.94374718168083,2350816
2026-04-04 09:35:43.716210,92.94374718168083,93.76878203843631,92.90106519889929,93.07120592274975,1458819
2026-04-04 09:36:43.716211,93.07120592274975,93.33388335458234,92.6293063632768,93.0786989668286,7922795
2026-04-04 09:37:43.716213,93.0786989668286,93.79222357324714,92.59612646295814,93.06321144164774,5051939
2026-04-04 09:38:43.716214,93.06321144164774,93.11086993398305,92.471810671953,92.96882697478608,8084335
2026-04-04 09:39:43.716215,92.96882697478608,93.18913246112123,92.05643561516966,92.38932639538855,1750774
2026-04-04 09:40:43.716217,92.38932639538855,92.78856082242261,91.48241215102458,91.74451441771862,4658997
2026-04-04 09:41:43.716218,91.74451441771862,92.10861887007484,90.64802785019845,91.8345046804349,9109074
2026-04-04 09:42:43.716219,91.8345046804349,92.19958161044377,91.7059394494775,92.0026103478756,7173049
2026-04-04 09:43:43.716220,92.0026103478756,92.157587819443,91.45899857582836,91.57605061445747,6044316
2026-04-04 09:44:43.716221,91.57605061445747,92.20357783275318,91.3436972936202,92.14759480697631,2985404
2026-04-04 09:45:43.716222,92.14759480697631,92.46653078183978,91.79336117231277,92.4437395490565,5689133
2026-04-04 09:46:43.716223,92.4437395490565,92.91599797966015,92.12251327358085,92.66420318007327,2696609
2026-04-04 09:47:43.716224,92.66420318007327,92.82523578006871,92.59144590262497,92.63160063596602,5589764
2026-04-04 09:48:43.716225,92.63160063596602,92.98758754071336,92.37812183352102,92.697444018983,6701048
2026-04-04 09:49:43.716226,92.697444018983,94.15838203244346,91.82379807456732,92.34252947898679,7226659
2026-04-04 09:50:43.716227,92.34252947898679,92.57656121128169,92.03547111944032,92.09389581576811,9836621
2026-04-04 09:51:43.716228,92.09389581576811,92.44084181791919,91.57171075439409,91.85519446422455,1542955
2026-04-04 09:52:43.716230,91.85519446422455,91.86826434749236,90.12221849319157,91.06833278456338,9037821
2026-04-04 09:53:43.716231,91.06833278456338,91.81663132848183,90.6989273544095,90.86277469492816,3761623
2026-04-04 09:54:43.716232,90.86277469492816,91.43370449114813,90.14390811979092,90.40065702968374,3336806
2026-04-04 09:55:43.716233,90.40065702968374,90.74436855408513,90.039597153542,90.09668963995401,3970424
2026-04-04 09:56:43.716234,90.09668963995401,90.58946215123274,90.02253653019885,90.34759176525525,7053912
2026-04-04 09:57:43.716235,90.34759176525525,90.38330948487896,90.0023320998469,90.26370152874821,2045716
2026-04-04 09:58:43.716236,90.26370152874821,90.64387906367173,89.6864709382694,90.1374568955353,3553589
2026-04-04 09:59:43.716237,90.1374568955353,90.82884881239586,89.43958680921519,90.28189020629354,9570397
2026-04-04 10:00:43.716238,90.28189020629354,90.48388380072437,90.15525525644692,90.33635392517283,8073575
2026-04-04 10:01:43.716239,90.33635392517283,90.91412281611511,89.94778882390673,90.70662393504507,5215645
2026-04-04 10:02:43.716240,90.70662393504507,91.1405205157698,90.17601194637174,90.4096968352159,7600500
2026-04-04 10:03:43.716241,90.4096968352159,90.49244893034839,89.6869233803284,90.25966611635715,3305433
2026-04-04 10:04:43.716243,90.25966611635715,90.81482545214999,89.90326307657607,89.98990546308377,8605502
2026-04-04 10:05:43.716244,89.98990546308377,90.9486847021906,89.2551928514912,90.3299051324859,7829313
2026-04-04 10:06:43.716245,90.3299051324859,90.77277779687954,90.20607298862755,90.62690783402074,1368893
2026-04-04 10:07:43.716246,90.62690783402074,91.07820540850824,90.51950952421127,90.64222212613649,2054212
2026-04-04 10:08:43.716247,90.64222212613649,91.06644388469506,89.83757226392271,90.23273591135525,8669510
2026-04-04 10:09:43.716248,90.23273591135525,90.76927440614782,89.63642868218528,90.11130886903844,2937135
2026-04-04 10:10:43.716250,90.11130886903844,90.3542552726626,89.46290029121798,89.60382568049897,9381660
2026-04-04 10:11:43.716251,89.60382568049897,89.81067439430117,88.88531408234563,89.64460771480432,9873895
2026-04-04 10:12:43.716252,89.64460771480432,89.82008182297528,89.28008480536187,89.54279577022588,5143403
2026-04-04 10:13:43.716253,89.54279577022588,89.92496953530843,89.51353739482666,89.88923643688018,4303131
2026-04-04 10:14:43.716254,89.88923643688018,91.05888407922255,89.48057295486959,90.50304946680659,2731041
2026-04-04 10:15:43.716256,90.50304946680659,91.18519225805093,89.86024961791307,90.68703909083051,3925609
2026-04-04 10:16:43.716257,90.68703909083051,90.94271449704111,89.9185212667941,90.22070263340603,7117682
2026-04-04 10:17:43.716258,90.22070263340603,90.53316443033773,89.8547658720937,90.24017053108034,6560068
2026-04-04 10:18:43.716259,90.24017053108034,90.5308710364635,89.8947987547973,89.95442309993938,4149409
2026-04-04 10:19:43.716260,89.95442309993938,90.42886929505241,89.79068844363468,89.87466995525855,5166289
2026-04-04 10:20:43.716261,89.87466995525855,90.91777234339823,89.58518819973686,90.65882912360875,5063068
2026-04-04 10:21:43.716262,90.65882912360875,91.3975363610947,89.94316570554179,90.11107669618325,8596713
2026-04-04 10:22:43.716263,90.11107669618325,90.54824012465208,89.25859684294281,89.91416302339437,5513552
2026-04-04 10:23:43.716264,89.91416302339437,89.96793109864751,89.19344933434375,89.47773042162937,7575273
2026-04-04 10:24:43.716265,89.47773042162937,90.46501396903304,89.42435842956863,89.73656244438499,6095670
2026-04-04 10:25:43.716266,89.73656244438499,90.51189081998172,89.71288297731601,89.765901732949,9355425
2026-04-04 10:26:43.716267,89.765901732949,89.99595722279716,88.25532416863525,89.05048764105203,6914063
2026-04-04 10:27:43.716268,89.05048764105203,89.32498836716007,89.00826692087328,89.15186626180179,8961813
2026-04-04 10:28:43.716269,89.15186626180179,89.23159260116653,88.70712859272783,88.84650266890685,4850404
2026-04-04 10:29:43.716270,88.84650266890685,89.53203259657519,88.84202348718725,88.9783514973693,1926109
2026-04-04 10:30:43.716272,88.9783514973693,89.60245984404517,88.8910690083629,89.0178400171,1997057
2026-04-04 10:31:43.716273,89.0178400171,89.02197425553815,88.61469389398297,88.7509181542674,8303398
2026-04-04 10:32:43.716274,88.7509181542674,89.6174893971868,88.6273996698089,89.46411263173967,3469606
2026-04-04 10:33:43.716275,89.46411263173967,89.51499023434948,89.27411603810351,89.30620561734169,1787600
2026-04-04 10:34:43.716276,89.30620561734169,89.8150928848802,88.72179549211239,89.32028455827968,6122194
2026-04-04 10:35:43.716277,89.32028455827968,90.13406178727614,88.90204048729784,90.06204996308362,2658800
2026-04-04 10:36:43.716278,90.06204996308362,90.92465613101648,90.03382629527775,90.17299374122676,8681556
2026-04-04 10:37:43.716279,90.17299374122676,90.31575338103126,89.88801968740164,90.28572512803723,8905435
2026-04-04 10:38:43.716280,90.28572512803723,90.4289582691662,89.20963414084649,89.51752966982122,2199529
2026-04-04 10:39:43.716281,89.51752966982122,90.3417103630454,88.23983403485718,90.11908741553032,5208694
2026-04-04 10:40:43.716282,90.11908741553032,90.80757943517541,89.46078584179432,90.69969181084026,6212360
2026-04-04 10:41:43.716283,90.69969181084026,90.72032212525637,90.12257230604978,90.37487021497002,3593050
2026-04-04 10:42:43.716284,90.37487021497002,91.22144825716629,90.22825569367758,91.00223934611498,9905808
2026-04-04 10:43:43.716285,91.00223934611498,91.2377467952587,90.28041882081686,90.41525485861474,4073961
2026-04-04 10:44:43.716286,90.41525485861474,91.0280772209232,89.66109697447082,89.93578678672357,8315664
2026-04-04 10:45:43.716287,89.93578678672357,90.21657607392935,89.85589536315504,90.1884511033287,9779116
2026-04-04 10:46:43.716289,90.1884511033287,90.51366369403907,89.19794570415641,89.9703691912846,6474106
2026-04-04 10:47:43.716290,89.9703691912846,89.99481930423944,89.32135546615687,89.92539647945492,5499311
2026-04-04 10:48:43.716291,89.92539647945492,90.49140199076047,89.83118423579292,90.39618386418604,4402155
2026-04-04 10:49:43.716292,90.39618386418604,90.49394573630038,89.73341505764597,89.99244910831834,9803235
2026-04-04 10:50:43.716293,89.99244910831834,90.39840074481934,88.93535609185773,89.10509970554848,9119550
2026-04-04 10:51:43.716294,89.10509970554848,89.67607447702645,87.81462680982942,89.31755201090631,5400131
2026-04-04 10:52:43.716295,89.31755201090631,89.78251116756971,89.16676132789652,89.6354573278455,5926622
2026-04-04 10:53:43.716296,89.6354573278455,89.69467794572516,89.2349094325065,89.46919853203198,9206336
2026-04-04 10:54:43.716297,89.46919853203198,90.25800463317562,89.41455937305031,89.54391276955494,2717355
2026-04-04 10:55:43.716298,89.54391276955494,90.52497353119824,89.0467534374143,90.17373337333053,5900318
2026-04-04 10:56:43.716299,90.17373337333053,91.28780947262965,90.17192848210803,90.20816025483421,6583161
2026-04-04 10:57:43.716300,90.20816025483421,90.93277867523062,89.67398918604663,90.07824534637761,1270001
2026-04-04 10:58:43.716301,90.07824534637761,90.2828051459102,89.73753083904973,90.20547342556647,1713391
2026-04-04 10:59:43.716302,90.20547342556647,90.52549735850685,90.04693198304147,90.28189216862175,3858214
2026-04-04 11:00:43.716303,90.28189216862175,91.01138770917038,89.76634724647151,90.64911499621489,3113687
2026-04-04 11:01:43.716305,90.64911499621489,91.02788272096836,90.31735940361926,90.74203398046134,8005351
2026-04-04 11:02:43.716306,90.74203398046134,91.11033719307083,89.91050547042938,90.29727154384291,3188077
2026-04-04 11:03:43.716307,90.29727154384291,90.93795370983112,89.82537151836293,90.30822300698226,2435367
2026-04-04 11:04:43.716308,90.30822300698226,90.62816712162213,89.90650148032334,90.00721386713602,2434730
2026-04-04 11:05:43.716309,90.00721386713602,90.21679352250743,89.18747955292453,89.99203784138622,2958615
2026-04-04 11:06:43.716310,89.99203784138622,90.53943575044828,88.91070404708584,90.12369843403519,8723047
2026-04-04 11:07:43.716311,90.12369843403519,90.81928051614821,89.35380840226452,90.76005249670877,1026505
2026-04-04 11:08:43.716312,90.76005249670877,90.77244731565466,90.52512508221507,90.54657135570562,8050305
2026-04-04 11:09:43.716313,90.54657135570562,90.70283262177789,89.66873352083056,90.05133522863034,9325857
2026-04-04 11:10:43.716314,90.05133522863034,90.09996054085435,89.34150747965758,89.61167094076391,5375717
2026-04-04 11:11:43.716315,89.61167094076391,89.96492463570442,89.48420925827273,89.7808172882841,9057907
2026-04-04 11:12:43.716316,89.7808172882841,90.12042135418606,89.51780683543618,89.51891679441607,3593449
2026-04-04 11:13:43.716317,89.51891679441607,89.99250608552782,89.11897917911536,89.90642389804795,2121889
2026-04-04 11:14:43.716318,89.90642389804795,90.82439979727532,88.98974793139958,89.1213266315787,4487924
2026-04-04 11:15:43.716319,89.1213266315787,89.46494181657599,88.19884613987136,88.7784034367529,2825260
2026-04-04 11:16:43.716320,88.7784034367529,88.95789649736052,88.179039488285,88.48265850030951,7771158
2026-04-04 11:17:43.716322,88.48265850030951,88.50350064167597,87.82112337138592,88.03242331340958,8986322
2026-04-04 11:18:43.716323,88.03242331340958,88.96944780419092,87.63598189135152,88.36963118259227,5229491
2026-04-04 11:19:43.716324,88.36963118259227,88.57418748279848,87.44307217224319,88.0560639745013,1541797
2026-04-04 11:20:43.716325,88.0560639745013,89.19370187980296,87.90095742505574,88.60841593983186,9649318
2026-04-04 11:21:43.716326,88.60841593983186,88.84092699130296,87.68632743053739,88.34690326140989,8416510
2026-04-04 11:22:43.716327,88.34690326140989,88.90148671355355,88.0516721200381,88.51372174422538,5782337
2026-04-04 11:23:43.716328,88.51372174422538,88.82100545417019,87.8088163577615,88.48565771312929,8694420
2026-04-04 11:24:43.716329,88.48565771312929,88.5874609815045,87.41645700127621,88.38474461293447,9915948
2026-04-04 11:25:43.716330,88.38474461293447,88.53472336308026,88.23622910936247,88.30154545432184,2079037
2026-04-04 11:26:43.716331,88.30154545432184,88.79968054522472,87.81577145447511,88.48259924480334,5066981
2026-04-04 11:27:43.716332,88.48259924480334,88.95865455492444,88.3809607303661,88.47643541878782,1693464
2026-04-04 11:28:43.716333,88.47643541878782,89.35295537041158,88.3824286024403,88.6531824667613,3158344
2026-04-04 11:29:43.716342,88.6531824667613,89.21272535200438,87.98974176250525,88.99879690591244,4144787
2026-04-04 11:30:43.716343,88.99879690591244,89.20448597340145,88.56919103154154,89.14797391631801,9622693
2026-04-04 11:31:43.716344,89.14797391631801,89.71301673558985,88.84421883070283,88.97266332772823,9410184
2026-04-04 11:32:43.716345,88.97266332772823,89.15215369137107,88.13098625066075,88.35368218127034,9234025
2026-04-04 11:33:43.716346,88.35368218127034,88.9838332173713,88.16916401908738,88.60721739631313,8709824
2026-04-04 11:34:43.716347,88.60721739631313,88.68502353046397,87.3415524625129,87.77241890525993,9642873
2026-04-04 11:35:43.716349,87.77241890525993,88.08277611565107,86.78831652303958,87.21531636074353,3581505
2026-04-04 11:36:43.716351,87.21531636074353,87.55689938200996,86.82345016490352,87.36038210226445,8138512
2026-04-04 11:37:43.716352,87.36038210226445,87.63599296490658,86.59517599064985,86.87033634296661,5873014
2026-04-04 11:38:43.716353,86.87033634296661,87.5630212753196,86.61964857441791,86.80223691963626,3660891
2026-04-04 11:39:43.716354,86.80223691963626,87.0908235512393,86.22231030491726,86.5533647006968,3342094
2026-04-04 11:40:43.716355,86.5533647006968,87.51845194621492,86.2049130793203,86.79054954994926,6831052
2026-04-04 11:41:43.716356,86.79054954994926,87.69805967022018,86.33767020907968,87.24841930019399,4254449
2026-04-04 11:42:43.716358,87.24841930019399,87.45125471302362,87.0315394355875,87.36937345754518,9214372
2026-04-04 11:43:43.716359,87.36937345754518,87.58290128618418,86.79191478169427,87.34468112167136,2847199
2026-04-04 11:44:43.716360,87.34468112167136,87.6867760343215,86.82629332669588,87.65630131915017,4446839
2026-04-04 11:45:43.716361,87.65630131915017,88.18496957516159,87.20651210649055,87.95199508735676,2561014
2026-04-04 11:46:43.716362,87.95199508735676,88.51689048343368,87.44910340741978,88.36041357683736,9648035
2026-04-04 11:47:43.716363,88.36041357683736,89.08882137399338,87.80320757264897,88.4929789299728,6768212
2026-04-04 11:48:43.716364,88.4929789299728,89.82168957347515,88.39226097277069,88.59280977189329,9182320
2026-04-04 11:49:43.716365,88.59280977189329,89.07585530085777,87.61893252007121,88.14776422629728,9839008
2026-04-04 11:50:43.716366,88.14776422629728,88.49784357082824,87.76883820967682,87.84873308267369,7993018
2026-04-04 11:51:43.716367,87.84873308267369,88.6394807478714,87.24852961844134,87.96936299177821,2955206
2026-04-04 11:52:43.716368,87.96936299177821,88.31098447402597,87.91665298910483,87.96729426650566,5514153
2026-04-04 11:53:43.716369,87.96729426650566,88.01148715289652,87.66311336447261,87.68827582344511,9158781
2026-04-04 11:54:43.716370,87.68827582344511,88.61958969795931,87.3055935112631,88.24923013224371,4340444
2026-04-04 11:55:43.716371,88.24923013224371,88.42119120988922,87.12720290213483,87.94004846370342,8770032
2026-04-04 11:56:43.716373,87.94004846370342,88.77962704684732,87.22380393116605,88.24281984830837,9511807
2026-04-04 11:57:43.716374,88.24281984830837,88.60408761867585,87.52600772676446,87.59518935739464,7743571
2026-04-04 11:58:43.716375,87.59518935739464,88.49041506531687,86.95919673324904,87.94988230154917,1898628
2026-04-04 11:59:43.716376,87.94988230154917,88.30137811690723,87.81831729319036,88.03884127051674,3057244
2026-04-04 12:00:43.716377,88.03884127051674,88.13636039726816,87.31371735620212,87.83058370300667,8738667
2026-04-04 12:01:43.716378,87.83058370300667,88.58527490204803,87.4299467073784,88.40654538827184,4928094
2026-04-04 12:02:43.716379,88.40654538827184,88.76532320352588,88.32332771694601,88.4187205900972,7667051
2026-04-04 12:03:43.716380,88.4187205900972,88.8604470735586,87.68862518453884,88.86034865343726,1885621
2026-04-04 12:04:43.716381,88.86034865343726,88.93389139867642,88.73703525652246,88.86364947115499,8150265
2026-04-04 12:05:43.716382,88.86364947115499,89.65663131153443,88.48003822073134,89.39213392190295,5777830
2026-04-04 12:06:43.716383,89.39213392190295,90.06728778567981,89.36035252903838,89.60176778523731,2968093
2026-04-04 12:07:43.716384,89.60176778523731,89.99409969199738,88.95277739110989,89.46651467623532,9817518
2026-04-04 12:08:43.716385,89.46651467623532,90.29553596852568,89.44152491626548,90.06480154700397,8371858
2026-04-04 12:09:43.716387,90.06480154700397,90.07228158293002,89.90889706317698,89.95649248449477,5235040
2026-04-04 12:10:43.716388,89.95649248449477,90.30363286958007,89.4672489921184,89.62689815417089,1676935
2026-04-04 12:11:43.716389,89.62689815417089,90.52537518732831,89.43629700624838,90.03196853024355,7722841
2026-04-04 12:12:43.716390,90.03196853024355,90.05909411679006,89.6850703634798,89.81427852007288,7749977
2026-04-04 12:13:43.716391,89.81427852007288,89.83890362420995,89.73426563570017,89.83570385062647,7488000
2026-04-04 12:14:43.716392,89.83570385062647,90.20329163764853,89.12575840704439,90.0231818787625,7697947
2026-04-04 12:15:43.716393,90.0231818787625,90.94132814330472,89.9199332418605,90.21209265938235,4348549
2026-04-04 12:16:43.716394,90.21209265938235,91.56809066390926,89.80164288303965,89.88366892008634,1988722
2026-04-04 12:17:43.716395,89.88366892008634,90.38515428308708,89.77234177505404,90.02522002877603,8989900
2026-04-04 12:18:43.716396,90.02522002877603,90.43603417495767,89.79334461489435,89.8137983408538,7724504
2026-04-04 12:19:43.716397,89.8137983408538,90.10195101277984,88.91198752932696,89.65855274303681,8074533
2026-04-04 12:20:43.716398,89.65855274303681,90.7587302391794,89.41064709895271,90.1138770370924,8536968
2026-04-04 12:21:43.716399,90.1138770370924,91.2361526239338,89.78423997829186,90.66585321215939,1807040
2026-04-04 12:22:43.716400,90.66585321215939,91.12407249577096,90.5609977254619,91.009711217869,3784975
2026-04-04 12:23:43.716402,91.009711217869,91.67910342988266,90.57081906414625,90.88870012065449,5859382
2026-04-04 12:24:43.716403,90.88870012065449,91.55098547561381,90.7960740261708,91.08797179982925,9908720
2026-04-04 12:25:43.716404,91.08797179982925,91.989655597278,90.51990501344604,91.40856623101494,9090433
2026-04-04 12:26:43.716405,91.40856623101494,91.53235011899189,91.13603265656879,91.33398666569461,2129775
2026-04-04 12:27:43.716406,91.33398666569461,92.01717153376646,90.62819368807743,91.06505119393586,7604168
2026-04-04 12:28:43.716407,91.06505119393586,91.0987586277399,90.80825239389193,91.05932905640225,3032656
2026-04-04 12:29:43.716408,91.05932905640225,91.3657043737278,90.8099832206781,91.14236928145071,8269623
2026-04-04 12:30:43.716409,91.14236928145071,91.63642157249642,90.32545975589662,90.4292504436583,6644219
2026-04-04 12:31:43.716410,90.4292504436583,90.7560739152286,90.2791366513118,90.32963053458475,9094566
2026-04-04 12:32:43.716411,90.32963053458475,90.54484283784382,90.20173687313405,90.48482316145869,8470396
2026-04-04 12:33:43.716412,90.48482316145869,90.61656652232128,89.58139996686879,90.60077168989021,4932613
2026-04-04 12:34:43.716413,90.60077168989021,91.22227713709557,90.43839127630677,90.62356723205897,5096920
2026-04-04 12:35:43.716414,90.62356723205897,91.28229483685938,90.31261603531341,90.71111095155297,8872277
2026-04-04 12:36:43.716415,90.71111095155297,90.97113739620578,90.40835258941318,90.89229425110932,6802199
2026-04-04 12:37:43.716416,90.89229425110932,91.28688540515105,90.55347877834213,90.59778711786694,1065867
2026-04-04 12:38:43.716418,90.59778711786694,90.68438811208377,90.55231981557985,90.60249512666785,2414119
2026-04-04 12:39:43.716419,90.60249512666785,90.7160619186728,89.98388538167522,90.3506975368834,3570746
2026-04-04 12:40:43.716420,90.3506975368834,90.48090605176914,89.79341601574616,90.20994800930279,7147401
2026-04-04 12:41:43.716421,90.20994800930279,90.65848473555543,89.74703464283486,89.85915559081737,8561743
2026-04-04 12:42:43.716422,89.85915559081737,90.31322368230171,89.69176500649564,89.80607935918206,4456800
2026-04-04 12:43:43.716423,89.80607935918206,90.27007765078528,89.4749136519165,90.25976208378303,5554704
2026-04-04 12:44:43.716424,90.25976208378303,91.52143154004895,89.99181873283942,91.12958279074934,4344849
2026-04-04 12:45:43.716425,91.12958279074934,91.65952596643285,90.99673240968451,91.53180072589353,6051921
2026-04-04 12:46:43.716426,91.53180072589353,91.71285990181698,91.24123128008303,91.59634853509664,6807811
2026-04-04 12:47:43.716427,91.59634853509664,92.71690968825648,91.48876164065665,92.56020600154409,5658575
2026-04-04 12:48:43.716428,92.56020600154409,92.73870126132485,91.7746376322204,91.79844503742008,5895737
2026-04-04 12:49:43.716429,91.79844503742008,91.90737550670285,91.48415789134485,91.70989629413629,3091028
2026-04-04 12:50:43.716430,91.70989629413629,92.0345084889098,91.16345369305317,91.28337574352545,8334291
2026-04-04 12:51:43.716431,91.28337574352545,91.38577540691352,90.48010251969175,90.74283619740703,5141314
2026-04-04 12:52:43.716432,90.74283619740703,91.5423228420127,90.25907855106401,91.10433964097396,9135800
2026-04-04 12:53:43.716433,91.10433964097396,92.07328288580194,90.70931438473717,91.91630058380503,1117369
2026-04-04 12:54:43.716435,91.91630058380503,92.31062651752376,91.61598861395139,91.68190503905166,3867695
2026-04-04 12:55:43.716436,91.68190503905166,92.40317215453543,90.72076283579646,90.97464428499508,6242042
2026-04-04 12:56:43.716437,90.97464428499508,91.12587511327546,89.97504792001725,90.43018108407232,4625279
2026-04-04 12:57:43.716438,90.43018108407232,90.90781735362884,89.64002255031866,90.81040755985812,2566772
2026-04-04 12:58:43.716439,90.81040755985812,91.31156092743565,90.68117109536193,91.1384837343931,5183005
2026-04-04 12:59:43.716440,91.1384837343931,91.6848578041948,90.79272015880028,91.47058972532935,5171364
2026-04-04 13:00:43.716442,91.47058972532935,91.58463781371712,90.8959701968115,91.34263592588515,8006451
2026-04-04 13:01:43.716443,91.34263592588515,91.42797721463617,90.50604763616117,90.7734290220934,5486745
2026-04-04 13:02:43.716444,90.7734290220934,90.92875824973892,90.52757572423201,90.9183850253695,1641462
2026-04-04 13:03:43.716445,90.9183850253695,91.00330598585005,90.74905322460522,90.9687510147922,6972872
2026-04-04 13:04:43.716446,90.9687510147922,92.55185796633683,90.57269734124957,91.47987210133151,7820399
2026-04-04 13:05:43.716447,91.47987210133151,92.10715098164603,91.1020090046144,91.88855021390607,6211276
2026-04-04 13:06:43.716448,91.88855021390607,92.25374246474152,91.7454830525919,91.93055093509415,5747924
2026-04-04 13:07:43.716449,91.93055093509415,91.99809014975665,91.11795819109503,91.3564586470192,3157098
2026-04-04 13:08:43.716450,91.3564586470192,91.8114429959309,90.800265183581,91.36168982041035,4295453
2026-04-04 13:09:43.716451,91.36168982041035,91.67295006884127,90.67086101571485,91.11176269084991,5713297
2026-04-04 13:10:43.716453,91.11176269084991,91.12470414288894,90.59481253894252,91.02970078871378,9324458
2026-04-04 13:11:43.716454,91.02970078871378,91.43784429872498,90.2971298656196,91.08635482694213,9896161
2026-04-04 13:12:43.716455,91.08635482694213,91.75759433191438,91.07253059536946,91.40598540309665,2902871
2026-04-04 13:13:43.716456,91.40598540309665,91.88295798511366,91.09731162463876,91.72955861484411,6758851
2026-04-04 13:14:43.716457,91.72955861484411,92.22592721386754,91.54982520124236,91.94833953503479,7779617
2026-04-04 13:15:43.716458,91.94833953503479,92.5296684255959,91.37348050611693,91.54856262745503,2619814
2026-04-04 13:16:43.716459,91.54856262745503,91.68745881869947,90.54114690743685,91.14822883563812,6091995
2026-04-04 13:17:43.716460,91.14822883563812,92.24914785110965,90.3683599198063,90.37928051698209,7497127
2026-04-04 13:18:43.716461,90.37928051698209,90.88770183732049,89.9882794365669,90.48098413352267,6357777
2026-04-04 13:19:43.716462,90.48098413352267,90.76908470771654,90.0879384720723,90.7142652249686,6360678
2026-04-04 13:20:43.716463,90.7142652249686,92.05060653061857,90.01826814314282,91.05300528812963,2519598
2026-04-04 13:21:43.716464,91.05300528812963,91.58429620946342,90.5858387031531,91.55115577868663,1660501
2026-04-04 13:22:43.716465,91.55115577868663,91.63112123560903,91.41813264634519,91.63079657501481,7466780
2026-04-04 13:23:43.716466,91.63079657501481,92.17956998969233,90.92441721973005,91.49383577512167,5391649
2026-04-04 13:24:43.716467,91.49383577512167,92.38768846815253,91.0038753298239,91.78968532361027,1667538
2026-04-04 13:25:43.716468,91.78968532361027,91.98577712925217,91.50994685754571,91.9114835893125,5261663
2026-04-04 13:26:43.716469,91.9114835893125,92.18748509553923,91.39021659303735,92.15534433909217,2881397
2026-04-04 13:27:43.716470,92.15534433909217,92.31776136016953,91.772383591081,92.16725645741802,6267382
2026-04-04 13:28:43.716472,92.16725645741802,92.18381079995383,91.6773076007324,92.17349529291667,8392053
2026-04-04 13:29:43.716473,92.17349529291667,92.82893428452259,92.0282091591397,92.32708930024094,9260768
2026-04-04 13:30:43.716474,92.32708930024094,92.73659676892291,91.75739187604132,91.88914902178288,4772380
2026-04-04 13:31:43.716475,91.88914902178288,92.14649540131124,91.73166395206896,91.84642746884474,7065925
2026-04-04 13:32:43.716476,91.84642746884474,93.26697454220154,91.5393151900659,92.97568414115699,9302089
2026-04-04 13:33:43.716477,92.97568414115699,93.50500264712308,92.38874042223911,92.92351084301433,2695625
2026-04-04 13:34:43.716478,92.92351084301433,94.55394493415656,92.54808304497708,93.10481036440846,2150311
2026-04-04 13:35:43.716479,93.10481036440846,93.26737918778575,92.66684095418987,92.77304121402231,4244811
2026-04-04 13:36:43.716480,92.77304121402231,93.82787071679455,92.6286177622073,93.2250499135795,5361862
2026-04-04 13:37:43.716482,93.2250499135795,93.66744090624968,93.0922856594978,93.64069813392412,2594362
2026-04-04 13:38:43.716484,93.64069813392412,94.59685296020487,92.79318129683347,92.86530281225829,4547480
2026-04-04 13:39:43.716485,92.86530281225829,93.09329450439955,92.12266141772072,93.00683326839896,1487707
2026-04-04 13:40:43.716486,93.00683326839896,94.15895025778323,92.44208755788283,93.08560206261524,4940063
2026-04-04 13:41:43.716487,93.08560206261524,93.6733498527281,92.83499935179498,93.33222029505328,4337013
2026-04-04 13:42:43.716488,93.33222029505328,93.34615802635844,93.05598269476968,93.1758035377473,3332127
2026-04-04 13:43:43.716489,93.1758035377473,93.58288611755285,92.13949777841333,92.58514723484846,5334165
2026-04-04 13:44:43.716490,92.58514723484846,93.30954098251428,92.57834851565434,93.06736156638064,7036207
2026-04-04 13:45:43.716491,93.06736156638064,93.12102448616308,92.01211515969312,92.38622756048017,9181311
2026-04-04 13:46:43.716492,92.38622756048017,92.70874693595346,91.8242510053972,92.58315095809502,2588404
2026-04-04 13:47:43.716493,92.58315095809502,92.94735230159282,91.82240524502168,92.13063935051316,9998331
2026-04-04 13:48:43.716494,92.13063935051316,92.33283568803674,90.85581135048182,91.72817826949614,6814104
2026-04-04 13:49:43.716495,91.72817826949614,92.02790522846381,90.9279873598642,91.31273632227725,4105003
2026-04-04 13:50:43.716496,91.31273632227725,91.41302941618015,90.59883638428457,90.87579219539487,2661342
2026-04-04 13:51:43.716497,90.87579219539487,90.89455234656606,89.92186492073027,90.39061205899101,6218907
2026-04-04 13:52:43.716498,90.39061205899101,91.07855094473484,89.54552294472471,90.00933553360005,1785786
2026-04-04 13:53:43.716499,90.00933553360005,90.57971081208073,89.85654304770034,90.39869669107453,1277834
2026-04-04 13:54:43.716500,90.39869669107453,90.65045755622153,89.55738486494216,89.80258992776577,4998585
2026-04-04 13:55:43.716501,89.80258992776577,90.11695279096598,89.67818949800287,89.8353393282009,9675237
2026-04-04 13:56:43.716503,89.8353393282009,90.60615232960214,89.6578292644539,90.54993928611248,2886522
2026-04-04 13:57:43.716504,90.54993928611248,91.38745575917083,90.22429862187678,90.98216542591528,1834938
2026-04-04 13:58:43.716505,90.98216542591528,91.78443541723705,90.6511213881657,91.44625521160782,9043732
2026-04-04 13:59:43.716506,91.44625521160782,92.96224286593431,90.83684877351017,92.29819670841201,8252270
2026-04-04 14:00:43.716507,92.29819670841201,92.48574856046898,91.72889523604299,92.48000868722116,9809609
2026-04-04 14:01:43.716508,92.48000868722116,92.75178688022682,91.1812871985314,91.81580602035577,8422244
2026-04-04 14:02:43.716509,91.81580602035577,91.94032484504741,91.23789740586349,91.48909538108875,9325344
2026-04-04 14:03:43.716510,91.48909538108875,92.17282316872932,91.05520443816667,91.58809920113815,5394203
2026-04-04 14:04:43.716511,91.58809920113815,92.21129757905415,91.40829613946819,91.82387451284254,3862750
2026-04-04 14:05:43.716512,91.82387451284254,92.67624235456174,91.49696695585654,92.05560970659457,2255950
2026-04-04 14:06:43.716513,92.05560970659457,92.97659006351951,91.79256322454825,92.33644910051703,2615270
2026-04-04 14:07:43.716514,92.33644910051703,92.53261746613218,91.75545221248186,92.2434302844697,8609420
2026-04-04 14:08:43.716515,92.2434302844697,92.37814465422005,91.64875403678876,92.15457799064342,2540710
2026-04-04 14:09:43.716516,92.15457799064342,92.4879840031712,91.97045019777822,91.97069048209093,7461202
2026-04-04 14:10:43.716517,91.97069048209093,92.22443873211783,91.85876500014895,92.0144297128235,1767128
2026-04-04 14:11:43.716519,92.0144297128235,92.54254235096029,90.93261845118037,91.28005970090881,7077449
2026-04-04 14:12:43.716520,91.28005970090881,92.31695568017392,91.2380905978787,91.36916504022574,9919757
2026-04-04 14:13:43.716521,91.36916504022574,91.65641534060097,91.17256803511624,91.33577185977417,1941208
2026-04-04 14:14:43.716522,91.33577185977417,91.598241753213,90.91116969533432,90.94918483040408,6607414
2026-04-04 14:15:43.716523,90.94918483040408,91.01676645565271,90.94204632167411,90.95996792022721,2653005
2026-04-04 14:16:43.716524,90.95996792022721,91.00353146198412,90.6567140524218,90.97606435651237,9399122
2026-04-04 14:17:43.716525,90.97606435651237,91.1537436744579,90.87880694352451,90.98590223580464,6091281
2026-04-04 14:18:43.716526,90.98590223580464,91.8557636450376,90.5369981799416,91.43365737618787,4355000
2026-04-04 14:19:43.716527,91.43365737618787,91.84065346428969,90.42428234930314,91.11787833373155,2350093
2026-04-04 14:20:43.716528,91.11787833373155,91.23475560136927,90.25228597680767,91.14239264648627,6755327
2026-04-04 14:21:43.716529,91.14239264648627,91.60989301507516,90.43714163619008,90.46533576855109,1682346
2026-04-04 14:22:43.716530,90.46533576855109,90.695233449873,90.1959658272766,90.58507401816192,5084032
2026-04-04 14:23:43.716531,90.58507401816192,90.96749179330811,90.2734324839395,90.56431264505973,1760956
2026-04-04 14:24:43.716532,90.56431264505973,91.00569457295833,89.35284998573698,90.32094905035856,8578729
2026-04-04 14:25:43.716535,90.32094905035856,90.58736078469857,90.0624481141353,90.49415645665015,5754417
2026-04-04 14:26:43.716536,90.49415645665015,90.61041661841787,90.00925782426076,90.14801020355259,9853143
2026-04-04 14:27:43.716537,90.14801020355259,91.54132355138856,89.85592921481658,90.88593756936118,4550985
2026-04-04 14:28:43.716538,90.88593756936118,91.44804470122008,90.44420602585076,91.14978845283184,9776510
2026-04-04 14:29:43.716539,91.14978845283184,91.55924181213629,90.71218801841297,91.14448718938817,9828325
2026-04-04 14:30:43.716540,91.14448718938817,91.51624967753807,90.78320907427417,91.03217574065822,8054378
2026-04-04 14:31:43.716541,91.03217574065822,91.40336066702638,90.55917927542475,90.7410579098201,5826176
2026-04-04 14:32:43.716542,90.7410579098201,91.08091911270607,89.82980115814001,90.03744122542844,1085395
2026-04-04 14:33:43.716543,90.03744122542844,90.24220303697756,89.64632922722528,90.07880624045437,2093060
2026-04-04 14:34:43.716544,90.07880624045437,90.64180131543866,89.84528015741105,90.09124125870629,3612761
2026-04-04 14:35:43.716545,90.09124125870629,91.13707180403523,89.92670255598863,90.87609474740333,5817842
2026-04-04 14:36:43.716546,90.87609474740333,92.57114146844387,90.14776485011673,91.82110034322042,9750364
2026-04-04 14:37:43.716547,91.82110034322042,92.13201050118131,91.04695883393588,91.54107485916651,8827881
2026-04-04 14:38:43.716549,91.54107485916651,92.16509961660174,90.86382368057595,91.13959214305574,4867293
2026-04-04 14:39:43.716550,91.13959214305574,91.88345727570628,91.00710378488681,91.3848846061589,7911616
2026-04-04 14:40:43.716551,91.3848846061589,92.45874398987515,91.03557583642608,92.19954788035588,7636393
2026-04-04 14:41:43.716552,92.19954788035588,92.57825054221217,91.8257529568657,91.90378831901931,2208957
2026-04-04 14:42:43.716553,91.90378831901931,93.1350775164748,91.26060143068399,92.74827784660532,8142727
2026-04-04 14:43:43.716554,92.74827784660532,93.50891431860404,92.64600514183728,92.80819333487626,4636119
2026-04-04 14:44:43.716555,92.80819333487626,93.66627664669838,92.28726747059072,93.20782710134134,4917000
2026-04-04 14:45:43.716556,93.20782710134134,93.24118780056352,92.62578642373849,93.15283512839402,2264008
2026-04-04 14:46:43.716557,93.15283512839402,94.0651886779778,92.90189963111933,93.25069251314677,7134678
2026-04-04 14:47:43.716558,93.25069251314677,93.44685058115053,93.04458359738415,93.241926517861,5744353
2026-04-04 14:48:43.716559,93.241926517861,93.69706201731023,92.82192194371535,92.95999412520885,1130334
2026-04-04 14:49:43.716560,92.95999412520885,93.99373007301419,92.1749851319615,92.93596924775697,3508963
2026-04-04 14:50:43.716561,92.93596924775697,93.2941455048215,92.26839109407558,92.75714495307662,1617423
2026-04-04 14:51:43.716562,92.75714495307662,93.34458915451556,91.96897870594447,92.97278804979925,7719142
2026-04-04 14:52:43.716563,92.97278804979925,94.84527613028152,92.44448389130298,93.17645662441895,5275542
2026-04-04 14:53:43.716564,93.17645662441895,93.366516520949,92.7531747219513,92.91811628019992,1586470
2026-04-04 14:54:43.716565,92.91811628019992,93.66367033303963,92.50890221685412,92.67052106741431,2818352
2026-04-04 14:55:43.716566,92.67052106741431,93.53139710665032,91.36635151620601,91.89918925935811,9360927
2026-04-04 14:56:43.716568,91.89918925935811,92.53402120907789,91.67454806945676,92.39375544344993,8185300
2026-04-04 14:57:43.716569,92.39375544344993,93.0658083850638,92.20015453568239,92.99296998762527,3507720
2026-04-04 14:58:43.716570,92.99296998762527,93.32573038015988,92.92461920183882,93.01441924160352,4580885
2026-04-04 14:59:43.716571,93.01441924160352,93.46331883147171,93.00554490897292,93.25526547797203,4980125
2026-04-04 15:00:43.716572,93.25526547797203,93.27857278295892,92.74918453363784,92.90356911764849,3374151
2026-04-04 15:01:43.716573,92.90356911764849,93.97078003972783,92.16177669960994,93.37233276076729,3675877
2026-04-04 15:02:43.716574,93.37233276076729,94.38914239993078,92.57270430789873,92.8975738774591,1842329
2026-04-04 15:03:43.716575,92.8975738774591,93.66439863725645,92.46613617002795,92.94501027421569,4773618
2026-04-04 15:04:43.716576,92.94501027421569,93.95018134621348,92.73286220305383,93.2616938456179,5625535
2026-04-04 15:05:43.716577,93.2616938456179,93.47128447735298,92.99027705820738,93.14402973141163,9870046
2026-04-04 15:06:43.716578,93.14402973141163,93.28909730047626,91.81165364573206,92.36016461112283,5072091
2026-04-04 15:07:43.716579,92.36016461112283,93.10740083689325,91.93761198497727,92.16977872738124,2591711
2026-04-04 15:08:43.716580,92.16977872738124,92.68526123166893,91.82226681902402,92.06464157427399,5512121
2026-04-04 15:09:43.716581,92.06464157427399,92.39120920037934,91.5327063440215,91.82866804395101,6900726
2026-04-04 15:10:43.716582,91.82866804395101,92.39297830690558,91.74697966313944,91.81258406396974,3086172
2026-04-04 15:11:43.716583,91.81258406396974,92.75355639677663,90.7079693513821,92.67443715322008,8322933
2026-04-04 15:12:43.716584,92.67443715322008,92.78463661262046,91.8679442638917,92.67157493652975,4776764
2026-04-04 15:13:43.716586,92.67157493652975,93.69233428584997,92.51164841123229,93.6422088040143,4399618
2026-04-04 15:14:43.716587,93.6422088040143,94.03944688607103,92.96163645981616,93.19241210139506,5261725
2026-04-04 15:15:43.716588,93.19241210139506,93.95605545024401,92.74785892212464,93.62946816397917,4789514
2026-04-04 15:16:43.716589,93.62946816397917,94.75943121339266,93.54705199685615,93.81391536545475,3126028
2026-04-04 15:17:43.716590,93.81391536545475,94.60913680968821,93.44078099978314,93.91697794285732,7103807
2026-04-04 15:18:43.716591,93.91697794285732,95.06229915584444,93.6270153047327,94.04602642266754,3916596
2026-04-04 15:19:43.716592,94.04602642266754,94.42167084573522,93.49914240923698,93.99597541790486,5866940
2026-04-04 15:20:43.716593,93.99597541790486,94.18223704250907,93.5166509764834,93.82981503328375,7269191
2026-04-04 15:21:43.716594,93.82981503328375,94.50657970943641,93.79126932966925,94.03665136009286,3751821
2026-04-04 15:22:43.716595,94.03665136009286,94.97927512806092,94.01732852939278,94.48974395654247,6506336
2026-04-04 15:23:43.716596,94.48974395654247,95.62928596680553,94.15378056258324,94.8043626642782,3085469
2026-04-04 15:24:43.716597,94.8043626642782,95.7915890866972,94.43072629330089,94.63459875400925,9973541
2026-04-04 15:25:43.716598,94.63459875400925,94.85392940348528,93.81066482709286,94.17869896218427,1427709
2026-04-04 15:26:43.716599,94.17869896218427,94.95441652591256,93.95096679718856,94.30277605945935,6234748
2026-04-04 15:27:43.716600,94.30277605945935,94.72221801898272,94.23593540509836,94.61478009406154,8517475
2026-04-04 15:28:43.716602,94.61478009406154,94.99392542735976,94.04920539716468,94.87117644809608,6127736
2026-04-04 15:29:43.716603,94.87117644809608,95.11052779986501,93.9401079202822,94.23531813023146,2995127
2026-04-04 15:30:43.716604,94.23531813023146,94.54702097169026,93.57707724399019,93.93092417648687,6122969
2026-04-04 15:31:43.716605,93.93092417648687,94.45629502129088,93.63596897501742,93.64207601829213,1851980
2026-04-04 15:32:43.716606,93.64207601829213,94.39939455320327,93.0261413813776,94.04710738409834,6309068
2026-04-04 15:33:43.716607,94.04710738409834,94.41771823116311,94.04317522228412,94.14581841481848,3871712
2026-04-04 15:34:43.716608,94.14581841481848,94.96979675090633,93.62478552239608,94.33773811789695,4066461
2026-04-04 15:35:43.716609,94.33773811789695,95.29803663991264,94.05436121259643,94.27542675487707,5175252
2026-04-04 15:36:43.716610,94.27542675487707,94.46709908389846,93.80772174046601,93.88876141848256,4478192
2026-04-04 15:37:43.716611,93.88876141848256,94.25822402372641,93.37483036330451,94.18406826173923,6600068
2026-04-04 15:38:43.716612,94.18406826173923,94.54908573935148,93.68586498278674,94.17819538369285,9053024
2026-04-04 15:39:43.716613,94.17819538369285,95.17631448681259,93.57878538055364,94.15984996933929,9177039
2026-04-04 15:40:43.716614,94.15984996933929,94.9664406084529,93.51178419242365,93.87931663550329,9072590
2026-04-04 15:41:43.716615,93.87931663550329,95.15523402214654,93.8752867710845,94.57949074166241,8586288
2026-04-04 15:42:43.716616,94.57949074166241,95.00927463705162,94.48755464919066,94.73116118897381,6094502
2026-04-04 15:43:43.716617,94.73116118897381,95.26954736729347,94.0179344819359,95.08798667723242,4452097
2026-04-04 15:44:43.716618,95.08798667723242,95.5387438552395,94.43183630431083,94.53791598005633,1865630
2026-04-04 15:45:43.716619,94.53791598005633,95.25000718178708,94.38675458187332,94.70057895912838,3972881
2026-04-04 15:46:43.716620,94.70057895912838,95.6351624228209,94.50680419564561,94.67406909908027,3969852
2026-04-04 15:47:43.716622,94.67406909908027,95.64089190290039,94.56965139361094,95.44105743586854,8689969
2026-04-04 15:48:43.716623,95.44105743586854,95.8883456979486,94.9139864103597,95.64239644834775,6010281
2026-04-04 15:49:43.716624,95.64239644834775,95.77154171679992,95.03737780370271,95.21959522484178,3389911
2026-04-04 15:50:43.716626,95.21959522484178,95.35828854590424,95.20141267675945,95.27695047012747,3036721
2026-04-04 15:51:43.716627,95.27695047012747,95.42957702732411,94.22196269176283,95.06778022404463,9706406
2026-04-04 15:52:43.716628,95.06778022404463,95.79951027926944,94.88602151788024,95.44546118684958,6648734
2026-04-04 15:53:43.716629,95.44546118684958,96.27811671782851,95.30303183171203,96.20528784878161,3473055
2026-04-04 15:54:43.716630,96.20528784878161,97.44207618842033,96.04185478313187,96.95347348920951,7132446
2026-04-04 15:55:43.716631,96.95347348920951,97.15904043765387,96.35211177502008,97.00073690562543,4070610
2026-04-04 15:56:43.716632,97.00073690562543,97.19337598784573,95.48594214522814,96.25553135549717,4335705
2026-04-04 15:57:43.716633,96.25553135549717,97.94011228590999,96.24570744701624,96.54255344290446,8079903
2026-04-04 15:58:43.716634,96.54255344290446,97.08716919076768,95.98330506247294,96.40548512291987,7203690
2026-04-04 15:59:43.716635,96.40548512291987,97.06994419356303,95.84644204394935,96.1693364608026,5083372
2026-04-04 16:00:43.716636,96.1693364608026,96.48612497488104,95.23092137508785,95.99263917120125,9309740
2026-04-04 16:01:43.716640,95.99263917120125,96.39900373032893,95.6444181265895,96.04970877278113,2496030
2026-04-04 16:02:43.716641,96.04970877278113,96.1777958666619,95.77226144565321,95.93198795676942,9718936
2026-04-04 16:03:43.716642,95.93198795676942,96.27485643995483,95.62079475275839,95.90578358549365,6658307
2026-04-04 16:04:43.716644,95.90578358549365,96.14969971197533,95.75078515434829,95.7778808074851,5384432
2026-04-04 16:05:43.716645,95.7778808074851,96.05400928871647,95.07949467081673,95.43161756444482,2660102
2026-04-04 16:06:43.716646,95.43161756444482,95.77808123437151,95.30209999876048,95.72353120659537,9356164
2026-04-04 16:07:43.716647,95.72353120659537,96.03008931957883,95.36688075501476,95.83846032290273,3379093
2026-04-04 16:08:43.716648,95.83846032290273,96.38902910095617,94.93211914080872,95.84758472821268,7432975
2026-04-04 16:09:43.716649,95.84758472821268,96.46191980886559,95.38792287028647,96.08700781917226,4820730
2026-04-04 16:10:43.716650,96.08700781917226,97.22751139073215,95.9074033557979,96.95988097463706,2954702
2026-04-04 16:11:43.716651,96.95988097463706,98.16776718344134,96.55942270800949,97.38093214269402,6323940
2026-04-04 16:12:43.716652,97.38093214269402,97.82073663665162,97.1888093087375,97.62643649200264,8873692
2026-04-04 16:13:43.716653,97.62643649200264,98.27566622645324,96.65630901634323,97.44850460231761,1535888
2026-04-04 16:14:43.716654,97.44850460231761,97.6287407127443,96.45351608821008,96.72797626595336,2724620
2026-04-04 16:15:43.716655,96.72797626595336,96.86642691342752,96.21420955949465,96.29450016404388,8248730
2026-04-04 16:16:43.716656,96.29450016404388,96.40552117399616,95.35718947467655,95.42200937086575,5100321
2026-04-04 16:17:43.716657,95.42200937086575,95.80782989890736,94.4339487168714,95.33468725177498,9093068
2026-04-04 16:18:43.716658,95.33468725177498,96.8119286618028,94.74087491732854,95.87713852616208,1703645
2026-04-04 16:19:43.716659,95.87713852616208,97.09470204910873,95.55085184444629,96.1459075484144,4983063
2026-04-04 16:20:43.716661,96.1459075484144,96.61529189245988,96.03614194690073,96.05787710778417,4606940
2026-04-04 16:21:43.716662,96.05787710778417,96.3048693240801,95.1047109733817,95.67365004023858,6444003
2026-04-04 16:22:43.716663,95.67365004023858,95.77490239368905,95.03034639869452,95.44547293839223,1979907
2026-04-04 16:23:43.716664,95.44547293839223,95.53801411327939,94.49669954743028,95.0490645843777,5985248
2026-04-04 16:24:43.716665,95.0490645843777,95.13740576847063,94.44275570071481,94.78867254688046,2950408
2026-04-04 16:25:43.716666,94.78867254688046,96.23301662292879,93.44575610828612,95.4891216379553,4489550
2026-04-04 16:26:43.716667,95.4891216379553,95.78353062297072,94.81354546121179,95.18707377078961,9334750
2026-04-04 16:27:43.716668,95.18707377078961,96.40337720347792,95.05689175420409,95.36179149981358,1483075
2026-04-04 16:28:43.716669,95.36179149981358,96.49390176292103,95.2959526057746,95.49208405584503,5473214
2026-04-04 16:29:43.716670,95.49208405584503,96.4354110857316,94.99464162557359,95.70352277523303,9566554
2026-04-04 16:30:43.716671,95.70352277523303,95.98764813841359,95.06790315403187,95.66901417218118,3379897
2026-04-04 16:31:43.716672,95.66901417218118,96.14415019501479,95.17178460517998,95.67152250614313,6878263
2026-04-04 16:32:43.716673,95.67152250614313,96.43915827161106,94.89485708908153,95.19132037746496,8747156
2026-04-04 16:33:43.716674,95.19132037746496,95.80579918641259,94.72147410463648,94.87734327672757,2960299
2026-04-04 16:34:43.716675,94.87734327672757,95.18899411438149,93.85004120248735,94.18993820563875,2897459
2026-04-04 16:35:43.716676,94.18993820563875,94.72960161280841,93.41447190326649,93.95147433220798,8903797
2026-04-04 16:36:43.716678,93.95147433220798,94.07764814688437,93.37961166772985,93.9030376167043,5247328
2026-04-04 16:37:43.716679,93.9030376167043,94.43748293279229,93.86955936786592,94.42677074690089,7126463
2026-04-04 16:38:43.716680,94.42677074690089,95.06791122404479,93.65622823193519,94.47994905320839,1483791
2026-04-04 16:39:43.716681,94.47994905320839,94.71935186791175,94.16531449040065,94.57104538081485,3622280
2026-04-04 16:40:43.716682,94.57104538081485,95.58213859927862,93.75861508795069,94.74332588669421,9463331
2026-04-04 16:41:43.716683,94.74332588669421,95.73427306031093,94.26458375061408,94.28999112880113,4726904
2026-04-04 16:42:43.716684,94.28999112880113,95.29132612245556,93.40706393967109,93.74501328431153,4782164
2026-04-04 16:43:43.716685,93.74501328431153,93.93968489244273,93.22419027215379,93.57581058533383,7776432
2026-04-04 16:44:43.716686,93.57581058533383,93.86945672508774,92.74262812385095,93.16504202336296,8354292
2026-04-04 16:45:43.716687,93.16504202336296,94.29382522421547,91.9550221890016,93.68547977903309,5458434
2026-04-04 16:46:43.716688,93.68547977903309,94.03153909321367,93.40474311480106,93.72880808881551,9472761
2026-04-04 16:47:43.716689,93.72880808881551,94.03677047265457,93.14695484108677,93.47304439147102,1078947
2026-04-04 16:48:43.716690,93.47304439147102,93.57040708695354,92.99789580519885,93.16576594239362,4936642
2026-04-04 16:49:43.716691,93.16576594239362,93.467711134204,92.65373266010025,92.89019672930128,7626532
2026-04-04 16:50:43.716692,92.89019672930128,93.53692426100751,91.61679336256672,91.92579890573258,2030120
2026-04-04 16:51:43.716693,91.92579890573258,91.96105162109889,91.20956496777202,91.29942346729537,1872109
2026-04-04 16:52:43.716694,91.29942346729537,91.66083133167558,90.66462092189697,91.55612087311529,4101004
2026-04-04 16:53:43.716695,91.55612087311529,91.71134931408233,90.938498772336,91.09360296530029,7433564
2026-04-04 16:54:43.716696,91.09360296530029,92.00429646538929,90.99367936957186,91.68154285321775,6770938
2026-04-04 16:55:43.716698,91.68154285321775,91.76576760373823,91.15676590820063,91.65997392550162,1983638
2026-04-04 16:56:43.716699,91.65997392550162,92.05056963285458,91.46331128037754,91.8913398423943,8466897
2026-04-04 16:57:43.716700,91.8913398423943,92.17150708710508,90.73932940396801,92.13114354707267,9214491
2026-04-04 16:58:43.716701,92.13114354707267,93.46295931280459,91.83517161117466,92.27774356854155,8613312
2026-04-04 16:59:43.716702,92.27774356854155,92.97499197609713,91.53258608378536,92.51442785718126,4268896
2026-04-04 17:00:43.716703,92.51442785718126,93.22804969643335,91.4666027150521,92.443576728866,4993611
2026-04-04 17:01:43.716704,92.443576728866,92.7524784365728,91.9331889385085,92.43319220291876,9173192
2026-04-04 17:02:43.716705,92.43319220291876,93.12590460856623,92.09529872607737,92.71522145817839,8406465
2026-04-04 17:03:43.716706,92.71522145817839,92.71573600201583,91.7792774259015,92.49352810363729,3572703
2026-04-04 17:04:43.716707,92.49352810363729,92.80958719932553,92.17573547368914,92.63405460941688,5605677
2026-04-04 17:05:43.716708,92.63405460941688,93.36373522790858,92.36359463323333,92.47785925594552,2761987
2026-04-04 17:06:43.716709,92.47785925594552,92.68834049466498,91.67587595918968,92.63388025803013,1047367
2026-04-04 17:07:43.716710,92.63388025803013,93.0182845594924,91.74457853528509,92.27820568278236,1364716
2026-04-04 17:08:43.716711,92.27820568278236,92.82647419689017,92.24182416783458,92.69303570364329,9284742
2026-04-04 17:09:43.716712,92.69303570364329,93.14524487840738,92.62825356599672,92.62860347399888,9169815
2026-04-04 17:10:43.716713,92.62860347399888,93.46656773660773,91.94601758274776,93.04103548682849,6000783
2026-04-04 17:11:43.716714,93.04103548682849,93.41072404621617,92.48205044056182,93.27409995321061,7622266
2026-04-04 17:12:43.716716,93.27409995321061,94.03113898722077,92.01453125624322,92.93992029608143,1903057
2026-04-04 17:13:43.716717,92.93992029608143,93.65203434778417,91.95746391484408,93.14633119220647,1663478
2026-04-04 17:14:43.716718,93.14633119220647,93.21079098424904,92.49410934773003,93.10346881147339,3042361
2026-04-04 17:15:43.716719,93.10346881147339,93.56819793006136,92.59384167369541,92.83465151862254,1187486
2026-04-04 17:16:43.716721,92.83465151862254,93.9058394493489,92.61744144678951,93.33769115291983,3202661
2026-04-04 17:17:43.716722,93.33769115291983,94.07590707978655,92.58871338199661,92.95784137436247,7401391
2026-04-04 17:18:43.716723,92.95784137436247,93.22711878282524,91.61659400610547,92.49885353174106,3141924
2026-04-04 17:19:43.716724,92.49885353174106,93.00735997832274,92.29595413375965,92.38312296838127,5233384
2026-04-04 17:20:43.716725,92.38312296838127,93.43167260211476,91.92004504933658,92.91385190401027,3873382
2026-04-04 17:21:43.716726,92.91385190401027,92.9298199675805,92.5265384064095,92.79450273050941,9314052
2026-04-04 17:22:43.716727,92.79450273050941,92.92974580999145,92.52793721470601,92.78443790684979,2918517
2026-04-04 17:23:43.716728,92.78443790684979,93.46672648786156,92.5074594077834,92.91458120250638,9845909
2026-04-04 17:24:43.716730,92.91458120250638,92.94679336921915,92.02085866011065,92.41943757878755,9232823
2026-04-04 17:25:43.716731,92.41943757878755,92.49716621028678,91.26944309652319,91.70413069393435,7363395
2026-04-04 17:26:43.716732,91.70413069393435,91.92714287632678,91.14389053970268,91.35563207948152,9510974
2026-04-04 17:27:43.716733,91.35563207948152,92.69554652118558,91.35305775528622,91.66847154127157,1356440
2026-04-04 17:28:43.716734,91.66847154127157,92.09736317496414,90.99989412440902,91.86159858604073,9366126
2026-04-04 17:29:43.716735,91.86159858604073,92.67275960660875,90.48202255960953,91.76026597619307,3903561
2026-04-04 17:30:43.716736,91.76026597619307,92.93750935215782,91.34369927536918,92.65792423883445,5857162
2026-04-04 17:31:43.716737,92.65792423883445,93.3331630760462,92.20987287403621,92.58210223825348,9782153
2026-04-04 17:32:43.716738,92.58210223825348,92.68559854710584,91.69683053114606,92.25126178536046,1986275
2026-04-04 17:33:43.716739,92.25126178536046,92.50933758022725,92.02269412851425,92.15885906539933,1810586
2026-04-04 17:34:43.716740,92.15885906539933,92.83039740943292,91.99588967773508,92.53152616007235,9420149
2026-04-04 17:35:43.716741,92.53152616007235,92.90820064598795,92.33126732428313,92.54113884145795,5935500
2026-04-04 17:36:43.716742,92.54113884145795,92.70237297760876,91.93428672475855,92.00945187054198,1427557
2026-04-04 17:37:43.716743,92.00945187054198,92.3330091169325,91.52893862754016,91.58495353388383,8767227
2026-04-04 17:38:43.716744,91.58495353388383,91.95340671952738,91.2989418249993,91.84870325582507,3463501
2026-04-04 17:39:43.716745,91.84870325582507,92.22767774410411,91.20299775543755,91.38219441030802,6026014
2026-04-04 17:40:43.716746,91.38219441030802,92.5972205371437,91.13810897663282,92.20040988749192,8984705
2026-04-04 17:41:43.716747,92.20040988749192,92.27174999093648,91.52247738872119,92.010096352262,5777376
2026-04-04 17:42:43.716748,92.010096352262,92.153404318451,91.4569552905599,92.11200913031007,3425358
2026-04-04 17:43:43.716749,92.11200913031007,93.11742789579098,92.05619261266197,92.79954982521794,3105777
2026-04-04 17:44:43.716751,92.79954982521794,92.91690263847593,92.43867349159038,92.45358358690297,8449116
2026-04-04 17:45:43.716752,92.45358358690297,93.40381987478531,92.35347772786083,93.19157201796169,6171666
2026-04-04 17:46:43.716753,93.19157201796169,93.92821656112712,92.98186138057368,93.06798082705471,2280280
2026-04-04 17:47:43.716754,93.06798082705471,93.78763713667979,92.5849158853589,93.3187583452768,5986518
2026-04-04 17:48:43.716755,93.3187583452768,94.82076273118507,93.1493615327926,93.7848230936984,2535834
2026-04-04 17:49:43.716756,93.7848230936984,94.0141233705599,93.00266016798615,93.28987050669845,8536381
2026-04-04 17:50:43.716757,93.28987050669845,93.93992770022422,92.60017673348642,93.16704619457526,7539108
2026-04-04 17:51:43.716758,93.16704619457526,93.70405251491405,92.39714207408406,93.68424774382635,3801818
2026-04-04 17:52:43.716759,93.68424774382635,94.11426736984704,93.49186899315586,93.53507134213785,5062118
2026-04-04 17:53:43.716760,93.53507134213785,94.44208345819723,92.61165443555086,93.02562316892427,9262369
2026-04-04 17:54:43.716761,93.02562316892427,93.82150727951002,92.54366560118044,92.87392176256645,6611544
2026-04-04 17:55:43.716762,92.87392176256645,92.96506772904252,92.03420805673505,92.14218427678846,3619893
2026-04-04 17:56:43.716763,92.14218427678846,92.7113081134805,91.40900874706571,92.15370404634135,2103248
2026-04-04 17:57:43.716764,92.15370404634135,93.14283403096209,91.92806792742753,92.47154440213264,4583650
2026-04-04 17:58:43.716765,92.47154440213264,92.95341100597228,92.24622986305329,92.73479542490706,9904337
2026-04-04 17:59:43.716766,92.73479542490706,93.18983764369158,92.22037647644751,92.53008215227042,3498002
2026-04-04 18:00:43.716767,92.53008215227042,93.26259913367217,91.63008720374206,91.86454490887652,6910122
2026-04-04 18:01:43.716768,91.86454490887652,92.72803845629086,91.04916667862736,91.70932200904585,3097951
2026-04-04 18:02:43.716770,91.70932200904585,91.77626433416602,91.34744800271453,91.75713028581346,4197418
2026-04-04 18:03:43.716771,91.75713028581346,92.22932432835165,90.49030524554645,91.21531226409091,1734158
2026-04-04 18:04:43.716772,91.21531226409091,91.93687863163294,90.6179167654749,90.79927264538424,3479129
2026-04-04 18:05:43.716773,90.79927264538424,91.28528425911585,90.74212061832318,90.8384262662581,9461516
2026-04-04 18:06:43.716774,90.8384262662581,91.43096052625013,90.31853513472656,90.72388720086612,9839023
2026-04-04 18:07:43.716775,90.72388720086612,90.88342840278203,90.10338928779375,90.18730450641502,4232940
2026-04-04 18:08:43.716776,90.18730450641502,90.71089824269161,89.4207035040829,90.35399300899256,8355554
2026-04-04 18:09:43.716777,90.35399300899256,90.68142163003981,89.94828983320109,90.34370633017569,9943742
2026-04-04 18:10:43.716778,90.34370633017569,90.92391034965426,89.62613910058664,90.09637253974617,9472714
2026-04-04 18:11:43.716779,90.09637253974617,90.45299840112045,89.59145747826697,90.0954361049579,1735062
2026-04-04 18:12:43.716780,90.0954361049579,90.22713212094362,89.60656954859272,89.80294521074278,7284179
2026-04-04 18:13:43.716781,89.80294521074278,90.2659768895502,89.10415046690176,89.7486759604847,2424241
2026-04-04 18:14:43.716782,89.7486759604847,89.97205516887897,89.35601150842552,89.5967633887203,4695611
2026-04-04 18:15:43.716783,89.5967633887203,90.05357201500917,89.43646226528826,89.79778349436035,9351870
2026-04-04 18:16:43.716784,89.79778349436035,90.07095047609192,89.27423283902223,89.80130147452473,3466704
2026-04-04 18:17:43.716785,89.80130147452473,90.14789369842232,89.3575059398022,89.99316493430122,4003337
2026-04-04 18:18:43.716786,89.99316493430122,90.41381554846011,89.07748038220537,90.12527103984539,9045021
2026-04-04 18:19:43.716787,90.12527103984539,90.42445434901033,89.46750651469775,90.20827231894789,1312051
2026-04-04 18:20:43.716788,90.20827231894789,90.5972773131098,90.12097980955649,90.52762033254608,7025140
2026-04-04 18:21:43.716790,90.52762033254608,90.54412902935034,90.00962326744622,90.42150557193081,7036860
2026-04-04 18:22:43.716791,90.42150557193081,90.44512325630504,89.9175259408556,90.29271605453027,1297180
2026-04-04 18:23:43.716792,90.29271605453027,91.13136411464059,89.88031204457657,90.11251134899364,4229065
2026-04-04 18:24:43.716793,90.11251134899364,90.48866564380957,89.50498587969133,89.90100806817956,9003029
2026-04-04 18:25:43.716794,89.90100806817956,90.62846102462672,88.97130180484525,90.11475125974273,1776385
2026-04-04 18:26:43.716795,90.11475125974273,90.76401976756809,89.56255179857422,89.9939903256157,9607964
2026-04-04 18:27:43.716796,89.9939903256157,90.5826221813238,89.60246546927236,90.48831455292544,4289363
2026-04-04 18:28:43.716797,90.48831455292544,90.50133381439545,90.33594663655647,90.41962894044856,2649379
2026-04-04 18:29:43.716798,90.41962894044856,91.30766473556142,90.0957729190604,90.80761888615584,3392001
2026-04-04 18:30:43.716799,90.80761888615584,91.64065195031753,90.50796121472705,91.20332109638296,3249119
2026-04-04 18:31:43.716800,91.20332109638296,91.85365263270576,90.7604083855898,90.97549847833004,9584036
2026-04-04 18:32:43.716801,90.97549847833004,91.35108608063622,90.90670654174075,91.11023257224502,4981048
2026-04-04 18:33:43.716802,91.11023257224502,91.16242025264684,90.78193339152493,90.82012070398198,8946321
2026-04-04 18:34:43.716803,90.82012070398198,91.44778155451435,90.7916635399312,90.83111928721368,4228409
2026-04-04 18:35:43.716804,90.83111928721368,91.02733440335852,89.69321708048106,90.51125340903944,5747492
2026-04-04 18:36:43.716805,90.51125340903944,91.18478651762436,89.7626454942159,90.90122199949343,1468163
2026-04-04 18:37:43.716806,90.90122199949343,91.29044570912278,90.36558516874729,90.55103975820884,7589763
2026-04-04 18:38:43.716807,90.55103975820884,90.65756124408875,88.79172247397943,89.75471196436037,9570209
2026-04-04 18:39:43.716808,89.75471196436037,89.90977573806661,89.05661049917605,89.13361419718234,6325910
2026-04-04 18:40:43.716810,89.13361419718234,89.87461228688609,88.7945578742122,89.69414806585831,6506774
2026-04-04 18:41:43.716819,89.69414806585831,90.02046151325028,89.31069271956433,89.69011584595205,3453039
2026-04-04 18:42:43.716820,89.69011584595205,90.21534474916028,89.35681439755518,90.09483494629589,7491212
2026-04-04 18:43:43.716821,90.09483494629589,90.25595215526236,89.77751507610338,89.80648034802444,5528458
2026-04-04 18:44:43.716822,89.80648034802444,90.16445307368632,89.4915839331639,89.71130723767557,7316851
2026-04-04 18:45:43.716823,89.71130723767557,90.45027959352183,89.51453985585361,89.88093031765074,1527169
2026-04-04 18:46:43.716824,89.88093031765074,90.04961316878702,88.70367711046211,89.63014578385295,9683585
2026-04-04 18:47:43.716825,89.63014578385295,89.92963102324724,89.36071364926894,89.5958188270926,4971183
2026-04-04 18:48:43.716826,89.5958188270926,89.72866761943206,88.66714697248554,89.24318641820604,2043423
2026-04-04 18:49:43.716827,89.24318641820604,89.8211528614658,89.02046093793838,89.50268413924472,5609635
2026-04-04 18:50:43.716828,89.50268413924472,90.2409240001148,89.46587450473983,89.64168320935279,8615487
2026-04-04 18:51:43.716829,89.64168320935279,90.10720968856468,88.95235931574673,89.68586666549992,8751066
2026-04-04 18:52:43.716831,89.68586666549992,90.08392741265084,89.10990984317944,89.77860229253596,8398512
2026-04-04 18:53:43.716832,89.77860229253596,90.501860132677,89.47184521069262,90.34608190968939,1029882
2026-04-04 18:54:43.716833,90.34608190968939,91.14134218186635,90.08751809427946,90.39603777123696,6132869
2026-04-04 18:55:43.716834,90.39603777123696,90.49371266573705,89.60942748582127,90.06720502653712,3030888
2026-04-04 18:56:43.716835,90.06720502653712,90.14497890229411,89.5610155423605,90.10182160487905,9723346
2026-04-04 18:57:43.716836,90.10182160487905,90.89283570038776,89.69558461385039,90.26847538600516,8013383
2026-04-04 18:58:43.716837,90.26847538600516,90.59399548856575,89.41919186875347,90.0688054386223,3701433
2026-04-04 18:59:43.716851,90.0688054386223,90.39799536576153,89.90520118356554,90.07966967182371,2140441
2026-04-04 19:00:43.716852,90.07966967182371,91.00228431772481,89.80174549564153,90.4687264310104,5961826
2026-04-04 19:01:43.716853,90.4687264310104,90.5687144793517,89.52553100099531,89.93806174878304,7473049
2026-04-04 19:02:43.716854,89.93806174878304,90.1552549396171,89.35060373296798,89.5883187769368,1915108
2026-04-04 19:03:43.716856,89.5883187769368,89.94160874836328,88.80784584295763,89.4219087472062,3820377
2026-04-04 19:04:43.716857,89.4219087472062,89.88446084242209,88.75395660459624,89.02690151197676,6048245
2026-04-04 19:05:43.716858,89.02690151197676,89.4477460268665,88.48249926322461,89.10418641094718,2252825
2026-04-04 19:06:43.716859,89.10418641094718,89.25235748624009,88.48534644741011,88.7975320182972,4332951
2026-04-04 19:07:43.716860,88.7975320182972,89.8567718107933,88.21102618870832,89.67640204169508,6835615
2026-04-04 19:08:43.716861,89.67640204169508,90.32734322124209,89.21632585013825,90.02865263127809,7702705
2026-04-04 19:09:43.716862,90.02865263127809,90.35064289753174,89.26221860381105,90.19488839086681,4156366
2026-04-04 19:10:43.716863,90.19488839086681,91.00281927089543,89.71443092101315,90.38367903610232,8794087
2026-04-04 19:11:43.716864,90.38367903610232,90.55562905180483,89.86415186773613,90.23266086361019,7847101
2026-04-04 19:12:43.716865,90.23266086361019,90.8754006186373,89.03804081328077,89.73403832422024,5072476
2026-04-04 19:13:43.716866,89.73403832422024,90.82880424087307,89.66928333849492,90.06668402089365,9259282
2026-04-04 19:14:43.716867,90.06668402089365,90.55719648409574,89.8255685409585,90.09478756534402,8310982
2026-04-04 19:15:43.716868,90.09478756534402,90.49819848060864,89.15383929921663,89.93645183483298,5111932
2026-04-04 19:16:43.716870,89.93645183483298,90.29729038798861,89.59669302747152,89.85679639598385,3177890
2026-04-04 19:17:43.716871,89.85679639598385,90.54380667298435,89.55929635441866,90.10412138810227,4217196
2026-04-04 19:18:43.716872,90.10412138810227,90.93154621080573,89.86583090130314,90.47268010630374,8776018
2026-04-04 19:19:43.716873,90.47268010630374,90.69871969033665,89.77232649345295,90.34141243219109,7647162
2026-04-04 19:20:43.716874,90.34141243219109,90.50823632886015,89.61641831551286,90.32976889474855,3306648
2026-04-04 19:21:43.716875,90.32976889474855,90.33709604706452,89.55779436087658,90.07882550236293,9697318
2026-04-04 19:22:43.716876,90.07882550236293,91.13946131365331,89.6592716403638,90.22265437200825,3780596
2026-04-04 19:23:43.716877,90.22265437200825,91.15282018667146,90.11395385508682,90.40133419911038,8356148
2026-04-04 19:24:43.716878,90.40133419911038,91.06650047336952,90.30923413016683,90.31910453945243,8223153
2026-04-04 19:25:43.716879,90.31910453945243,91.1328765142844,90.19808988036984,90.59411214077693,1473818
2026-04-04 19:26:43.716880,90.59411214077693,90.72944035886253,90.5764086411963,90.69692515059678,4660880
2026-04-04 19:27:43.716881,90.69692515059678,91.62647594116419,90.25950842274581,91.10217168767532,8401628
2026-04-04 19:28:43.716883,91.10217168767532,91.34334215110437,90.9358270406406,91.15695266889489,2054853
2026-04-04 19:29:43.716884,91.15695266889489,91.60351563800118,90.393685846702,90.9964593247716,4445083
2026-04-04 19:30:43.716885,90.9964593247716,91.03424079824566,89.91996742460233,90.80429688718081,6827278
2026-04-04 19:31:43.716886,90.80429688718081,91.6438013157117,90.59491295998401,90.7217218040681,1012938
2026-04-04 19:32:43.716887,90.7217218040681,91.51142785018915,89.45105268061343,90.03152218106051,2185622
2026-04-04 19:33:43.716888,90.03152218106051,90.14292961784801,89.26550434373472,90.1160505628691,6199039
2026-04-04 19:34:43.716889,90.1160505628691,90.31116146599628,89.79097633832342,90.29365911250902,9744047
2026-04-04 19:35:43.716890,90.29365911250902,91.08333964397428,89.30194306211348,90.5283198584349,3554293
2026-04-04 19:36:43.716891,90.5283198584349,92.07726002863744,89.8770952909587,91.00098780951592,9828452
2026-04-04 19:37:43.716892,91.00098780951592,92.08318596194543,90.78441184284816,90.87194494018533,2397955
2026-04-04 19:38:43.716893,90.87194494018533,91.80316179153121,90.55194739751188,90.72138486277193,7121602
2026-04-04 19:39:43.716894,90.72138486277193,92.25535569447825,90.5110829967499,91.22745466872517,7969369
2026-04-04 19:40:43.716896,91.22745466872517,91.57522191386141,90.64883551341116,90.99478112896558,8800757
2026-04-04 19:41:43.716897,90.99478112896558,91.17545824236045,90.84863362315335,90.86747580207238,1366042
2026-04-04 19:42:43.716898,90.86747580207238,91.01954146922428,90.8389850438315,90.9365531938082,8527467
2026-04-04 19:43:43.716899,90.9365531938082,91.43953761879288,90.64239717915395,90.73344760146365,2238669
2026-04-04 19:44:43.716900,90.73344760146365,91.0205542545794,90.11628304848702,90.88309817770228,1179340
2026-04-04 19:45:43.716901,90.88309817770228,91.42804350672776,90.45320756976584,91.256010487433,3796175
2026-04-04 19:46:43.716902,91.256010487433,91.8175322359058,90.86167118914398,91.52910147751285,9428367
2026-04-04 19:47:43.716903,91.52910147751285,91.64846714185485,90.40494156465965,90.62277416747258,6691357
2026-04-04 19:48:43.716904,90.62277416747258,91.60894834759188,90.5576324135441,91.02430347052679,1410275
2026-04-04 19:49:43.716905,91.02430347052679,91.15573885721166,90.94486516823756,91.03361808829122,5785613
2026-04-04 19:50:43.716906,91.03361808829122,91.35255148022517,90.59719234525684,90.96517309113239,9306946
2026-04-04 19:51:43.716907,90.96517309113239,91.47083861823103,89.84625968815116,90.28249526796287,5542709
2026-04-04 19:52:43.716908,90.28249526796287,90.58067808997514,89.88904316130946,90.49962933179026,8146423
2026-04-04 19:53:43.716910,90.49962933179026,90.72600460278261,89.1807622684533,90.35151060545431,8681122
2026-04-04 19:54:43.716911,90.35151060545431,90.88721790258637,89.76129666399024,90.28477710619333,3683525
2026-04-04 19:55:43.716912,90.28477710619333,91.15194192593555,90.06731642873258,90.12170318610565,1456195
2026-04-04 19:56:43.716913,90.12170318610565,90.2677192718716,90.02294004685471,90.22706189513436,2528362
2026-04-04 19:57:43.716914,90.22706189513436,91.11277095243493,89.78022145851068,89.9875639938381,1881037
2026-04-04 19:58:43.716915,89.9875639938381,90.47134390701362,89.20260973058302,90.43468751527452,5650215
2026-04-04 19:59:43.716916,90.43468751527452,91.3679911862412,90.4059563922151,90.72728387580655,9412054
2026-04-04 20:00:43.716917,90.72728387580655,91.11786862931172,89.94830434595237,90.79927646728137,3203087
2026-04-04 20:01:43.716918,90.79927646728137,91.43746510704564,89.92878491624339,90.14704026445304,1376924
2026-04-04 20:02:43.716919,90.14704026445304,90.38293447176694,89.68248789753481,90.34615185153503,5558708
2026-04-04 20:03:43.716920,90.34615185153503,90.71037758847258,89.93067317279458,90.65633537234162,5188136
2026-04-04 20:04:43.716922,90.65633537234162,90.75547095704005,89.98986767649524,90.27781700443956,8859498
2026-04-04 20:05:43.716924,90.27781700443956,90.85455278478662,89.48607661316298,89.93034552304835,5125339
2026-04-04 20:06:43.716925,89.93034552304835,90.16693500232316,89.84169786260557,90.03741725489441,7760510
2026-04-04 20:07:43.716926,90.03741725489441,90.33897901738692,89.15197663477696,89.42979384751204,5673794
2026-04-04 20:08:43.716927,89.42979384751204,89.49630766957145,89.32242689735672,89.49109680488114,8455050
2026-04-04 20:09:43.716928,89.49109680488114,89.77215864791233,88.52760161782669,89.64206076413518,6821934
2026-04-04 20:10:43.716929,89.64206076413518,90.07658674153325,89.56728229317564,89.88511056347727,8602495
2026-04-04 20:11:43.716931,89.88511056347727,89.89573587196976,89.10927156387142,89.4810935433122,1699438
2026-04-04 20:12:43.716932,89.4810935433122,90.88401129031416,89.38416239019357,90.06240012789128,3845157
2026-04-04 20:13:43.716933,90.06240012789128,90.44777010634532,89.46078199253881,90.44296022836912,4270514
2026-04-04 20:14:43.716934,90.44296022836912,90.8478758321933,89.8739521047446,90.62633122632273,4462087
2026-04-04 20:15:43.716935,90.62633122632273,91.12428496877766,90.0563464927133,90.36694978803062,9082668
2026-04-04 20:16:43.716936,90.36694978803062,90.77346694285697,89.35057572191874,90.52316962212171,1695519
2026-04-04 20:17:43.716937,90.52316962212171,90.64199396107222,89.3855985356585,90.15387485025188,6641335
2026-04-04 20:18:43.716938,90.15387485025188,90.45519922157595,89.87441780851032,90.23652577365422,6221995
2026-04-04 20:19:43.716939,90.23652577365422,90.3035810135803,89.5869770994089,90.02506649030272,9646079
2026-04-04 20:20:43.716940,90.02506649030272,90.33917524190294,89.81718988742634,90.28449748736304,2657106
2026-04-04 20:21:43.716941,90.28449748736304,91.62930988933326,90.14521901752532,90.19540956444071,2061385
2026-04-04 20:22:43.716942,90.19540956444071,90.744698265342,90.16473340916833,90.28111124786216,7354054
2026-04-04 20:23:43.716943,90.28111124786216,91.44847216030726,89.66718648263947,89.67081923314888,2734802
2026-04-04 20:24:43.716945,89.67081923314888,90.27337720835884,89.25470600609806,89.74538494121164,1384533
2026-04-04 20:25:43.716946,89.74538494121164,90.03087565121503,88.78412165840483,89.03567435998885,5478633
2026-04-04 20:26:43.716947,89.03567435998885,90.12984468901317,88.99469340384448,89.93328345607421,7944075
2026-04-04 20:27:43.716948,89.93328345607421,90.62265340917497,89.59384547793564,90.11780538930795,4929301
2026-04-04 20:28:43.716949,90.11780538930795,90.41559840255444,89.72699261390757,89.77196513669195,1271609
2026-04-04 20:29:43.716950,89.77196513669195,90.94957802680499,89.561519208587,90.64617428457919,6868518
2026-04-04 20:30:43.716951,90.64617428457919,91.06514563801886,89.74696573897636,90.90558248669593,7613889
2026-04-04 20:31:43.716952,90.90558248669593,91.35600064275812,90.70096223114028,90.83814191569269,8585291
2026-04-04 20:32:43.716953,90.83814191569269,91.13068407255702,90.05541782550999,90.45628507664696,3654810
2026-04-04 20:33:43.716954,90.45628507664696,91.30725434940727,89.72028220878809,91.17012265286412,2844040
2026-04-04 20:34:43.716955,91.17012265286412,91.25628493637839,90.9101604155036,90.99218754340302,8332827
2026-04-04 20:35:43.716956,90.99218754340302,91.42250136543925,90.28374593425131,90.63378463494013,4957874
2026-04-04 20:36:43.716958,90.63378463494013,91.32259586527087,90.28758925203691,91.04294909840296,4648338
2026-04-04 20:37:43.716959,91.04294909840296,91.33461500470284,90.69605655845884,91.05049886784546,8289165
2026-04-04 20:38:43.716960,91.05049886784546,91.31693412363053,90.02067129667482,90.67058904067837,1340526
2026-04-04 20:39:43.716961,90.67058904067837,90.94971297497167,90.00619798083873,90.3510795960335,2418137
2026-04-04 20:40:43.716962,90.3510795960335,91.22534960188558,90.100776477698,90.46427954919365,1414399
2026-04-04 20:41:43.716963,90.46427954919365,90.87314071695788,90.13684038523564,90.5411497561613,2147417
2026-04-04 20:42:43.716964,90.5411497561613,91.52468784519719,89.85776699752958,89.8948645357416,8225529
2026-04-04 20:43:43.716965,89.8948645357416,90.16500909556211,89.12439167223226,89.94182855158631,6174895
2026-04-04 20:44:43.716966,89.94182855158631,89.97566852363823,88.31982235882256,88.52612671437073,3090923
2026-04-04 20:45:43.716967,88.52612671437073,88.63566918596938,88.26541154825668,88.26967692499166,7498391
2026-04-04 20:46:43.716968,88.26967692499166,88.93861742955455,88.07114521743445,88.27274215521115,5915782
2026-04-04 20:47:43.716969,88.27274215521115,88.8430077408526,87.43994907938009,88.00522405649983,3182931
2026-04-04 20:48:43.716970,88.00522405649983,89.20028291831555,87.72435395760925,88.37517973957198,3647765
2026-04-04 20:49:43.716972,88.37517973957198,88.48225083616626,87.78828358474706,88.2545627077055,4782700
2026-04-04 20:50:43.716973,88.2545627077055,88.8684030322171,88.17533501677468,88.35976482250766,2944741
2026-04-04 20:51:43.716974,88.35976482250766,89.53800041374822,88.13994557908576,88.18278291749479,9962292
2026-04-04 20:52:43.716975,88.18278291749479,88.59985683479545,87.96281837516763,88.49715825528064,6023331
2026-04-04 20:53:43.716976,88.49715825528064,88.58347702298603,88.17957290077393,88.41718467018131,7568056
2026-04-04 20:54:43.716977,88.41718467018131,88.7762544861168,87.9015720653097,88.45896513966798,6877675
2026-04-04 20:55:43.716978,88.45896513966798,88.83976699359854,88.34059688376827,88.44459465363371,5736605
2026-04-04 20:56:43.716979,88.44459465363371,88.66819049733036,88.12712061736764,88.55163621185542,3762108
2026-04-04 20:57:43.716980,88.55163621185542,89.80653166332525,88.16357064031213,89.19102528267,7881099
2026-04-04 20:58:43.716981,89.19102528267,89.85432106235557,88.6374828402564,88.81986287020955,7476137
2026-04-04 20:59:43.716982,88.81986287020955,88.86208403014813,88.03308534149019,88.40802517819996,4189291
2026-04-04 21:00:43.716983,88.40802517819996,89.25262352150642,88.1291661315106,88.77606387018257,5074973
2026-04-04 21:01:43.716984,88.77606387018257,88.77833060363763,88.55228933856802,88.7291992861768,9108262
2026-04-04 21:02:43.716986,88.7291992861768,88.73106232311642,88.49286202777459,88.5117717404458,4603019
2026-04-04 21:03:43.716987,88.5117717404458,88.75684168630093,88.47768851427912,88.73360994182164,7575699
2026-04-04 21:04:43.716988,88.73360994182164,89.13260083985935,88.42623601256308,89.09194887547422,9757529
2026-04-04 21:05:43.716989,89.09194887547422,89.30909255076574,88.98907347670665,89.19824349881422,9685116
2026-04-04 21:06:43.716990,89.19824349881422,90.71930653225088,88.94992505603895,89.98793308405394,9304932
2026-04-04 21:07:43.716991,89.98793308405394,90.83950735907838,89.97959387088098,90.02721648923888,9684281
2026-04-04 21:08:43.716992,90.02721648923888,90.14110473825765,89.7486063054447,90.02390010278903,1301951
2026-04-04 21:09:43.716993,90.02390010278903,90.48631498414721,89.13347628599129,89.77779650097112,9095979
2026-04-04 21:10:43.716994,89.77779650097112,90.26824198571948,89.68826841427915,90.13147484996045,3811318
2026-04-04 21:11:43.716995,90.13147484996045,91.00933789187296,89.93381722576287,90.23716237390825,1551741
2026-04-04 21:12:43.716996,90.23716237390825,90.34197859723643,89.66345772217795,90.30004573861771,2610921
2026-04-04 21:13:43.716997,90.30004573861771,90.5862644760586,89.38305658962783,89.89474530299898,3694670
2026-04-04 21:14:43.716998,89.89474530299898,89.90705383553893,88.92407812691546,89.80103335015801,9893396
2026-04-04 21:15:43.717000,89.80103335015801,90.19161652667859,89.22134671919227,90.05346657170772,7621504
2026-04-04 21:16:43.717001,90.05346657170772,90.29025417329123,89.3081497988608,89.7665801559832,7157703
2026-04-04 21:17:43.717002,89.7665801559832,90.55568804903226,89.2035108877108,90.225508671072,4120847
2026-04-04 21:18:43.717003,90.225508671072,90.84838695554369,89.27486959357164,89.65428974296948,4149407
2026-04-04 21:19:43.717004,89.65428974296948,90.57339591964568,89.41447766464903,89.8938937542518,3544306
2026-04-04 21:20:43.717005,89.8938937542518,91.10208887020221,89.65243646272569,90.66455203996117,2342643
2026-04-04 21:21:43.717006,90.66455203996117,91.21640662271759,90.27229649933732,91.19221364171442,3513614
2026-04-04 21:22:43.717007,91.19221364171442,91.66049276638984,90.71914367463488,90.74868261528282,7061782
2026-04-04 21:23:43.717008,90.74868261528282,91.81915460651373,90.39665957919998,91.78441133007335,7421472
2026-04-04 21:24:43.717009,91.78441133007335,92.01761507732719,91.13984481998159,91.91473026219847,2286793
2026-04-04 21:25:43.717010,91.91473026219847,92.50479138608335,91.41496526327485,92.48447942080914,4818067
2026-04-04 21:26:43.717011,92.48447942080914,92.98580919429376,92.18868915260917,92.41894654013979,1335983
2026-04-04 21:27:43.717012,92.41894654013979,93.44519362982595,91.98053476539978,92.83523135518647,3654965
2026-04-04 21:28:43.717014,92.83523135518647,93.04663690747729,92.21507971771513,92.85309520784995,6768076
2026-04-04 21:29:43.717015,92.85309520784995,93.70599203850169,91.39017584873308,92.18163933159911,7643509
2026-04-04 21:30:43.717017,92.18163933159911,92.41875059295303,91.56569000452295,92.37658014322521,2085110
2026-04-04 21:31:43.717018,92.37658014322521,92.80968722494045,91.69943599371686,92.33071902794028,1974687
2026-04-04 21:32:43.717019,92.33071902794028,92.61287115743724,91.79658146345025,92.03956315901966,3037775
2026-04-04 21:33:43.717020,92.03956315901966,92.73415639682946,91.67046916012362,92.47843699932584,3916971
2026-04-04 21:34:43.717021,92.47843699932584,93.18665650588211,91.16024918225438,92.21796227491556,7727830
2026-04-04 21:35:43.717022,92.21796227491556,92.32617813828537,92.04825183818461,92.24569611545344,5704863
2026-04-04 21:36:43.717023,92.24569611545344,92.98288771031052,91.81337374948285,92.15988916173437,8209403
2026-04-04 21:37:43.717025,92.15988916173437,93.17780997035113,91.24344198313761,92.62735549031665,4058321
2026-04-04 21:38:43.717026,92.62735549031665,93.03793218382957,92.56642343487643,92.91500998120998,4103800
2026-04-04 21:39:43.717027,92.91500998120998,92.99325357733096,92.17899426229158,92.45805381337682,8912798
2026-04-04 21:40:43.717028,92.45805381337682,92.64973110076605,91.81740699351236,92.16694163991981,4819128
2026-04-04 21:41:43.717035,92.16694163991981,92.18677180595388,91.72665438131575,92.04275585637235,5151910
2026-04-04 21:42:43.717037,92.04275585637235,92.24550094658086,91.10134690619167,92.03854893020052,2136263
2026-04-04 21:43:43.717038,92.03854893020052,92.80266909378267,91.36922147107803,92.52676361324073,6129584
2026-04-04 21:44:43.717039,92.52676361324073,93.58150054437978,92.34719086422929,92.82961994207537,1159876
2026-04-04 21:45:43.717040,92.82961994207537,93.45489419807525,92.44800338234684,92.92694359617639,4410331
2026-04-04 21:46:43.717041,92.92694359617639,93.46345440882908,91.36993757457626,92.46444586104245,4019332
2026-04-04 21:47:43.717042,92.46444586104245,92.66634902814747,91.73848478028813,92.238061791381,9167399
2026-04-04 21:48:43.717043,92.238061791381,93.00368901624347,90.68384451180447,91.61224407841324,5552939
2026-04-04 21:49:43.717044,91.61224407841324,92.61670113203125,91.1080808572293,92.39171131496981,8749611
2026-04-04 21:50:43.717045,92.39171131496981,92.69764936628123,91.9020224666743,92.38199829761018,6204369
2026-04-04 21:51:43.717047,92.38199829761018,93.60821093160969,92.07476580020197,93.08565470151362,2958754
2026-04-04 21:52:43.717048,93.08565470151362,93.2148354886766,92.61547807836796,93.0496038324475,6918342
2026-04-04 21:53:43.717049,93.0496038324475,93.68753309868652,91.90351304090167,92.66709116483209,6973721
2026-04-04 21:54:43.717050,92.66709116483209,92.85830021878009,92.32076171703714,92.53724976093497,9196722
2026-04-04 21:55:43.717051,92.53724976093497,93.27553996251004,91.9499931483726,93.22168511032476,2138355
2026-04-04 21:56:43.717052,93.22168511032476,93.26546137911629,92.67621926189297,92.74437073592684,4001519
2026-04-04 21:57:43.717053,92.74437073592684,93.54678911050178,92.69787961191084,93.25156928110803,7575046
2026-04-04 21:58:43.717054,93.25156928110803,93.75052202689419,92.66205128469541,93.19481798093099,7868546
2026-04-04 21:59:43.717055,93.19481798093099,93.37495714758073,92.47626579717743,93.10908054550025,1770569
2026-04-04 22:00:43.717056,93.10908054550025,93.44236590935012,92.70219863488805,93.13658728393627,4535797
2026-04-04 22:01:43.717057,93.13658728393627,93.22180467659557,92.70808434212351,93.09642273025348,4727904
2026-04-04 22:02:43.717058,93.09642273025348,93.69767590405644,91.33206046450073,92.9851585776656,5880779
2026-04-04 22:03:43.717060,92.9851585776656,93.39213362035149,92.64967487731583,93.03169928615392,5231874
2026-04-04 22:04:43.717061,93.03169928615392,93.05558417457048,93.02752852354315,93.04517760093948,2797355
2026-04-04 22:05:43.717062,93.04517760093948,93.5521747323586,92.16490007830001,92.66180862411247,4482837
2026-04-04 22:06:43.717063,92.66180862411247,93.37940023698454,92.2030930913051,92.4813858141901,3481498
2026-04-04 22:07:43.717064,92.4813858141901,93.0943057214677,91.77326336632565,92.09739135270333,7258588
2026-04-04 22:08:43.717065,92.09739135270333,92.45147894147954,91.49735823275203,91.72460533209936,4436005
2026-04-04 22:09:43.717066,91.72460533209936,91.8876092527453,90.78350723142546,91.46073135572034,3022862
2026-04-04 22:10:43.717067,91.46073135572034,91.97896871853297,91.2067365050752,91.668965240605,8546361
2026-04-04 22:11:43.717068,91.668965240605,91.77160096472625,90.76786488724332,91.65995700755215,4093348
2026-04-04 22:12:43.717069,91.65995700755215,91.78627947976751,91.64470211980033,91.73043462855027,5735332
2026-04-04 22:13:43.717070,91.73043462855027,92.4535344402379,91.05601765731427,92.13003069610052,8585321
2026-04-04 22:14:43.717071,92.13003069610052,93.57371016561646,91.23855868286596,93.06336327130194,5356164
2026-04-04 22:15:43.717073,93.06336327130194,93.18965260984072,92.68180293720384,92.89730050690765,4596436
2026-04-04 22:16:43.717074,92.89730050690765,93.60001546785307,92.70577103344773,93.58370269829553,6614987
2026-04-04 22:17:43.717075,93.58370269829553,94.28937964788035,93.11687243625039,93.42986373113449,8878239
2026-04-04 22:18:43.717076,93.42986373113449,94.75866249387045,92.75245655739067,93.79120071937587,8999317
2026-04-04 22:19:43.717077,93.79120071937587,93.80109624291559,93.18648420194742,93.31444300296356,1484469
2026-04-04 22:20:43.717078,93.31444300296356,93.62408194908515,92.6201363243827,93.11343527621959,2568366
2026-04-04 22:21:43.717079,93.11343527621959,93.14455762705099,92.46479251612132,92.88373392723607,5484735
2026-04-04 22:22:43.717080,92.88373392723607,93.64093601528779,91.96347706326573,93.07153960646724,6990842
2026-04-04 22:23:43.717081,93.07153960646724,93.24578871272655,92.55106753797475,92.96999348050954,4506319
2026-04-04 22:24:43.717082,92.96999348050954,93.1254789202238,92.13978140711676,92.3971066695474,7429512
2026-04-04 22:25:43.717083,92.3971066695474,92.88269408528524,92.30317737222767,92.78361918016711,5812585
2026-04-04 22:26:43.717084,92.78361918016711,93.34337691850058,92.3907181852924,92.67785104628531,6402066
2026-04-04 22:27:43.717086,92.67785104628531,92.95556436964324,92.07126337873646,92.40724095899883,9362089
2026-04-04 22:28:43.717087,92.40724095899883,92.67246911413768,92.1387181199613,92.18935963573985,1027690
2026-04-04 22:29:43.717088,92.18935963573985,92.42199703703587,92.09100429669087,92.14985790120532,1876038
2026-04-04 22:30:43.717089,92.14985790120532,92.93568958492818,91.83258655841786,92.12417649389897,5056926
2026-04-04 22:31:43.717090,92.12417649389897,92.47921726768375,91.44039970982969,92.10095143832214,2270008
2026-04-04 22:32:43.717091,92.10095143832214,92.15387529339479,90.65098069508498,91.75316212980754,3871042
2026-04-04 22:33:43.717092,91.75316212980754,92.76439781579398,91.50553662552026,91.93963333296242,4763632
2026-04-04 22:34:43.717093,91.93963333296242,92.71316680857358,91.92137696192664,91.99699271963078,5846936
2026-04-04 22:35:43.717094,91.99699271963078,92.2875669266379,91.36861874270052,91.51050522896455,4299596
2026-04-04 22:36:43.717095,91.51050522896455,92.38771290797887,91.14114089337984,91.60209431663358,5154238
2026-04-04 22:37:43.717096,91.60209431663358,91.91389734736251,91.54985834258942,91.59140976309298,6884902
2026-04-04 22:38:43.717097,91.59140976309298,92.48157231158292,91.19476352301079,91.75184183633026,2009589
2026-04-04 22:39:43.717098,91.75184183633026,92.26117350496531,91.13343635631378,91.97752614526564,7877486
2026-04-04 22:40:43.717100,91.97752614526564,92.06258457103186,91.41971979052597,91.59930337741616,4623687
2026-04-04 22:41:43.717101,91.59930337741616,91.74725565712116,91.28315496371138,91.45107605816872,1255931
2026-04-04 22:42:43.717102,91.45107605816872,91.96797201837092,91.34977331256222,91.72969746431927,6444544
2026-04-04 22:43:43.717103,91.72969746431927,92.49276767818401,91.37319163922704,91.50679461395389,4088413
2026-04-04 22:44:43.717104,91.50679461395389,92.00368610395019,91.25928982524721,91.59444576543996,6090749
2026-04-04 22:45:43.717105,91.59444576543996,91.98527626070066,89.98122270604394,90.74098624000254,5210052
2026-04-04 22:46:43.717106,90.74098624000254,91.02343178057342,90.32211550700889,90.69712246855079,4490978
2026-04-04 22:47:43.717107,90.69712246855079,90.75920801619581,88.80389478564987,90.07718143267596,5060003
2026-04-04 22:48:43.717108,90.07718143267596,90.24505928639093,89.81141721325551,90.03285708457872,8982512
2026-04-04 22:49:43.717109,90.03285708457872,90.28382539379496,89.6059497348107,89.64557304079952,5463588
2026-04-04 22:50:43.717110,89.64557304079952,89.82731136512659,89.60311947388514,89.79875702950572,7711070
2026-04-04 22:51:43.717111,89.79875702950572,89.99280577538995,89.34662287482796,89.70205396909962,7516682
2026-04-04 22:52:43.717112,89.70205396909962,90.08507854036587,88.85917432885901,89.17380999932179,5375979
2026-04-04 22:53:43.717114,89.17380999932179,89.40812772172623,88.60702109983971,88.96761967847847,1394969
2026-04-04 22:54:43.717115,88.96761967847847,89.5023199795053,88.30695229010435,89.32216621591755,7144328
2026-04-04 22:55:43.717116,89.32216621591755,89.63064385674993,88.5472089579477,88.62040734998533,6291462
2026-04-04 22:56:43.717118,88.62040734998533,88.78978409943666,87.852561588245,87.8670553920746,6680935
2026-04-04 22:57:43.717120,87.8670553920746,88.30846325745598,87.06066829226708,87.61457458141783,6954481
2026-04-04 22:58:43.717121,87.61457458141783,88.21655958242943,87.60937786346872,88.00951287008759,8639172
2026-04-04 22:59:43.717122,88.00951287008759,88.67741666422373,87.49684267100969,87.71463116672153,5626269
2026-04-04 23:00:43.717123,87.71463116672153,88.77039325457237,87.71037759384075,88.09837098344133,3166458
2026-04-04 23:01:43.717124,88.09837098344133,88.70066420421645,87.65177748074427,88.41458595140622,4751413
2026-04-04 23:02:43.717125,88.41458595140622,89.11692867621855,88.25411158370765,88.72971777141689,5847828
2026-04-04 23:03:43.717126,88.72971777141689,89.04553314732566,88.00008680387084,88.05737055989987,2364981
2026-04-04 23:04:43.717127,88.05737055989987,88.81996487602582,87.40061426399339,88.29835942746249,2293073
2026-04-04 23:05:43.717128,88.29835942746249,88.62277241117094,87.55982722644126,88.17672404690265,8141753
2026-04-04 23:06:43.717129,88.17672404690265,88.56918786282147,87.82328037254915,88.11523977833562,9335334
2026-04-04 23:07:43.717130,88.11523977833562,88.67395449354841,87.86766211751073,88.3894397672631,6676594
2026-04-04 23:08:43.717131,88.3894397672631,88.40394864067298,87.29824531744758,88.35615666800467,2133942
2026-04-04 23:09:43.717133,88.35615666800467,88.53126397252292,87.9247672407915,87.9994557968122,6156219
2026-04-04 23:10:43.717134,87.9994557968122,88.2973840905618,87.63161709331054,87.92789954930697,7896525
2026-04-04 23:11:43.717135,87.92789954930697,88.91757249350759,87.47295626949666,88.41938160205902,5400726
2026-04-04 23:12:43.717136,88.41938160205902,89.01787726669613,88.15799199999938,88.82697204782465,6798089
2026-04-04 23:13:43.717137,88.82697204782465,89.51124039611798,88.81405008911499,88.954455352903,5921207
2026-04-04 23:14:43.717138,88.954455352903,90.78565746781082,88.94158038978819,89.40285038034723,1810713
2026-04-04 23:15:43.717139,89.40285038034723,89.66548049037704,89.279996198594,89.59985186275102,9238152
2026-04-04 23:16:43.717140,89.59985186275102,90.32426174487011,89.16738623086702,89.94048592794147,6297484
2026-04-04 23:17:43.717141,89.94048592794147,91.00991759804694,89.14593577172477,90.22077733084917,1658561
2026-04-04 23:18:43.717142,90.22077733084917,90.65348211684297,90.17546261447434,90.30638129512847,3310480
2026-04-04 23:19:43.717143,90.30638129512847,90.32644871494246,89.23845800302652,89.48267882695241,6014477
2026-04-04 23:20:43.717144,89.48267882695241,89.8919608543797,88.99233898849728,89.55070915770631,6312514
2026-04-04 23:21:43.717145,89.55070915770631,90.00503611668988,89.32952993108138,89.35655626616747,2893223
2026-04-04 23:22:43.717147,89.35655626616747,89.99426639218139,89.03653114763252,89.31497130346492,4152981
2026-04-04 23:23:43.717148,89.31497130346492,90.00608578538868,89.31493876963255,89.49120548130196,2247880
2026-04-04 23:24:43.717149,89.49120548130196,89.60131742304642,88.95453473791368,89.11999917719642,8458147
2026-04-04 23:25:43.717150,89.11999917719642,89.31089021732137,88.98152744929699,89.13725030488537,8403503
2026-04-04 23:26:43.717151,89.13725030488537,89.37927232589874,88.89699676602302,89.00108255325901,8128843
2026-04-04 23:27:43.717152,89.00108255325901,89.21391308286347,88.50004413944222,88.89002625024494,1692101
2026-04-04 23:28:43.717153,88.89002625024494,89.6950507941121,88.27335659791139,88.90537056374717,7581831
2026-04-04 23:29:43.717154,88.90537056374717,89.997351350886,87.63762094675496,89.46715347688225,2987881
2026-04-04 23:30:43.717155,89.46715347688225,90.47492057024748,88.86781926571784,89.85385707165482,5250050
2026-04-04 23:31:43.717156,89.85385707165482,90.66057397198382,89.48925099114726,90.25181439842572,9981775
2026-04-04 23:32:43.717157,90.25181439842572,91.17084354034795,89.88152178345354,90.59587307743682,1790023
2026-04-04 23:33:43.717158,90.59587307743682,91.34816311781431,90.29689394540556,91.09790373592402,8850273
2026-04-04 23:34:43.717159,91.09790373592402,91.70193106901773,90.0951933399582,91.53512928720869,3885364
2026-04-04 23:35:43.717160,91.53512928720869,91.57210121460969,90.51759645028132,90.76365527743548,7289272
2026-04-04 23:36:43.717162,90.76365527743548,90.83166770253622,90.68311121124886,90.68806868052827,3063632
2026-04-04 23:37:43.717163,90.68806868052827,90.9019120379441,89.41381161995733,90.07427806850302,5689491
2026-04-04 23:38:43.717164,90.07427806850302,90.44044671116491,89.75477965885199,90.16312118684345,4393757
2026-04-04 23:39:43.717165,90.16312118684345,91.05401903180706,90.01528833248308,90.19745119989418,3624713
2026-04-04 23:40:43.717166,90.19745119989418,91.05143201324061,90.11183354945922,90.37131122801478,6027551
2026-04-04 23:41:43.717167,90.37131122801478,90.46954285038113,90.31458127602234,90.44509931031116,8356505
2026-04-04 23:42:43.717168,90.44509931031116,91.52790904876083,90.08076337191355,90.89097696360409,8729554
2026-04-04 23:43:43.717169,90.89097696360409,91.47834807504769,90.44507090787131,91.39051142962973,7892559
2026-04-04 23:44:43.717170,91.39051142962973,92.33747115789318,91.19982707830225,91.63223170697174,5972863
2026-04-04 23:45:43.717171,91.63223170697174,92.10874583516095,91.04077305491055,91.50694142230178,4918139
2026-04-04 23:46:43.717172,91.50694142230178,91.97144021569152,91.29923735478057,91.34855823213309,7100038
2026-04-04 23:47:43.717173,91.34855823213309,93.16651410287888,91.25709006596445,92.37489551916863,2580622
2026-04-04 23:48:43.717175,92.37489551916863,92.78020031718104,91.9476225433531,92.41356809329667,6919588
2026-04-04 23:49:43.717176,92.41356809329667,93.30229638417738,91.90323861931773,92.22247343118575,8571929
2026-04-04 23:50:43.717177,92.22247343118575,92.60769144404586,91.26260608112901,92.05546139342516,7197953
2026-04-04 23:51:43.717178,92.05546139342516,93.29442542721368,91.99941198660986,92.05670348008142,6240266
2026-04-04 23:52:43.717179,92.05670348008142,92.74474582233455,90.42185969562054,91.32276562773868,1933671
2026-04-04 23:53:43.717180,91.32276562773868,92.35996206139862,90.94435239272366,91.7140817680487,4006374
2026-04-04 23:54:43.717181,91.7140817680487,92.49444308749433,91.26634569364964,92.04076930507125,1742476
2026-04-04 23:55:43.717182,92.04076930507125,92.8558601658145,91.80684172740659,92.42356862603036,3333180
2026-04-04 23:56:43.717183,92.42356862603036,92.59333030003967,91.5832217938124,91.95982252770041,4671013
2026-04-04 23:57:43.717184,91.95982252770041,92.19518693718493,91.62089573032347,92.08721364457445,8287613
2026-04-04 23:58:43.717185,92.08721364457445,92.3618337808395,91.98696833208533,92.23719015875218,7015673
2026-04-04 23:59:43.717186,92.23719015875218,92.36445509137558,91.84740462510634,92.0138225895098,7150158
2026-04-05 00:00:43.717187,92.0138225895098,92.42621035145811,91.28094901089318,92.24389787528318,3837689
2026-04-05 00:01:43.717189,92.24389787528318,93.59129171191971,91.78730952507702,92.73550732091346,6887136
2026-04-05 00:02:43.717190,92.73550732091346,92.88696645835064,91.49520016260577,92.4205271735383,6669453
2026-04-05 00:03:43.717191,92.4205271735383,93.00456983607609,91.94072316590233,92.38789214743002,7988087
2026-04-05 00:04:43.717192,92.38789214743002,93.20094289546935,92.11557742646683,92.38891663594141,4601817
2026-04-05 00:05:43.717193,92.38891663594141,92.9206714925338,91.08636171420292,91.34539907854878,7201719
2026-04-05 00:06:43.717194,91.34539907854878,92.003423819903,90.81767305243729,91.63219429084147,7488401
2026-04-05 00:07:43.717195,91.63219429084147,93.22763351127308,91.21893646232802,91.91091225701508,3844140
2026-04-05 00:08:43.717196,91.91091225701508,92.32718120103881,91.36755258794813,91.72653130986639,8914726
2026-04-05 00:09:43.717197,91.72653130986639,91.77521012590579,90.52705456364909,91.08139444037835,9814324
2026-04-05 00:10:43.717198,91.08139444037835,91.2130806708525,89.90179193072896,90.72070218960589,7050485
2026-04-05 00:11:43.717199,90.72070218960589,91.1863490635825,90.23990507117172,91.11043680643067,3491807
2026-04-05 00:12:43.717200,91.11043680643067,91.6472733150067,90.60549675521717,90.67481409085318,3993518
2026-04-05 00:13:43.717201,90.67481409085318,91.28239196971329,90.23357802713343,90.4532340930187,3032479
2026-04-05 00:14:43.717203,90.4532340930187,91.09523800181206,89.9500272366763,90.56368652211083,4691848
2026-04-05 00:15:43.717204,90.56368652211083,90.85162995106938,90.49470941276374,90.61749845650222,6371448
2026-04-05 00:16:43.717205,90.61749845650222,90.87215236977046,90.59932100204836,90.79802211647606,7939191
2026-04-05 00:17:43.717206,90.79802211647606,90.92270766262162,89.78535369494423,89.99108164946185,6420441
2026-04-05 00:18:43.717207,89.99108164946185,90.38448174204851,89.51611667927291,90.08601156231171,6389003
2026-04-05 00:19:43.717208,90.08601156231171,90.59747584998757,89.7515923609761,90.46212801436441,5453595
2026-04-05 00:20:43.717210,90.46212801436441,91.1284231026573,90.43582353635647,90.79236682774521,5460624
2026-04-05 00:21:43.717212,90.79236682774521,91.27297115171191,90.11841291343423,91.130023147116,3318890
2026-04-05 00:22:43.717213,91.130023147116,91.74978391334763,91.00171932408234,91.08811343633099,7427799
2026-04-05 00:23:43.717214,91.08811343633099,91.81679458279274,90.84170880758705,91.33151688618895,4812661
2026-04-05 00:24:43.717215,91.33151688618895,91.721355149341,90.88461054499079,90.92489317804849,7383244
2026-04-05 00:25:43.717216,90.92489317804849,91.08665598942882,90.44846617485528,90.69915130793557,7097890
2026-04-05 00:26:43.717218,90.69915130793557,91.14261223382113,90.13507014683611,90.2570848183574,7131630
2026-04-05 00:27:43.717219,90.2570848183574,90.8672404770199,88.89863802588798,89.84170983227135,2041431
2026-04-05 00:28:43.717220,89.84170983227135,90.0449559681461,89.55850250476018,89.87399051653108,2884624
2026-04-05 00:29:43.717221,89.87399051653108,90.97575703915885,89.27811903370146,90.48952229527913,9658202
2026-04-05 00:30:43.717222,90.48952229527913,91.83466285607628,90.06235403742866,91.03344902300796,1740176
2026-04-05 00:31:43.717223,91.03344902300796,91.45092772257956,89.91080342237771,91.33265899333774,8491990
2026-04-05 00:32:43.717224,91.33265899333774,91.66284388121221,90.9032411383798,90.94212495792806,3146081
2026-04-05 00:33:43.717225,90.94212495792806,90.9752541231417,89.40494153822439,90.25754991415921,3117709
2026-04-05 00:34:43.717226,90.25754991415921,91.00648483161878,89.77028685580919,90.63986801932168,8981806
2026-04-05 00:35:43.717227,90.63986801932168,91.74865610596584,90.62886139551077,91.19726347627349,7154728
2026-04-05 00:36:43.717228,91.19726347627349,92.20492742324248,90.82362530670224,90.97236262388839,4250615
2026-04-05 00:37:43.717229,90.97236262388839,91.47502575685435,90.13474059272959,90.58936001805824,5165767
2026-04-05 00:38:43.717230,90.58936001805824,91.87705230304672,90.28225306694998,91.2620433363467,6719347
2026-04-05 00:39:43.717231,91.2620433363467,91.6179160279184,91.06536315698195,91.48614724998235,8088855
2026-04-05 00:40:43.717232,91.48614724998235,91.68803832693537,90.87101012561672,91.01275720578431,9097528
2026-04-05 00:41:43.717233,91.01275720578431,91.22349685279472,90.7296052897731,90.92886163570607,7045266
2026-04-05 00:42:43.717235,90.92886163570607,91.36108774830562,88.8338553504641,90.25011184879767,8133951
2026-04-05 00:43:43.717236,90.25011184879767,90.9834487257077,90.09829727017056,90.13566384480188,4167950
2026-04-05 00:44:43.717237,90.13566384480188,91.07674466076737,88.99946475070334,90.88506092790236,5184001
2026-04-05 00:45:43.717238,90.88506092790236,91.94770187517544,90.17343501593783,90.45173363870255,5122758
2026-04-05 00:46:43.717239,90.45173363870255,90.64469758216653,89.61513982128804,90.19648861316453,2909103
2026-04-05 00:47:43.717240,90.19648861316453,90.46028460674047,89.97077956962295,90.08524954270426,7189811
2026-04-05 00:48:43.717241,90.08524954270426,90.37005370319919,89.8086234403936,89.86545240937633,1965730
2026-04-05 00:49:43.717242,89.86545240937633,89.97038584643802,88.74144002672227,89.24545253367488,5467443
2026-04-05 00:50:43.717243,89.24545253367488,89.45359282930936,88.96560522079031,89.00078180174573,6330222
2026-04-05 00:51:43.717244,89.00078180174573,89.3856430868169,88.76378076363297,88.83031747265788,5277404
2026-04-05 00:52:43.717245,88.83031747265788,89.86139628524853,88.71013106750823,89.00662610604401,1028004
2026-04-05 00:53:43.717246,89.00662610604401,89.8122707437812,88.69192979389554,88.86934384525631,6776634
2026-04-05 00:54:43.717247,88.86934384525631,89.43335080144924,87.65327227511742,88.24387957955678,5741242
2026-04-05 00:55:43.717249,88.24387957955678,88.66897890775756,86.81634381565578,87.61406879615485,6567768
2026-04-05 00:56:43.717250,87.61406879615485,87.71707459763022,86.19936871983569,87.0633364902065,5631813
2026-04-05 00:57:43.717251,87.0633364902065,87.22682181294387,86.73023393019697,86.97203447927544,7754458
2026-04-05 00:58:43.717252,86.97203447927544,87.3503170991047,86.95836812456993,87.2860047120212,6997845
2026-04-05 00:59:43.717253,87.2860047120212,87.58862957527239,86.791137847008,87.16992997224456,2813318
2026-04-05 01:00:43.717254,87.16992997224456,87.39420357106282,86.68098527482412,87.30874489677478,8517010
2026-04-05 01:01:43.717255,87.30874489677478,88.32295251913906,87.05586443676226,87.21767796204784,9838889
2026-04-05 01:02:43.717256,87.21767796204784,87.94304260949221,87.21418749640762,87.36612595237871,4456979
2026-04-05 01:03:43.717257,87.36612595237871,87.62470648284813,87.29084430625812,87.42684411897424,6662110
2026-04-05 01:04:43.717258,87.42684411897424,88.25719805871243,87.24381401948291,87.73943373851759,6211536
2026-04-05 01:05:43.717261,87.73943373851759,88.12505475936247,87.29471703549459,87.7097996258137,8666001
2026-04-05 01:06:43.717262,87.7097996258137,88.01117160415922,86.77716013146477,87.0394141577965,6692183
2026-04-05 01:07:43.717263,87.0394141577965,87.3563128054278,86.5569283580082,86.98284822700347,4795788
2026-04-05 01:08:43.717264,86.98284822700347,87.62738614873798,86.79787328826158,86.82009265346636,6891732
2026-04-05 01:09:43.717265,86.82009265346636,87.50394057353225,85.70740049240858,86.23447060645243,7801693
2026-04-05 01:10:43.717266,86.23447060645243,86.66431634324303,86.01697749117234,86.42910120965392,8114070
2026-04-05 01:11:43.717268,86.42910120965392,86.50779414824252,85.52038744018304,85.96567326352329,7170205
2026-04-05 01:12:43.717269,85.96567326352329,86.15942167806784,85.8430281190469,85.84477912569797,1476015
2026-04-05 01:13:43.717270,85.84477912569797,86.13034844112316,85.63385140968917,85.77119458550318,4427495
2026-04-05 01:14:43.717271,85.77119458550318,86.76047637126491,85.25480049887562,86.11267062769936,2972645
2026-04-05 01:15:43.717272,86.11267062769936,86.57419639783286,85.62992810153534,86.37089869295437,4643003
2026-04-05 01:16:43.717273,86.37089869295437,86.569944314686,86.21573233509329,86.32462222394742,8154474
2026-04-05 01:17:43.717274,86.32462222394742,86.34788556455499,85.6766611197189,86.2486024092005,7514329
2026-04-05 01:18:43.717275,86.2486024092005,87.07337825417385,85.90812946051165,86.02599635815209,5072660
2026-04-05 01:19:43.717276,86.02599635815209,87.0790450654879,85.76907827185327,86.17519856824696,2825779
2026-04-05 01:20:43.717277,86.17519856824696,86.89321859111924,85.08024229519708,85.89091761289652,8041527
2026-04-05 01:21:43.717278,85.89091761289652,86.21852938257778,85.229057877351,85.44044977038251,2519546
2026-04-05 01:22:43.717279,85.44044977038251,86.04694390990348,85.2061887712947,85.87676860986207,5190247
2026-04-05 01:23:43.717280,85.87676860986207,86.14425071164555,85.5698707433805,85.8452372168506,3095383
2026-04-05 01:24:43.717281,85.8452372168506,86.26235127425592,84.88773935863885,85.0661951969244,5905349
2026-04-05 01:25:43.717283,85.0661951969244,85.9879920418758,84.20005591878599,84.67025663931918,3602021
2026-04-05 01:26:43.717284,84.67025663931918,85.0628438347323,84.04685462631382,84.86558224951298,4847852
2026-04-05 01:27:43.717285,84.86558224951298,85.39373054583409,84.28557200265998,84.64652351547788,9320442
2026-04-05 01:28:43.717286,84.64652351547788,84.89156852241905,83.51104343207348,83.95436498177554,7105183
2026-04-05 01:29:43.717287,83.95436498177554,84.3927440405508,83.66068178349533,84.19283410172345,7460358
2026-04-05 01:30:43.717288,84.19283410172345,85.03908506274105,83.39553883711389,84.08320448321055,4027880
2026-04-05 01:31:43.717289,84.08320448321055,84.59809722827069,82.94428492132478,83.93689003769859,5126564
2026-04-05 01:32:43.717290,83.93689003769859,84.73013833347198,83.15896878152692,83.64842113583215,3577697
2026-04-05 01:33:43.717291,83.64842113583215,84.09520565103446,83.29358301755461,83.45477056923903,6710333
2026-04-05 01:34:43.717292,83.45477056923903,83.68455707368538,82.89818074278185,82.90578992911634,2430264
2026-04-05 01:35:43.717293,82.90578992911634,83.33513102076445,82.34056569560302,82.64975669329866,2335364
2026-04-05 01:36:43.717294,82.64975669329866,82.89237419711796,82.16427914561524,82.63194848553175,6124595
2026-04-05 01:37:43.717295,82.63194848553175,83.28332364203874,82.10962871441473,82.41807371452934,8173625
2026-04-05 01:38:43.717297,82.41807371452934,82.72140468040637,81.4584940288291,81.8789612665764,9784599
2026-04-05 01:39:43.717298,81.8789612665764,82.00694639606199,81.35893600474854,81.70825500693124,4398718
2026-04-05 01:40:43.717299,81.70825500693124,82.13911905743728,81.4494075384228,81.72080824000132,9533216
2026-04-05 01:41:43.717300,81.72080824000132,82.04970727635137,80.20855305699988,81.09673135247625,7507419
2026-04-05 01:42:43.717301,81.09673135247625,81.34766947281926,81.04970268495036,81.0969969339381,7333538
2026-04-05 01:43:43.717302,81.0969969339381,81.14908191297127,80.82769600770665,81.06737357799867,9844731
2026-04-05 01:44:43.717303,81.06737357799867,81.58281114706946,80.85547429419607,81.43872411641412,2661241
2026-04-05 01:45:43.717305,81.43872411641412,81.77477773798212,80.92727693017986,81.12722238272144,8712254
2026-04-05 01:46:43.717307,81.12722238272144,81.16462082430711,80.54474544688186,80.78598802145319,3114336
2026-04-05 01:47:43.717308,80.78598802145319,81.14124895389858,80.59962948201564,80.82283476675832,3050126
2026-04-05 01:48:43.717309,80.82283476675832,81.15909153400378,80.2411646409343,80.4535105410079,3515553
2026-04-05 01:49:43.717310,80.4535105410079,80.51336016286174,79.69924411315188,79.76754759037826,9797057
2026-04-05 01:50:43.717311,79.76754759037826,79.90011201480682,78.99225112926587,79.14120379980339,3552387
2026-04-05 01:51:43.717312,79.14120379980339,79.85850155818197,78.92090717673683,79.26117907986574,2519493
2026-04-05 01:52:43.717313,79.26117907986574,79.47456663238317,78.70507252819571,78.8582332874473,6598023
2026-04-05 01:53:43.717314,78.8582332874473,79.10283967041485,78.4187077546021,78.85971698220722,5724044
2026-04-05 01:54:43.717315,78.85971698220722,79.15709933703752,78.3649118381959,78.78570758495808,1996270
2026-04-05 01:55:43.717316,78.78570758495808,78.93777298132892,78.07400447318062,78.43313215399019,1974939
2026-04-05 01:56:43.717317,78.43313215399019,78.51385547866904,77.84237036953657,78.37708662096529,7398215
2026-04-05 01:57:43.717318,78.37708662096529,78.4037339919442,77.97485448722178,78.09751497032045,8579349
2026-04-05 01:58:43.717319,78.09751497032045,79.01627329272087,77.55995406468334,78.8656792809627,5822724
2026-04-05 01:59:43.717320,78.8656792809627,79.61631701159624,78.53633367138416,79.43153461056325,6101210
2026-04-05 02:00:43.717321,79.43153461056325,79.63161840945753,79.07042905885584,79.26516545018414,6137273
2026-04-05 02:01:43.717323,79.26516545018414,79.44085309338466,78.30977960098336,78.38114800023547,3904814
2026-04-05 02:02:43.717324,78.38114800023547,79.27083650587987,78.314946389035,79.23793244143322,6199895
2026-04-05 02:03:43.717325,79.23793244143322,79.69609077995203,77.81055923530508,78.81200008344737,5692489
2026-04-05 02:04:43.717326,78.81200008344737,79.47367174663243,78.08303188322775,79.43053365168112,6268681
2026-04-05 02:05:43.717327,79.43053365168112,79.66017212930838,78.97339532481199,79.09010898592203,1768026
2026-04-05 02:06:43.717328,79.09010898592203,79.71673409236303,78.77335002314501,78.99932168769504,7416679
2026-04-05 02:07:43.717329,78.99932168769504,79.75919534000217,78.98648276017622,79.51529800057776,6401446
2026-04-05 02:08:43.717330,79.51529800057776,79.73367497287516,78.84800051672121,79.0324095752778,9341353
2026-04-05 02:09:43.717331,79.0324095752778,79.49621508529582,78.80698186987954,79.2408527342403,4777268
2026-04-05 02:10:43.717332,79.2408527342403,79.27860406909367,78.69131247404309,79.1173455441707,6461730
2026-04-05 02:11:43.717333,79.1173455441707,79.17395408704841,78.61434636360059,79.00871562537898,9831834
2026-04-05 02:12:43.717334,79.00871562537898,79.50500983391646,78.78105923384047,78.821668399574,1593695
2026-04-05 02:13:43.717335,78.821668399574,79.34006927614672,78.71183831925804,79.07889496235096,4243283
2026-04-05 02:14:43.717336,79.07889496235096,79.70738358841243,78.57088755726431,78.86679978377101,6412478
2026-04-05 02:15:43.717338,78.86679978377101,79.03340398323135,78.2422164538597,78.26060463216805,4372438
2026-04-05 02:16:43.717339,78.26060463216805,78.48205754240523,77.87000449824279,77.8994781836107,9992754
2026-04-05 02:17:43.717340,77.8994781836107,78.99357164876402,77.31595523998469,78.3773417550736,7478688
2026-04-05 02:18:43.717341,78.3773417550736,78.93771145061329,77.13268687060167,77.51955459881673,3404710
2026-04-05 02:19:43.717342,77.51955459881673,78.19916832295708,77.47637144097179,77.5344492070939,4112959
2026-04-05 02:20:43.717343,77.5344492070939,77.9202686449689,77.20666639287339,77.21111863351061,9980052
2026-04-05 02:21:43.717344,77.21111863351061,77.25480410320979,76.46583969273432,76.67872786276071,9201319
2026-04-05 02:22:43.717345,76.67872786276071,77.01510815785666,76.13570939819923,76.45542354092684,9515737
2026-04-05 02:23:43.717346,76.45542354092684,76.51102932275518,76.4353038268264,76.51085740336269,9155012
2026-04-05 02:24:43.717347,76.51085740336269,76.75224891206477,76.01784262075957,76.31516175062403,8079981
2026-04-05 02:25:43.717348,76.31516175062403,76.91282181850367,76.31328800026871,76.58649664311787,6895882
2026-04-05 02:26:43.717349,76.58649664311787,77.21255227948316,76.1906864457736,76.97256757188778,8696586
2026-04-05 02:27:43.717350,76.97256757188778,77.19952938495707,76.43701026454094,76.8384804004496,5494950
2026-04-05 02:28:43.717351,76.8384804004496,77.59325446911208,76.56253410493841,77.06863566875359,8974410
2026-04-05 02:29:43.717352,77.06863566875359,77.40849323283079,75.81709155548154,76.36797760784133,2360706
2026-04-05 02:30:43.717354,76.36797760784133,77.04196316666517,76.12415629906768,76.76945740731045,5671212
2026-04-05 02:31:43.717355,76.76945740731045,77.68082215392587,76.29815269804207,77.32488383860874,9194563
2026-04-05 02:32:43.717356,77.32488383860874,78.06963298844198,77.2434958107111,77.27489923538978,2846398
2026-04-05 02:33:43.717357,77.27489923538978,78.09632854904036,76.98808262341656,77.58080116280397,7723981
2026-04-05 02:34:43.717358,77.58080116280397,78.08736023056623,76.39699314488671,76.89383959393895,7346502
2026-04-05 02:35:43.717359,76.89383959393895,76.91652937280533,76.0795781185389,76.79040389616337,8984653
2026-04-05 02:36:43.717360,76.79040389616337,77.13319026114453,75.92819798411375,76.60479344663032,7951775
2026-04-05 02:37:43.717361,76.60479344663032,77.5606085162105,76.08965138453924,76.75373684500188,5478903
2026-04-05 02:38:43.717362,76.75373684500188,76.91914486743886,75.99601915768802,76.06217317113268,9522886
2026-04-05 02:39:43.717363,76.06217317113268,76.1633054647984,75.62959221958477,75.84076123386626,3176082
2026-04-05 02:40:43.717364,75.84076123386626,76.07193666333994,75.7939233937445,76.03496753447375,5952034
2026-04-05 02:41:43.717365,76.03496753447375,76.16473803286075,74.82359470157503,75.77274887310392,9640050
2026-04-05 02:42:43.717366,75.77274887310392,76.17918659326789,75.2905471871048,75.96207998336615,3333728
2026-04-05 02:43:43.717367,75.96207998336615,76.38249185747844,75.44621692515773,75.45232388883787,1018510
2026-04-05 02:44:43.717368,75.45232388883787,76.08117600663475,74.91610310667008,75.65080734644663,5948587
2026-04-05 02:45:43.717370,75.65080734644663,76.30434783238461,75.16775816705325,76.20338647486464,5097304
2026-04-05 02:46:43.717371,76.20338647486464,76.63210190761191,75.63291558086682,76.25918571071112,9392207
2026-04-05 02:47:43.717372,76.25918571071112,77.53887006429002,76.04121014244564,76.5526311238638,6347697
2026-04-05 02:48:43.717373,76.5526311238638,77.80674567894363,76.08182093049722,77.12630312328636,8338298
2026-04-05 02:49:43.717374,77.12630312328636,77.53676388712093,76.84212188164642,76.94661552696859,2168931
2026-04-05 02:50:43.717375,76.94661552696859,77.78255579596244,76.51866635622444,77.3392137189858,3023106
2026-04-05 02:51:43.717376,77.3392137189858,77.61663493612672,76.92735485874852,77.02834776349376,6221610
2026-04-05 02:52:43.717377,77.02834776349376,77.50024170598107,76.40555626951752,77.26224647555202,6985507
2026-04-05 02:53:43.717378,77.26224647555202,77.82614474550026,76.80671458333758,77.04902596220481,2619530
2026-04-05 02:54:43.717379,77.04902596220481,77.14419039827452,76.32080165863754,77.02948704474285,1397046
2026-04-05 02:55:43.717380,77.02948704474285,77.7316185666529,76.91523221264782,77.28930532543453,4463587
2026-04-05 02:56:43.717381,77.28930532543453,77.57727661737967,77.17351920298607,77.54480688703191,6184837
2026-04-05 02:57:43.717382,77.54480688703191,78.80539824434526,77.33287702341046,78.10766130589354,8719161
2026-04-05 02:58:43.717383,78.10766130589354,78.93401497171845,77.69598432920132,78.43450274373046,1300767
2026-04-05 02:59:43.717384,78.43450274373046,78.62865636534777,77.78981163271426,78.58308675697656,1517926
2026-04-05 03:00:43.717386,78.58308675697656,78.62337687128338,77.57974889622089,78.23981087665722,7732446
2026-04-05 03:01:43.717387,78.23981087665722,78.5844481651015,78.1183334946883,78.50695427339117,4104632
2026-04-05 03:02:43.717388,78.50695427339117,78.7079114020364,78.29876592504745,78.62859926281752,8674499
2026-04-05 03:03:43.717389,78.62859926281752,79.8044080048473,78.17888798821562,78.65497999425303,1259201
2026-04-05 03:04:43.717390,78.65497999425303,78.6845930415288,78.3879690134253,78.42604601186797,1203474
2026-04-05 03:05:43.717391,78.42604601186797,79.33615619208436,78.17184654860633,79.00107385650635,8320973
2026-04-05 03:06:43.717392,79.00107385650635,79.15220613609367,78.84659501856719,79.09593708997642,2407539
2026-04-05 03:07:43.717393,79.09593708997642,80.27585563638765,78.94030415524308,79.51553918646138,9919716
2026-04-05 03:08:43.717394,79.51553918646138,79.64609386550148,78.68777415344736,79.12602197234706,8426041
2026-04-05 03:09:43.717395,79.12602197234706,79.53644861338502,79.0680718100166,79.28104057886269,6093409
2026-04-05 03:10:43.717397,79.28104057886269,79.35715205737482,79.10747743166758,79.21739785268495,6328625
2026-04-05 03:11:43.717399,79.21739785268495,79.36903754768888,79.01954827444047,79.27471728342128,8802305
2026-04-05 03:12:43.717400,79.27471728342128,79.50345102551472,79.09586605872661,79.41085459480801,7656289
2026-04-05 03:13:43.717401,79.41085459480801,79.66860086125133,79.19673266172435,79.35473028008771,1221163
2026-04-05 03:14:43.717402,79.35473028008771,80.55753741249617,78.94422399606006,79.40139968354974,7377844
2026-04-05 03:15:43.717403,79.40139968354974,80.09136705730546,77.98529088502751,78.81363987698705,5841712
2026-04-05 03:16:43.717404,78.81363987698705,79.61933447812339,78.32218263637603,78.77179579309968,9806407
2026-04-05 03:17:43.717405,78.77179579309968,78.86850156293566,78.3313680568235,78.36149558561878,2163842
2026-04-05 03:18:43.717406,78.36149558561878,78.99585306210672,77.0410406673874,77.51623354887377,4937080
2026-04-05 03:19:43.717407,77.51623354887377,77.66161873116542,76.8245626196287,77.43182908966371,8200622
2026-04-05 03:20:43.717408,77.43182908966371,77.46848241676099,77.20312154573672,77.31814942146148,4024320
2026-04-05 03:21:43.717409,77.31814942146148,78.64570503718892,77.22407224625628,77.63307139018256,2000778
2026-04-05 03:22:43.717410,77.63307139018256,78.53163356737676,77.44093334293622,77.80940908390802,7639070
2026-04-05 03:23:43.717411,77.80940908390802,78.2848905341266,77.3362291459407,77.56063217630744,2962821
2026-04-05 03:24:43.717413,77.56063217630744,78.11632258744399,76.7405473142907,77.83993764147823,4607838
2026-04-05 03:25:43.717414,77.83993764147823,77.8645475731858,77.65585340173996,77.76310425954185,3769067
2026-04-05 03:26:43.717420,77.76310425954185,78.47429245460329,77.54891436455905,77.94840959054517,4179249
2026-04-05 03:27:43.717421,77.94840959054517,78.40344088342788,77.44354315260388,77.75880211529486,3284302
2026-04-05 03:28:43.717422,77.75880211529486,77.9418474933905,77.37764819102514,77.82105653717379,8364308
2026-04-05 03:29:43.717423,77.82105653717379,78.29037627855361,76.47857176799138,77.18354048714515,6977664
2026-04-05 03:30:43.717424,77.18354048714515,77.38951410459573,77.15078940443829,77.26172945974362,2754741
2026-04-05 03:31:43.717425,77.26172945974362,77.64032917997514,76.88682385441533,77.43864945267381,1951710
2026-04-05 03:32:43.717426,77.43864945267381,78.1405164764681,77.33597977236847,77.61941008255296,5780651
2026-04-05 03:33:43.717427,77.61941008255296,77.68452234634991,77.16331774407648,77.39487854164587,6034971
2026-04-05 03:34:43.717428,77.39487854164587,77.76002671807991,76.93512703122433,77.2078659267547,3519379
2026-04-05 03:35:43.717430,77.2078659267547,77.4347230472436,76.94624665070938,77.2206393098316,2168964
2026-04-05 03:36:43.717431,77.2206393098316,77.49847897609973,77.03946827626493,77.06652772927625,4967924
2026-04-05 03:37:43.717432,77.06652772927625,77.26453723339635,76.60766450702432,76.9287909164043,8348399
2026-04-05 03:38:43.717433,76.9287909164043,77.69874817046804,76.3847338794718,76.4422444917737,6949782
2026-04-05 03:39:43.717434,76.4422444917737,77.05501196258474,75.61053846479177,76.30294335497568,6865874
2026-04-05 03:40:43.717435,76.30294335497568,76.9237122691618,75.45981702408297,75.8420695450019,2991524
2026-04-05 03:41:43.717436,75.8420695450019,75.88184857312451,75.05828190865658,75.45525271289942,3137154
2026-04-05 03:42:43.717437,75.45525271289942,75.82996882783684,74.49789780364094,74.92379792339173,5149285
2026-04-05 03:43:43.717438,74.92379792339173,75.61684957420078,74.40455781955751,75.13099787798453,3799045
2026-04-05 03:44:43.717439,75.13099787798453,75.52897470407638,74.72446931846886,75.19252242845288,6991303
2026-04-05 03:45:43.717440,75.19252242845288,75.54435998212924,74.62253537721374,75.02613616166052,4576758
2026-04-05 03:46:43.717441,75.02613616166052,75.18659984279948,74.17844358050424,74.58919441156071,8045158
2026-04-05 03:47:43.717442,74.58919441156071,74.63841209221877,73.79665204169892,74.11301114464362,3066799
2026-04-05 03:48:43.717443,74.11301114464362,74.50957571708679,73.85398273689772,74.02021977256251,9485983
2026-04-05 03:49:43.717445,74.02021977256251,74.10276182227383,73.6020259119006,73.70596466671591,9468902
2026-04-05 03:50:43.717446,73.70596466671591,73.9492028703714,73.61469012447112,73.76050468187924,6506932
2026-04-05 03:51:43.717447,73.76050468187924,74.1616691381849,73.69930122643282,73.74498342780088,2210280
2026-04-05 03:52:43.717448,73.74498342780088,73.8641806798523,72.99948578215319,73.49160886851614,5868073
2026-04-05 03:53:43.717449,73.49160886851614,73.82572277341461,73.37915018839084,73.81956943085311,8174742
2026-04-05 03:54:43.717450,73.81956943085311,74.11254385263217,72.65421221958823,72.8341270873159,8882638
2026-04-05 03:55:43.717451,72.8341270873159,73.63046750432281,72.60076859781447,73.1744857596482,6268848
2026-04-05 03:56:43.717452,73.1744857596482,73.3015889217685,72.78218447376304,73.14351446581736,5238413
2026-04-05 03:57:43.717453,73.14351446581736,73.34253450118109,72.76484113503113,73.03730454097081,6806191
2026-04-05 03:58:43.717454,73.03730454097081,73.22514813884969,72.21374528196638,72.87446087915087,3011153
2026-04-05 03:59:43.717455,72.87446087915087,73.71027751076076,72.3078805931387,73.11251053488407,9237415
2026-04-05 04:00:43.717456,73.11251053488407,73.60579364657474,72.73809349814995,73.37101269724619,2850123
2026-04-05 04:01:43.717458,73.37101269724619,73.46521493541425,73.23006403294741,73.31381500199684,8190953
2026-04-05 04:02:43.717459,73.31381500199684,74.00408269830017,73.18063605514183,73.43676299229799,6009486
2026-04-05 04:03:43.717460,73.43676299229799,73.6043624206795,73.30706345132731,73.56530370943804,8916163
2026-04-05 04:04:43.717461,73.56530370943804,73.81140153012613,73.00431156922131,73.21032429829351,4901359
2026-04-05 04:05:43.717462,73.21032429829351,73.77910248334202,73.03802488291133,73.64415941189192,6781801
2026-04-05 04:06:43.717463,73.64415941189192,73.88724743999502,73.44176012043494,73.51327824129024,5209419
2026-04-05 04:07:43.717464,73.51327824129024,73.63573457684669,72.93391216486427,73.42705807026643,7822160
2026-04-05 04:08:43.717465,73.42705807026643,73.82187785513494,72.53771426293613,73.01703210003305,2608990
2026-04-05 04:09:43.717466,73.01703210003305,74.02324755121704,72.4371136077494,73.59374791309456,6653526
2026-04-05 04:10:43.717467,73.59374791309456,74.17883514775819,73.41024561469203,73.78283797027228,8741734
2026-04-05 04:11:43.717468,73.78283797027228,73.85758211484757,72.84385212298676,73.20254614959873,2759268
2026-04-05 04:12:43.717469,73.20254614959873,73.52370188070203,73.02787591268057,73.51310094945958,8879909
2026-04-05 04:13:43.717471,73.51310094945958,73.7562971654682,73.19247362507294,73.68894457392034,3980631
2026-04-05 04:14:43.717472,73.68894457392034,74.81371149977181,73.31386660907711,74.24560572594292,4506260
2026-04-05 04:15:43.717473,74.24560572594292,74.26316434511126,73.68238851198467,73.93920492560314,7404892
2026-04-05 04:16:43.717474,73.93920492560314,74.25797977281677,73.93475968991392,74.00656283297742,6994299
2026-04-05 04:17:43.717475,74.00656283297742,74.11824247624246,73.81743186156469,73.91048123676951,9660592
2026-04-05 04:18:43.717476,73.91048123676951,75.22019898924168,73.14402562371112,73.3974702230075,9760306
2026-04-05 04:19:43.717477,73.3974702230075,73.6952094879505,73.2501683092977,73.65242910611602,7430060
2026-04-05 04:20:43.717478,73.65242910611602,74.17179876855181,73.26783005516373,73.46837520973601,1871510
2026-04-05 04:21:43.717479,73.46837520973601,73.68620515094217,73.45545282461127,73.62358387483262,5335807
2026-04-05 04:22:43.717480,73.62358387483262,73.89181697545757,73.48965310572913,73.78740877072634,8846431
2026-04-05 04:23:43.717481,73.78740877072634,73.95219885659263,73.77355404963559,73.9144643920389,3520022
2026-04-05 04:24:43.717482,73.9144643920389,74.31973002988056,73.4818171843693,74.16871562414546,9895707
2026-04-05 04:25:43.717483,74.16871562414546,74.8181130148652,73.92508772230558,74.13912819806328,4828471
2026-04-05 04:26:43.717484,74.13912819806328,74.55882913247125,73.7448099745564,73.87992269674473,6724174
2026-04-05 04:27:43.717486,73.87992269674473,74.67608881764468,73.77853144173126,74.23219722542663,2669090
2026-04-05 04:28:43.717487,74.23219722542663,74.96896334970438,74.20280788660457,74.39334301316568,9477852
2026-04-05 04:29:43.717488,74.39334301316568,74.92128282888255,74.24303300744987,74.40949544860997,1657739
2026-04-05 04:30:43.717489,74.40949544860997,74.41939970675506,73.48736493573418,74.17980782290178,7246896
2026-04-05 04:31:43.717490,74.17980782290178,74.60877304159492,73.64561663531792,74.12044654094112,3429365
2026-04-05 04:32:43.717491,74.12044654094112,75.76546282476993,74.04907444184732,74.36743720853191,8536371
2026-04-05 04:33:43.717492,74.36743720853191,74.94709008731729,74.18740724612684,74.49723230867693,4804153
2026-04-05 04:34:43.717493,74.49723230867693,74.83222753042304,74.33286802026437,74.56044114201177,4528206
2026-04-05 04:35:43.717494,74.56044114201177,74.81863303644586,74.4231312587357,74.71628526562272,8346866
