timestamp,Open,High,Low,Close,Volume
2026-01-05 09:32:36,180.23,181.48,180.23,180.76,11463
2026-01-05 09:42:36,169.01,169.51,167.74,168.66,119670
2026-01-05 09:52:36,171.5,172.71,169.79,171.55,54137
2026-01-05 10:02:36,166.73,167.77,165.38,167.74,157435
2026-01-05 10:12:36,166.54,167.42,165.66,166.66,78498
2026-01-05 10:22:36,176.37,177.26,176.29,177.18,12436
2026-01-05 10:32:36,182.61,183.94,182.61,183.02,42708
2026-01-05 10:42:36,190.12,190.12,188.31,188.99,68041
2026-01-05 10:52:36,189.5,190.35,189.5,190.35,58828
2026-01-05 11:02:36,185.98,185.98,184.54,184.54,17446
2026-01-05 11:12:36,186.1,186.21,185.09,185.14,102050
2026-01-05 11:22:36,185.62,185.93,185.62,185.71,23339
2026-01-05 11:32:36,178.95,180.55,177.99,178.41,106907
2026-01-05 11:42:36,178.94,179.12,178.26,179.12,77782
2026-01-05 11:52:36,174.48,175.24,174.32,174.95,16821
2026-01-05 12:02:36,174.72,177.08,174.28,175.68,122038
2026-01-05 12:12:36,172.88,173.2,172.44,173.2,102298
2026-01-05 12:22:36,174.62,175.84,173.8,175.84,36653
2026-01-05 12:32:36,181.32,181.92,180.18,181.65,25062
2026-01-05 12:42:36,177.6,177.6,176.43,176.43,29773
2026-01-05 12:52:36,174.06,175.31,174.06,174.55,47297
2026-01-05 13:02:36,171.48,172.09,169.83,171.47,147183
2026-01-05 13:12:36,170.98,170.98,170.15,170.3,96992
2026-01-05 13:22:36,165.22,165.69,165.22,165.49,51921
2026-01-05 13:32:36,163.38,164.3,162.59,164.3,171010
2026-01-05 13:42:36,163.46,163.46,162.5,163.21,168203
2026-01-05 13:52:36,165.62,166.44,164.07,165.34,129930
2026-01-05 14:02:36,154.77,155.37,153.81,154.89,81831
2026-01-05 14:12:36,153.86,154.44,153.31,153.64,247200
2026-01-05 14:22:36,154.25,155.77,154.25,155.25,202202
2026-01-05 14:32:36,153.92,154.47,153.43,153.51,198674
2026-01-05 14:42:36,161.08,161.82,160.23,161.35,49316
2026-01-05 14:52:36,149.55,150.11,148.91,149.9,258540
2026-01-05 15:02:36,148.58,149.79,148.41,148.62,222271
2026-01-05 15:12:36,151.5,152.22,150.47,151.34,89490
2026-01-05 15:22:36,154.35,155.2,154.35,154.79,92000
2026-01-05 15:32:36,150.78,151.47,150.48,151.47,39040
2026-01-05 15:42:36,150.66,150.66,149.16,150.62,256038
2026-01-05 15:52:36,145.57,146.25,144.25,144.88,244874
2026-01-06 09:32:36,143.9,143.9,143.17,143.17,215724
2026-01-06 09:42:36,148.08,148.17,147.63,148.07,64865
2026-01-06 09:52:36,148.91,149.6,148.91,148.95,100101
2026-01-06 10:02:36,150.8,150.98,150.21,150.56,171192
2026-01-06 10:12:36,148.38,148.9,147.19,148.9,203962
2026-01-06 10:22:36,140.3,140.37,139.64,139.88,82324
2026-01-06 10:32:36,140.99,141.7,140.51,141.4,128229
2026-01-06 10:42:36,138.8,139.21,138.35,138.83,259312
2026-01-06 10:52:36,141.51,141.8,141.05,141.05,141799
2026-01-06 11:02:36,157.58,157.97,157.08,157.08,92432
2026-01-06 11:12:36,158.14,158.45,156.89,157.72,104381
2026-01-06 11:22:36,158.46,159.7,158.46,158.5,144356
2026-01-06 11:32:36,164.22,164.45,163.79,164.32,108873
2026-01-06 11:42:36,168.03,169.0,167.82,169.0,66409
2026-01-06 11:52:36,165.62,165.71,164.64,165.11,68940
2026-01-06 12:02:36,161.71,163.16,161.14,162.26,82583
2026-01-06 12:12:36,155.97,156.95,155.97,156.89,109190
2026-01-06 12:22:36,151.11,152.27,150.39,150.96,227464
2026-01-06 12:32:36,148.83,150.2,148.29,148.54,238717
2026-01-06 12:42:36,152.12,153.74,152.12,153.01,97430
2026-01-06 12:52:36,160.77,161.4,160.06,160.06,75109
2026-01-06 13:02:36,163.63,164.86,163.58,163.67,117887
2026-01-06 13:12:36,166.42,166.42,165.05,165.79,22586
2026-01-06 13:22:36,168.47,168.98,168.05,168.06,162034
2026-01-06 13:32:36,167.91,167.91,166.87,167.57,41962
2026-01-06 13:42:36,169.22,169.41,168.94,169.1,102365
2026-01-06 13:52:36,172.25,172.25,171.51,171.51,56989
2026-01-06 14:02:36,160.66,160.94,160.26,160.56,86247
2026-01-06 14:12:36,154.69,155.55,153.89,153.89,85481
2026-01-06 14:22:36,155.86,157.85,155.86,156.63,54229
2026-01-06 14:32:36,161.22,161.22,158.71,160.53,126773
2026-01-06 14:42:36,159.44,159.57,158.17,159.05,26474
2026-01-06 14:52:36,164.17,165.11,164.08,164.29,115610
2026-01-06 15:02:36,161.69,162.3,161.45,162.3,195230
2026-01-06 15:12:36,154.87,155.81,154.81,155.0,103020
2026-01-06 15:22:36,154.05,155.83,154.05,154.25,230094
2026-01-06 15:32:36,158.81,159.82,158.08,159.22,211584
2026-01-06 15:42:36,150.14,150.87,150.14,150.66,73609
2026-01-06 15:52:36,153.9,154.32,151.94,153.56,64971
2026-01-07 09:32:36,153.77,154.78,152.91,153.78,113584
2026-01-07 09:42:36,156.19,157.28,153.94,155.75,107688
2026-01-07 09:52:36,158.41,158.93,157.36,158.93,102013
2026-01-07 10:02:36,159.03,159.03,157.97,158.57,64707
2026-01-07 10:12:36,161.65,162.81,161.55,162.15,165351
2026-01-07 10:22:36,158.92,160.06,157.42,158.79,37002
2026-01-07 10:32:36,153.75,154.55,152.44,153.9,48129
2026-01-07 10:42:36,151.58,152.3,151.22,151.65,86672
2026-01-07 10:52:36,142.91,143.35,142.54,142.68,141334
2026-01-07 11:02:36,154.61,155.38,153.86,154.23,41992
2026-01-07 11:12:36,158.22,158.35,157.83,157.94,96136
2026-01-07 11:22:36,158.4,160.06,158.32,158.32,122439
2026-01-07 11:32:36,150.98,151.95,150.98,151.11,103505
2026-01-07 11:42:36,152.23,152.23,151.08,151.33,109021
2026-01-07 11:52:36,153.75,154.09,153.37,154.09,44444
2026-01-07 12:02:36,154.89,156.17,154.89,155.61,121785
2026-01-07 12:12:36,156.86,156.97,156.25,156.48,124294
2026-01-07 12:22:36,151.7,152.85,151.7,151.78,221841
2026-01-07 12:32:36,148.01,150.01,148.01,148.86,77968
2026-01-07 12:42:36,152.62,152.83,152.08,152.62,217927
2026-01-07 12:52:36,152.74,152.74,150.76,151.95,121984
2026-01-07 13:02:36,147.06,147.89,146.05,146.72,127756
2026-01-07 13:12:36,153.33,153.33,152.0,152.0,170430
2026-01-07 13:22:36,149.24,149.64,148.5,149.64,165278
2026-01-07 13:32:36,155.36,156.99,155.36,156.46,216042
2026-01-07 13:42:36,159.77,159.77,158.87,158.87,190452
2026-01-07 13:52:36,160.63,161.52,159.67,160.57,99003
2026-01-07 14:02:36,146.81,147.83,145.67,146.76,115842
2026-01-07 14:12:36,140.52,141.29,139.96,140.75,86311
2026-01-07 14:22:36,130.92,130.92,129.45,130.79,359034
2026-01-07 14:32:36,130.37,131.61,130.37,131.04,274475
2026-01-07 14:42:36,127.44,127.99,126.69,127.99,181498
2026-01-07 14:52:36,118.36,119.01,117.63,118.83,388002
2026-01-07 15:02:36,111.95,112.56,111.33,111.45,271287
2026-01-07 15:12:36,108.49,108.61,107.59,107.59,284540
2026-01-07 15:22:36,104.07,104.54,103.96,104.22,294901
2026-01-07 15:32:36,102.49,103.25,101.64,102.53,179067
2026-01-07 15:42:36,102.3,102.7,102.12,102.63,489573
2026-01-07 15:52:36,99.07,99.26,98.96,99.24,85131
2026-01-08 09:32:36,93.64,93.64,93.26,93.59,409298
2026-01-08 09:42:36,102.16,102.68,101.89,102.24,430140
2026-01-08 09:52:36,111.39,112.32,110.63,111.25,418492
2026-01-08 10:02:36,113.67,113.84,113.18,113.84,348955
2026-01-08 10:12:36,112.09,112.09,111.37,111.67,347221
2026-01-08 10:22:36,101.97,101.97,101.17,101.47,324232
2026-01-08 10:32:36,99.62,99.98,99.17,99.52,543247
2026-01-08 10:42:36,103.46,103.95,102.48,103.75,336892
2026-01-08 10:52:36,102.67,103.26,102.6,103.26,394801
2026-01-08 11:02:36,126.09,126.09,125.44,126.02,107661
2026-01-08 11:12:36,126.1,126.53,125.62,125.98,233396
2026-01-08 11:22:36,122.22,123.02,121.86,122.17,365584
2026-01-08 11:32:36,116.18,116.52,115.65,116.52,238924
2026-01-08 11:42:36,112.81,113.3,112.46,113.19,56373
2026-01-08 11:52:36,115.92,116.52,115.59,115.59,115865
2026-01-08 12:02:36,118.36,118.67,118.33,118.67,346753
2026-01-08 12:12:36,123.88,123.88,123.69,123.69,147178
2026-01-08 12:22:36,126.44,126.44,126.21,126.34,126398
2026-01-08 12:32:36,126.7,127.35,126.7,127.15,58163
2026-01-08 12:42:36,128.0,128.74,127.7,127.72,248368
2026-01-08 12:52:36,124.39,125.26,124.39,124.48,198204
2026-01-08 13:02:36,123.1,123.18,122.01,123.18,368038
2026-01-08 13:12:36,124.43,125.61,123.45,124.96,379083
2026-01-08 13:22:36,130.12,130.48,129.75,130.08,373688
2026-01-08 13:32:36,131.4,132.17,131.01,131.01,50106
2026-01-08 13:42:36,137.28,137.49,136.22,136.65,268628
2026-01-08 13:52:36,138.43,138.79,138.0,138.58,254620
2026-01-08 14:02:36,108.71,108.71,108.08,108.13,249098
2026-01-08 14:12:36,115.59,115.7,115.07,115.6,168021
2026-01-08 14:22:36,118.24,118.9,118.24,118.57,436009
2026-01-08 14:32:36,110.77,111.45,110.59,111.02,336765
2026-01-08 14:42:36,116.62,117.04,116.07,116.78,108877
2026-01-08 14:52:36,120.49,120.63,120.21,120.36,262914
2026-01-08 15:02:36,116.43,117.84,115.8,116.55,407279
2026-01-08 15:12:36,111.5,111.6,110.86,111.24,311715
2026-01-08 15:22:36,103.29,103.29,102.72,102.86,188209
2026-01-08 15:32:36,104.2,104.85,103.95,104.36,447688
2026-01-08 15:42:36,104.71,105.03,104.49,104.7,416519
2026-01-08 15:52:36,103.22,104.29,102.44,103.13,367009
2026-01-09 09:32:36,102.86,103.51,102.86,102.86,171493
2026-01-09 09:42:36,108.79,109.09,108.79,109.09,126825
2026-01-09 09:52:36,103.93,104.44,103.66,104.36,254764
2026-01-09 10:02:36,110.91,111.47,110.46,110.46,237117
2026-01-09 10:12:36,107.56,107.87,106.32,107.85,196043
2026-01-09 10:22:36,112.38,112.38,111.93,112.25,412017
2026-01-09 10:32:36,112.33,113.14,111.97,112.43,423495
2026-01-09 10:42:36,112.54,112.99,112.06,112.58,357910
2026-01-09 10:52:36,109.55,110.13,109.55,109.66,288360
2026-01-09 11:02:36,129.5,129.5,129.15,129.38,363564
2026-01-09 11:12:36,128.48,128.53,127.07,128.26,41967
2026-01-09 11:22:36,128.67,129.88,128.67,129.02,346146
2026-01-09 11:32:36,130.53,131.81,130.53,131.76,355593
2026-01-09 11:42:36,135.67,136.01,135.32,135.32,36311
2026-01-09 11:52:36,130.64,130.94,129.54,130.94,111972
2026-01-09 12:02:36,124.79,126.09,124.79,125.15,61799
2026-01-09 12:12:36,125.4,126.17,125.08,125.31,381853
2026-01-09 12:22:36,120.54,120.88,120.27,120.88,127393
2026-01-09 12:32:36,125.65,125.65,124.73,125.31,358158
2026-01-09 12:42:36,127.38,127.4,127.29,127.33,198661
2026-01-09 12:52:36,119.78,120.04,119.42,119.58,367086
2026-01-09 13:02:36,124.25,124.25,122.38,123.96,350764
2026-01-09 13:12:36,125.7,125.74,124.65,125.57,75426
2026-01-09 13:22:36,122.57,123.54,122.38,122.84,65229
2026-01-09 13:32:36,125.34,125.47,125.2,125.47,384706
2026-01-09 13:42:36,122.44,122.93,121.8,122.43,95665
2026-01-09 13:52:36,122.62,122.9,122.16,122.9,274230
2026-01-09 14:02:36,92.15,92.65,92.1,92.65,204359
2026-01-09 14:12:36,96.23,96.23,95.38,95.72,143681
2026-01-09 14:22:36,101.64,102.15,101.08,102.15,88531
2026-01-09 14:32:36,103.26,103.5,102.79,103.12,330363
2026-01-09 14:42:36,100.76,101.17,100.6,101.17,195020
2026-01-09 14:52:36,105.91,106.77,105.63,106.47,285288
2026-01-09 15:02:36,105.89,106.5,105.32,106.3,293664
2026-01-09 15:12:36,105.94,105.94,105.2,105.53,175506
2026-01-09 15:22:36,109.44,109.54,108.44,109.29,286243
2026-01-09 15:32:36,111.24,111.24,110.01,110.93,135919
2026-01-09 15:42:36,113.02,113.95,113.02,113.59,414114
2026-01-09 15:52:36,107.91,108.44,107.33,107.85,77072
2026-01-12 09:32:36,112.68,112.78,111.8,112.15,52652
2026-01-12 09:42:36,109.87,110.19,108.99,110.19,340295
2026-01-12 09:52:36,107.0,107.23,106.48,107.23,503919
2026-01-12 10:02:36,103.64,103.91,102.92,103.45,440538
2026-01-12 10:12:36,113.46,113.46,111.51,112.16,143482
2026-01-12 10:22:36,106.42,106.57,105.64,106.07,142771
2026-01-12 10:32:36,95.87,96.0,95.3,96.0,82376
2026-01-12 10:42:36,92.54,92.67,92.25,92.67,212379
2026-01-12 10:52:36,85.45,86.01,85.06,86.01,423126
2026-01-12 11:02:36,117.28,118.5,116.99,117.29,377559
2026-01-12 11:12:36,123.36,123.8,123.1,123.44,271947
2026-01-12 11:22:36,120.95,122.04,120.95,122.04,58203
2026-01-12 11:32:36,127.38,128.38,126.44,127.4,176547
2026-01-12 11:42:36,130.11,130.25,129.17,129.63,363116
2026-01-12 11:52:36,126.45,127.38,126.2,126.2,50267
2026-01-12 12:02:36,128.55,130.09,127.73,128.28,175850
2026-01-12 12:12:36,126.72,127.12,126.0,126.81,205126
2026-01-12 12:22:36,124.17,124.41,123.8,124.41,327051
2026-01-12 12:32:36,127.28,128.0,126.51,126.86,53329
2026-01-12 12:42:36,122.56,123.07,122.51,123.07,251912
2026-01-12 12:52:36,122.86,123.38,122.86,123.19,377773
2026-01-12 13:02:36,121.14,122.33,120.44,120.44,144091
2026-01-12 13:12:36,119.48,120.01,119.48,119.89,125866
2026-01-12 13:22:36,123.37,123.47,122.52,123.47,381921
2026-01-12 13:32:36,125.95,126.29,125.45,125.67,234055
2026-01-12 13:42:36,129.58,129.84,129.16,129.84,336535
2026-01-12 13:52:36,127.42,127.8,126.73,127.8,64274
2026-01-12 14:02:36,105.83,106.45,105.28,106.45,225792
2026-01-12 14:12:36,107.53,108.61,107.53,107.81,463557
2026-01-12 14:22:36,108.71,109.21,108.71,108.98,471371
2026-01-12 14:32:36,103.07,103.43,102.65,103.26,394328
2026-01-12 14:42:36,98.99,99.22,98.29,99.12,116818
2026-01-12 14:52:36,99.53,99.55,99.09,99.45,376940
2026-01-12 15:02:36,100.36,100.87,100.36,100.87,121281
2026-01-12 15:12:36,91.49,91.94,91.37,91.37,499153
2026-01-12 15:22:36,99.13,100.29,98.85,98.85,350589
2026-01-12 15:32:36,93.79,94.46,93.79,93.99,78049
2026-01-12 15:42:36,95.79,96.22,95.47,96.0,241697
2026-01-12 15:52:36,99.57,100.57,99.55,100.0,499114
2026-01-13 09:32:36,102.16,102.59,102.14,102.25,63058
2026-01-13 09:42:36,94.35,94.52,93.14,94.51,57787
2026-01-13 09:52:36,91.94,92.44,91.94,92.21,468819
2026-01-13 10:02:36,95.9,96.61,95.9,96.61,431139
2026-01-13 10:12:36,94.17,94.83,93.35,94.49,369527
2026-01-13 10:22:36,97.71,97.79,96.86,97.44,408107
2026-01-13 10:32:36,95.91,96.13,95.6,95.67,173436
2026-01-13 10:42:36,98.54,98.89,98.13,98.89,366385
2026-01-13 10:52:36,98.4,99.33,97.95,98.58,171077
2026-01-13 11:02:36,129.03,129.21,128.8,128.93,232726
2026-01-13 11:12:36,123.12,123.64,121.67,122.91,341339
2026-01-13 11:22:36,122.83,123.18,122.83,123.08,83219
2026-01-13 11:32:36,117.57,118.3,116.93,117.87,165624
2026-01-13 11:42:36,119.3,119.3,118.43,119.13,80230
2026-01-13 11:52:36,123.35,123.44,122.81,123.24,376761
2026-01-13 12:02:36,119.36,120.21,119.36,119.65,73839
2026-01-13 12:12:36,119.0,119.34,118.29,119.13,131853
2026-01-13 12:22:36,118.51,119.29,118.51,118.87,284877
2026-01-13 12:32:36,119.37,119.37,118.63,119.12,382648
2026-01-13 12:42:36,119.48,119.64,118.65,119.33,293919
2026-01-13 12:52:36,123.78,124.24,122.98,123.54,275257
2026-01-13 13:02:36,114.9,114.98,114.61,114.61,119073
2026-01-13 13:12:36,115.68,115.78,115.05,115.05,279303
2026-01-13 13:22:36,123.53,123.66,123.17,123.62,226585
2026-01-13 13:32:36,121.1,121.14,120.87,121.03,103549
2026-01-13 13:42:36,116.54,118.03,115.36,116.42,301916
2026-01-13 13:52:36,117.22,117.22,116.28,116.33,126143
2026-01-13 14:02:36,84.87,84.87,84.29,84.58,519569
2026-01-13 14:12:36,91.08,91.5,90.32,91.14,445372
2026-01-13 14:22:36,89.0,89.29,88.92,88.94,289930
2026-01-13 14:32:36,92.51,92.96,91.64,92.96,414000
2026-01-13 14:42:36,96.02,96.51,95.94,96.17,263926
2026-01-13 14:52:36,104.98,105.43,104.41,105.01,452680
2026-01-13 15:02:36,99.91,100.43,99.91,100.34,88249
2026-01-13 15:12:36,96.19,96.19,95.66,95.95,371334
2026-01-13 15:22:36,79.83,80.49,79.8,79.88,299944
2026-01-13 15:32:36,80.46,80.46,80.14,80.33,178767
2026-01-13 15:42:36,71.44,71.57,71.19,71.57,696939
2026-01-13 15:52:36,87.46,87.89,87.27,87.27,80711
2026-01-14 09:32:36,87.21,87.93,86.41,87.48,181914
2026-01-14 09:42:36,102.9,104.2,102.01,102.58,347426
2026-01-14 09:52:36,100.94,101.79,100.5,100.87,426065
2026-01-14 10:02:36,99.03,99.62,98.69,99.62,326361
2026-01-14 10:12:36,99.92,100.29,99.3,99.3,127113
2026-01-14 10:22:36,95.22,95.3,94.85,95.29,289382
2026-01-14 10:32:36,100.39,100.39,99.99,100.36,508601
2026-01-14 10:42:36,95.59,96.35,95.59,95.89,147518
2026-01-14 10:52:36,95.54,95.85,95.46,95.46,548826
2026-01-14 11:02:36,120.86,121.03,120.76,121.03,155913
2026-01-14 11:12:36,121.53,121.53,121.1,121.1,271113
2026-01-14 11:22:36,115.9,116.78,115.78,115.95,372337
2026-01-14 11:32:36,120.89,121.83,120.19,121.38,417294
2026-01-14 11:42:36,115.8,116.33,115.1,115.72,75036
2026-01-14 11:52:36,116.56,117.6,116.56,117.15,368115
2026-01-14 12:02:36,114.26,115.21,113.79,113.79,244694
2026-01-14 12:12:36,116.23,116.49,115.23,115.75,145144
2026-01-14 12:22:36,117.95,117.95,116.68,117.46,299197
2026-01-14 12:32:36,121.08,121.44,120.16,120.16,63344
2026-01-14 12:42:36,123.9,124.91,123.23,123.53,351372
2026-01-14 12:52:36,121.62,122.87,121.51,122.26,305256
2026-01-14 13:02:36,112.2,112.85,111.49,112.1,443129
2026-01-14 13:12:36,117.52,117.8,117.09,117.64,88502
2026-01-14 13:22:36,122.52,123.11,122.09,122.54,133220
2026-01-14 13:32:36,122.02,122.72,121.62,121.62,66396
2026-01-14 13:42:36,115.23,115.48,114.34,115.1,264770
2026-01-14 13:52:36,111.66,112.73,111.64,112.7,391285
2026-01-14 14:02:36,79.92,79.98,79.71,79.95,169324
2026-01-14 14:12:36,74.58,74.82,74.29,74.82,582492
2026-01-14 14:22:36,72.87,73.08,72.67,72.72,561444
2026-01-14 14:32:36,62.58,63.14,62.53,62.53,289142
2026-01-14 14:42:36,68.28,68.45,68.06,68.29,210305
2026-01-14 14:52:36,64.6,64.92,64.17,64.17,274324
2026-01-14 15:02:36,64.37,65.05,64.37,64.62,327932
2026-01-14 15:12:36,56.34,56.59,56.25,56.25,737218
2026-01-14 15:22:36,58.93,59.02,58.7,58.78,354795
2026-01-14 15:32:36,60.83,60.83,60.55,60.62,709988
2026-01-14 15:42:36,62.22,62.22,61.55,62.05,705448
2026-01-14 15:52:36,67.5,68.29,67.5,67.63,287806
2026-01-15 09:32:36,71.74,71.79,71.3,71.34,362778
2026-01-15 09:42:36,72.6,72.6,72.15,72.56,137623
2026-01-15 09:52:36,76.44,77.04,76.43,76.43,316755
2026-01-15 10:02:36,78.61,78.65,78.33,78.37,320410
2026-01-15 10:12:36,77.53,77.97,77.4,77.4,615011
2026-01-15 10:22:36,71.05,72.03,71.05,71.62,111060
2026-01-15 10:32:36,71.03,71.23,70.96,71.23,108012
2026-01-15 10:42:36,71.87,72.09,71.87,71.98,111288
2026-01-15 10:52:36,80.17,80.29,79.8,79.83,304149
2026-01-15 11:02:36,114.0,114.72,113.45,114.12,394044
2026-01-15 11:12:36,108.94,109.38,108.74,109.13,156101
2026-01-15 11:22:36,106.37,107.44,106.37,107.28,260658
2026-01-15 11:32:36,106.01,106.85,105.59,105.69,208509
2026-01-15 11:42:36,109.24,109.24,108.79,109.21,67219
2026-01-15 11:52:36,111.22,111.64,110.32,110.94,75370
2026-01-15 12:02:36,111.48,113.01,111.48,111.63,325569
2026-01-15 12:12:36,114.54,114.68,113.77,114.51,279352
2026-01-15 12:22:36,114.6,114.6,114.07,114.52,223951
2026-01-15 12:32:36,107.03,107.03,105.75,106.48,255367
2026-01-15 12:42:36,100.38,102.17,100.26,100.26,363778
2026-01-15 12:52:36,94.18,94.72,93.78,94.17,567357
2026-01-15 13:02:36,94.67,94.91,93.83,94.1,407664
2026-01-15 13:12:36,88.19,88.49,87.48,87.8,283113
2026-01-15 13:22:36,91.24,92.8,91.17,91.3,404240
2026-01-15 13:32:36,87.82,88.0,86.58,88.0,519260
2026-01-15 13:42:36,85.03,85.06,84.64,84.89,367909
2026-01-15 13:52:36,80.36,80.74,79.82,79.96,314822
2026-01-15 14:02:36,30.69,30.77,30.47,30.77,680866
2026-01-15 14:12:36,34.95,35.15,34.78,34.94,196589
2026-01-15 14:22:36,36.76,36.87,36.7,36.87,475303
2026-01-15 14:32:36,43.92,44.41,43.74,43.9,368038
2026-01-15 14:42:36,50.09,50.19,49.84,50.19,716438
2026-01-15 14:52:36,52.48,52.6,52.21,52.43,617274
2026-01-15 15:02:36,50.65,50.65,50.15,50.32,459009
2026-01-15 15:12:36,53.55,53.74,53.33,53.33,565797
2026-01-15 15:22:36,48.55,48.77,48.55,48.77,99001
2026-01-15 15:32:36,47.25,47.58,47.03,47.03,124476
2026-01-15 15:42:36,53.47,54.11,53.45,53.46,302047
2026-01-15 15:52:36,53.07,53.34,52.99,52.99,302163
2026-01-16 09:32:36,56.5,56.85,56.4,56.4,661443
2026-01-16 09:42:36,52.77,52.8,52.67,52.8,352029
2026-01-16 09:52:36,45.31,45.7,45.22,45.36,830675
2026-01-16 10:02:36,39.43,39.7,39.43,39.6,303032
2026-01-16 10:12:36,41.6,41.63,41.56,41.63,502705
2026-01-16 10:22:36,41.61,41.7,41.53,41.53,476604
2026-01-16 10:32:36,34.61,34.74,34.56,34.56,676439
2026-01-16 10:42:36,35.34,35.4,35.08,35.2,563815
2026-01-16 10:52:36,38.8,38.8,38.46,38.46,188788
2026-01-16 11:02:36,84.05,84.27,83.94,84.21,401326
2026-01-16 11:12:36,80.86,80.95,80.76,80.95,184071
2026-01-16 11:22:36,85.7,85.95,85.6,85.78,333528
2026-01-16 11:32:36,86.67,87.26,86.17,86.93,139391
2026-01-16 11:42:36,90.91,91.49,90.53,90.73,559166
2026-01-16 11:52:36,95.94,96.31,95.26,95.92,168149
2026-01-16 12:02:36,94.12,95.06,94.12,94.55,110618
2026-01-16 12:12:36,96.37,97.39,96.37,97.0,322952
2026-01-16 12:22:36,102.8,103.35,102.29,102.29,406027
2026-01-16 12:32:36,102.91,103.42,102.26,102.86,343839
2026-01-16 12:42:36,95.87,96.48,95.17,95.59,370041
2026-01-16 12:52:36,92.69,92.69,92.28,92.69,340767
2026-01-16 13:02:36,88.95,90.1,88.26,89.32,540636
2026-01-16 13:12:36,80.78,81.49,80.59,81.13,200180
2026-01-16 13:22:36,83.71,83.71,82.78,83.57,154951
2026-01-16 13:32:36,83.07,83.33,82.87,82.87,85976
2026-01-16 13:42:36,80.18,80.5,79.29,79.86,311617
2026-01-16 13:52:36,77.83,78.84,77.83,77.98,405257
2026-01-16 14:02:36,24.07,24.08,23.89,24.02,843362
2026-01-16 14:12:36,21.21,21.35,21.03,21.31,375345
2026-01-16 14:22:36,29.37,29.61,29.37,29.55,884698
2026-01-16 14:32:36,29.72,29.76,29.46,29.68,883730
2026-01-16 14:42:36,35.39,35.49,35.09,35.49,529638
2026-01-16 14:52:36,35.78,36.02,35.69,35.8,480605
2026-01-16 15:02:36,23.55,23.73,23.49,23.63,382957
2026-01-16 15:12:36,22.18,22.18,22.03,22.14,201074
2026-01-16 15:22:36,21.74,21.74,21.47,21.62,680713
2026-01-16 15:32:36,13.51,13.6,13.46,13.58,566277
2026-01-16 15:42:36,6.15,6.2,6.14,6.19,711283
2026-01-16 15:52:36,-3.23,-3.22,-3.23,-3.22,1070173
2026-01-19 09:32:36,-0.8,-0.79,-0.8,-0.79,762390
2026-01-19 09:42:36,1.99,1.99,1.97,1.99,277390
2026-01-19 09:52:36,2.56,2.59,2.56,2.57,953197
2026-01-19 10:02:36,0.41,0.42,0.41,0.41,405939
2026-01-19 10:12:36,-0.38,-0.38,-0.38,-0.38,867623
2026-01-19 10:22:36,-3.08,-3.07,-3.08,-3.07,649119
2026-01-19 10:32:36,-3.05,-3.05,-3.07,-3.07,579687
2026-01-19 10:42:36,-5.94,-5.92,-5.94,-5.92,473602
2026-01-19 10:52:36,-2.59,-2.59,-2.59,-2.59,484136
2026-01-19 11:02:36,64.96,65.23,64.52,64.86,180224
2026-01-19 11:12:36,60.15,60.3,60.15,60.23,530821
2026-01-19 11:22:36,61.64,61.92,61.64,61.89,415567
2026-01-19 11:32:36,61.25,61.45,61.13,61.13,163336
2026-01-19 11:42:36,61.88,62.2,61.88,61.9,173341
2026-01-19 11:52:36,63.51,63.77,63.45,63.45,499017
2026-01-19 12:02:36,62.3,62.3,61.65,62.13,594353
2026-01-19 12:12:36,57.14,58.18,56.97,57.56,612406
2026-01-19 12:22:36,60.03,60.03,59.72,59.89,456417
2026-01-19 12:32:36,54.11,54.51,54.11,54.28,254340
2026-01-19 12:42:36,50.96,51.14,50.89,50.89,674543
2026-01-19 12:52:36,50.98,50.99,50.61,50.92,678250
2026-01-19 13:02:36,56.53,56.74,56.47,56.74,251678
2026-01-19 13:12:36,48.05,48.05,47.46,47.72,822533
2026-01-19 13:22:36,51.02,51.28,51.02,51.27,745053
2026-01-19 13:32:36,50.42,50.82,50.32,50.55,400776
2026-01-19 13:42:36,49.65,49.93,49.34,49.91,420437
2026-01-19 13:52:36,46.08,46.55,46.03,46.16,152652
2026-01-19 14:02:36,-19.89,-19.89,-19.89,-19.89,1057686
2026-01-19 14:12:36,-22.32,-22.32,-22.41,-22.41,1085691
2026-01-19 14:22:36,-16.3,-16.3,-16.32,-16.32,573777
2026-01-19 14:32:36,-21.17,-21.06,-21.17,-21.06,282004
2026-01-19 14:42:36,-15.85,-15.81,-15.85,-15.81,1142566
2026-01-19 14:52:36,-14.6,-14.56,-14.6,-14.56,384859
2026-01-19 15:02:36,-11.34,-11.32,-11.34,-11.32,1145751
2026-01-19 15:12:36,-8.5,-8.5,-8.53,-8.53,1062155
2026-01-19 15:22:36,-1.43,-1.43,-1.43,-1.43,465941
2026-01-19 15:32:36,-8.71,-8.71,-8.76,-8.76,338876
2026-01-19 15:42:36,-7.81,-7.81,-7.88,-7.88,186405
2026-01-19 15:52:36,-1.88,-1.88,-1.88,-1.88,383560
2026-01-20 09:32:36,-5.95,-5.95,-5.95,-5.95,888046
2026-01-20 09:42:36,-2.72,-2.72,-2.73,-2.73,688980
2026-01-20 09:52:36,-1.27,-1.26,-1.27,-1.26,869613
2026-01-20 10:02:36,2.17,2.19,2.16,2.17,323456
2026-01-20 10:12:36,2.01,2.01,2.01,2.01,936327
2026-01-20 10:22:36,0.7,0.7,0.69,0.7,508255
2026-01-20 10:32:36,2.18,2.19,2.18,2.19,794431
2026-01-20 10:42:36,9.91,9.94,9.87,9.92,801486
2026-01-20 10:52:36,7.77,7.82,7.77,7.8,298448
2026-01-20 11:02:36,67.6,67.67,67.25,67.52,704486
2026-01-20 11:12:36,65.38,65.72,65.32,65.65,432306
2026-01-20 11:22:36,67.44,67.58,67.14,67.29,301551
2026-01-20 11:32:36,67.9,68.29,67.63,67.69,302132
2026-01-20 11:42:36,70.23,70.54,69.9,70.54,194614
2026-01-20 11:52:36,72.29,72.52,72.08,72.52,659291
2026-01-20 12:02:36,78.26,79.29,77.79,78.27,549260
2026-01-20 12:12:36,76.53,76.84,76.29,76.53,559869
2026-01-20 12:22:36,74.26,74.69,73.08,73.85,366576
2026-01-20 12:32:36,72.97,73.36,72.5,72.81,300435
2026-01-20 12:42:36,69.7,69.92,69.37,69.92,345514
2026-01-20 12:52:36,70.81,71.7,70.77,70.77,534635
2026-01-20 13:02:36,74.91,75.27,74.52,74.59,348938
2026-01-20 13:12:36,69.71,69.9,69.58,69.89,322778
2026-01-20 13:22:36,73.9,73.93,73.05,73.57,584192
2026-01-20 13:32:36,71.22,71.76,70.97,71.2,702107
2026-01-20 13:42:36,74.19,74.43,74.19,74.43,649248
2026-01-20 13:52:36,68.96,69.69,68.96,69.35,137299
2026-01-20 14:02:36,21.74,21.77,21.62,21.62,471665
2026-01-20 14:12:36,22.8,22.98,22.73,22.82,552397
2026-01-20 14:22:36,13.49,13.51,13.47,13.49,936671
2026-01-20 14:32:36,14.91,14.96,14.91,14.96,940085
2026-01-20 14:42:36,7.93,7.94,7.91,7.94,774161
2026-01-20 14:52:36,9.14,9.18,9.13,9.16,204474
2026-01-20 15:02:36,21.37,21.46,21.36,21.46,394427
2026-01-20 15:12:36,27.02,27.17,26.9,26.97,354437
2026-01-20 15:22:36,28.87,28.91,28.78,28.84,536186
2026-01-20 15:32:36,34.24,34.31,34.1,34.1,405050
2026-01-20 15:42:36,39.33,39.6,39.28,39.6,398572
2026-01-20 15:52:36,35.3,35.57,35.24,35.33,657878
2026-01-21 09:32:36,30.04,30.16,29.94,30.03,807471
2026-01-21 09:42:36,26.43,26.65,26.43,26.45,629624
2026-01-21 09:52:36,35.83,35.83,35.54,35.71,172583
2026-01-21 10:02:36,30.85,31.19,30.83,30.83,708146
2026-01-21 10:12:36,24.74,24.99,24.74,24.88,625855
2026-01-21 10:22:36,26.42,26.42,26.28,26.32,833614
2026-01-21 10:32:36,28.78,28.78,28.64,28.64,362844
2026-01-21 10:42:36,25.7,25.74,25.7,25.74,311693
2026-01-21 10:52:36,18.74,18.83,18.69,18.69,982753
2026-01-21 11:02:36,74.51,74.69,74.01,74.46,601890
2026-01-21 11:12:36,77.55,78.04,76.94,77.74,333880
2026-01-21 11:22:36,79.89,80.23,79.83,79.95,451394
2026-01-21 11:32:36,83.99,84.27,83.35,84.27,603301
2026-01-21 11:42:36,80.92,81.49,80.92,81.25,133007
2026-01-21 11:52:36,77.65,77.94,77.51,77.93,494548
2026-01-21 12:02:36,75.47,75.69,75.11,75.56,113618
2026-01-21 12:12:36,71.52,71.85,71.25,71.58,363906
2026-01-21 12:22:36,73.37,74.16,73.37,73.82,628264
2026-01-21 12:32:36,76.2,76.62,76.16,76.34,206715
2026-01-21 12:42:36,77.56,77.84,77.02,77.73,479068
2026-01-21 12:52:36,72.96,73.31,72.5,72.93,393065
2026-01-21 13:02:36,78.68,79.39,78.68,78.71,339899
2026-01-21 13:12:36,77.97,78.35,77.78,77.78,290332
2026-01-21 13:22:36,73.3,74.2,73.08,73.16,478169
2026-01-21 13:32:36,75.43,75.44,75.06,75.06,528806
2026-01-21 13:42:36,74.17,74.78,73.4,74.08,504474
2026-01-21 13:52:36,77.41,78.13,77.41,77.66,502666
2026-01-21 14:02:36,21.03,21.14,20.85,21.03,596739
2026-01-21 14:12:36,23.26,23.29,23.24,23.24,380506
2026-01-21 14:22:36,24.86,25.04,24.83,24.92,274410
2026-01-21 14:32:36,28.25,28.31,27.96,28.17,338160
2026-01-21 14:42:36,31.29,31.36,31.1,31.23,188544
2026-01-21 14:52:36,34.08,34.29,34.08,34.13,837043
2026-01-21 15:02:36,33.33,33.5,33.27,33.29,142826
2026-01-21 15:12:36,32.78,32.94,32.75,32.76,246140
2026-01-21 15:22:36,33.59,33.69,33.52,33.59,692912
2026-01-21 15:32:36,40.29,40.38,39.77,40.23,494338
2026-01-21 15:42:36,37.07,37.43,37.06,37.43,365171
2026-01-21 15:52:36,40.83,40.95,40.62,40.8,229888
2026-01-22 09:32:36,47.48,47.81,47.29,47.29,542687
2026-01-22 09:42:36,49.97,50.14,49.76,49.86,714567
2026-01-22 09:52:36,45.78,46.06,45.78,46.06,604993
2026-01-22 10:02:36,41.76,42.11,41.72,41.96,113240
2026-01-22 10:12:36,38.51,38.51,38.27,38.4,392723
2026-01-22 10:22:36,41.76,41.93,41.59,41.73,773362
2026-01-22 10:32:36,32.05,32.27,31.91,32.07,235642
2026-01-22 10:42:36,27.17,27.4,27.03,27.17,686240
2026-01-22 10:52:36,17.78,17.81,17.6,17.71,703859
2026-01-22 11:02:36,72.26,72.42,71.88,72.31,172158
2026-01-22 11:12:36,74.38,74.8,73.59,74.29,446698
2026-01-22 11:22:36,79.11,79.5,78.9,78.9,164553
2026-01-22 11:32:36,73.81,74.46,73.81,74.43,424272
2026-01-22 11:42:36,74.16,74.16,73.66,73.66,343255
2026-01-22 11:52:36,73.93,74.39,73.9,74.29,79909
2026-01-22 12:02:36,72.74,73.18,72.33,72.75,553388
2026-01-22 12:12:36,74.12,74.59,73.7,74.2,258603
2026-01-22 12:22:36,80.14,80.55,80.14,80.27,381169
2026-01-22 12:32:36,79.78,80.77,79.69,79.93,192530
2026-01-22 12:42:36,75.42,75.64,74.92,75.23,285204
2026-01-22 12:52:36,81.68,82.51,81.5,82.03,269395
2026-01-22 13:02:36,78.53,78.99,78.5,78.93,303343
2026-01-22 13:12:36,82.07,82.55,81.89,81.96,101114
2026-01-22 13:22:36,82.16,82.48,82.14,82.39,370637
2026-01-22 13:32:36,78.48,78.51,78.05,78.05,507443
2026-01-22 13:42:36,72.65,72.91,72.33,72.4,220500
2026-01-22 13:52:36,71.57,71.76,71.54,71.61,478166
2026-01-22 14:02:36,15.89,15.96,15.8,15.8,654185
2026-01-22 14:12:36,14.44,14.53,14.42,14.46,999853
2026-01-22 14:22:36,12.65,12.72,12.62,12.63,109707
2026-01-22 14:32:36,12.02,12.09,12.0,12.0,902125
2026-01-22 14:42:36,8.8,8.85,8.8,8.82,772558
2026-01-22 14:52:36,9.11,9.14,9.11,9.12,1004315
2026-01-22 15:02:36,17.79,17.91,17.77,17.8,998567
2026-01-22 15:12:36,15.04,15.09,14.97,14.98,819222
2026-01-22 15:22:36,13.48,13.5,13.31,13.5,946640
2026-01-22 15:32:36,10.24,10.29,10.18,10.19,532773
2026-01-22 15:42:36,7.56,7.59,7.5,7.53,251638
2026-01-22 15:52:36,11.97,12.0,11.9,11.94,364283
2026-01-23 09:32:36,5.63,5.66,5.58,5.63,754644
2026-01-23 09:42:36,4.3,4.3,4.22,4.25,500038
2026-01-23 09:52:36,5.56,5.57,5.54,5.57,175623
2026-01-23 10:02:36,17.38,17.47,17.38,17.43,625144
2026-01-23 10:12:36,14.57,14.57,14.43,14.57,146507
2026-01-23 10:22:36,9.09,9.15,9.01,9.06,522675
2026-01-23 10:32:36,12.02,12.07,11.92,12.07,736470
2026-01-23 10:42:36,20.39,20.42,20.33,20.39,666627
2026-01-23 10:52:36,22.12,22.14,22.02,22.02,191446
2026-01-23 11:02:36,80.9,81.45,80.75,81.35,285728
2026-01-23 11:12:36,79.43,79.56,78.94,79.55,535062
2026-01-23 11:22:36,80.18,80.88,80.11,80.32,253866
2026-01-23 11:32:36,75.6,76.71,75.6,75.96,407278
2026-01-23 11:42:36,78.64,79.46,78.22,78.97,98324
2026-01-23 11:52:36,80.41,80.84,79.61,80.22,316184
2026-01-23 12:02:36,83.35,84.04,83.35,83.84,345858
2026-01-23 12:12:36,80.47,80.47,79.7,80.18,430434
2026-01-23 12:22:36,87.35,87.46,86.8,86.8,427570
2026-01-23 12:32:36,89.4,89.4,88.54,88.86,219737
2026-01-23 12:42:36,91.9,92.01,91.43,91.73,279199
2026-01-23 12:52:36,96.84,96.89,96.55,96.61,88719
2026-01-23 13:02:36,96.97,96.97,96.42,96.47,167024
2026-01-23 13:12:36,90.65,91.0,90.47,90.95,295095
2026-01-23 13:22:36,94.1,94.41,93.7,93.7,274887
2026-01-23 13:32:36,97.15,97.62,97.15,97.29,533731
2026-01-23 13:42:36,90.59,91.59,90.24,90.86,214275
2026-01-23 13:52:36,91.66,91.66,91.49,91.64,414111
2026-01-23 14:02:36,43.5,43.5,43.18,43.45,650166
2026-01-23 14:12:36,44.59,44.81,44.59,44.81,220862
2026-01-23 14:22:36,56.71,57.43,56.71,57.27,531541
2026-01-23 14:32:36,60.04,60.24,59.66,60.07,525197
2026-01-23 14:42:36,59.32,59.32,59.14,59.24,127542
2026-01-23 14:52:36,54.06,54.19,53.72,53.77,518476
2026-01-23 15:02:36,51.16,51.23,50.67,50.97,595724
2026-01-23 15:12:36,65.59,66.19,65.59,66.19,600822
2026-01-23 15:22:36,62.19,62.35,62.16,62.18,362979
2026-01-23 15:32:36,65.25,66.27,65.15,65.17,583137
2026-01-23 15:42:36,62.77,63.45,62.66,62.8,742985
2026-01-23 15:52:36,59.45,60.08,59.33,59.42,583850
2026-01-26 09:32:36,59.74,59.97,59.74,59.79,269327
2026-01-26 09:42:36,54.68,54.97,54.68,54.88,248149
2026-01-26 09:52:36,63.2,63.52,63.05,63.52,423573
2026-01-26 10:02:36,59.76,59.91,59.57,59.88,261610
2026-01-26 10:12:36,67.61,67.63,67.36,67.36,335248
2026-01-26 10:22:36,68.64,68.65,68.27,68.49,447920
2026-01-26 10:32:36,64.89,65.09,64.85,64.97,355867
2026-01-26 10:42:36,68.3,68.79,68.3,68.48,482206
2026-01-26 10:52:36,62.57,63.08,62.23,62.58,416168
2026-01-26 11:02:36,107.19,107.19,106.5,106.83,208518
2026-01-26 11:12:36,108.53,108.79,107.44,108.79,330580
2026-01-26 11:22:36,109.08,109.28,107.68,109.07,154866
2026-01-26 11:32:36,106.88,107.29,106.77,107.29,139743
2026-01-26 11:42:36,113.78,113.78,113.11,113.47,364271
2026-01-26 11:52:36,112.98,114.74,112.38,113.59,72831
2026-01-26 12:02:36,113.18,113.29,112.98,112.98,335386
2026-01-26 12:12:36,105.51,105.51,104.45,104.99,404362
2026-01-26 12:22:36,107.22,107.25,107.02,107.25,232014
2026-01-26 12:32:36,107.1,107.34,106.8,107.07,184151
2026-01-26 12:42:36,113.02,114.38,112.61,112.61,98632
2026-01-26 12:52:36,115.38,115.55,115.04,115.16,280275
2026-01-26 13:02:36,112.61,113.12,111.7,112.38,199312
2026-01-26 13:12:36,114.42,115.01,113.29,114.42,274936
2026-01-26 13:22:36,121.75,122.21,121.24,122.11,221404
2026-01-26 13:32:36,119.27,120.48,119.27,119.82,435022
2026-01-26 13:42:36,129.13,129.6,128.51,128.51,51842
2026-01-26 13:52:36,130.65,131.56,130.65,131.18,226699
2026-01-26 14:02:36,110.38,110.79,109.57,109.78,219314
2026-01-26 14:12:36,111.09,111.2,110.8,111.2,290147
2026-01-26 14:22:36,109.67,110.18,108.75,110.18,383796
2026-01-26 14:32:36,109.95,110.21,108.85,109.55,320107
2026-01-26 14:42:36,106.21,106.71,106.02,106.39,77516
2026-01-26 14:52:36,96.05,96.89,95.96,96.32,221055
2026-01-26 15:02:36,93.55,94.06,92.92,93.36,351141
2026-01-26 15:12:36,88.66,88.71,88.65,88.71,397242
2026-01-26 15:22:36,96.19,96.19,95.38,96.01,226108
2026-01-26 15:32:36,90.63,91.07,89.83,90.32,475383
2026-01-26 15:42:36,90.11,90.15,89.41,89.92,542984
2026-01-26 15:52:36,88.43,88.79,88.32,88.32,352642
2026-01-27 09:32:36,90.81,90.96,90.04,90.81,205681
2026-01-27 09:42:36,85.13,85.47,85.08,85.2,422738
2026-01-27 09:52:36,87.07,87.42,87.07,87.42,70893
2026-01-27 10:02:36,90.36,91.09,90.36,91.09,87281
2026-01-27 10:12:36,84.99,85.41,84.38,84.78,527006
2026-01-27 10:22:36,87.74,88.06,87.6,87.99,218199
2026-01-27 10:32:36,98.45,98.9,98.25,98.25,252203
2026-01-27 10:42:36,87.92,88.66,87.92,88.41,410140
2026-01-27 10:52:36,98.62,98.94,98.08,98.08,94856
2026-01-27 11:02:36,126.7,126.87,125.74,126.87,157089
2026-01-27 11:12:36,122.75,122.75,121.77,122.09,50531
2026-01-27 11:22:36,115.94,116.5,115.8,116.5,284332
2026-01-27 11:32:36,108.46,109.7,108.02,108.25,81258
2026-01-27 11:42:36,113.43,113.63,111.94,113.0,309869
2026-01-27 11:52:36,116.15,116.61,115.72,116.02,103882
2026-01-27 12:02:36,115.42,115.42,114.69,115.27,298589
2026-01-27 12:12:36,114.5,114.7,114.38,114.38,334822
2026-01-27 12:22:36,115.1,115.39,114.25,114.65,245360
2026-01-27 12:32:36,110.57,111.61,110.17,110.17,136754
2026-01-27 12:42:36,114.92,115.38,114.57,114.66,218833
2026-01-27 12:52:36,110.27,110.27,109.28,109.91,350529
2026-01-27 13:02:36,110.96,110.96,110.09,110.12,171478
2026-01-27 13:12:36,114.59,114.67,113.77,114.41,228520
2026-01-27 13:22:36,114.23,114.9,114.23,114.9,363064
2026-01-27 13:32:36,114.09,115.43,113.69,114.61,83771
2026-01-27 13:42:36,110.8,111.05,110.36,111.05,345125
2026-01-27 13:52:36,113.19,113.5,111.7,112.85,134841
2026-01-27 14:02:36,75.31,75.97,75.31,75.32,174591
2026-01-27 14:12:36,86.42,86.52,85.81,86.08,588085
2026-01-27 14:22:36,76.84,77.66,76.4,77.08,567719
2026-01-27 14:32:36,88.28,88.63,88.24,88.31,151762
2026-01-27 14:42:36,84.64,85.31,84.0,84.43,137681
2026-01-27 14:52:36,84.12,84.55,83.56,84.17,65662
2026-01-27 15:02:36,83.73,84.18,83.33,83.79,244735
2026-01-27 15:12:36,90.07,90.36,90.07,90.24,531187
2026-01-27 15:22:36,89.38,89.81,89.15,89.81,193959
2026-01-27 15:32:36,88.73,89.15,88.73,89.13,519132
2026-01-27 15:42:36,94.82,95.56,94.79,94.79,109222
2026-01-27 15:52:36,95.84,96.19,95.49,95.96,194495
2026-01-28 09:32:36,93.53,93.79,93.41,93.41,376659
2026-01-28 09:42:36,100.06,100.65,100.06,100.65,349397
2026-01-28 09:52:36,96.4,96.95,96.4,96.63,201972
2026-01-28 10:02:36,95.82,95.88,95.2,95.73,85244
2026-01-28 10:12:36,101.23,102.42,101.23,101.5,244658
2026-01-28 10:22:36,112.06,112.42,111.46,111.94,231679
2026-01-28 10:32:36,112.79,112.79,111.62,112.59,343231
2026-01-28 10:42:36,114.65,115.36,113.91,114.75,359279
2026-01-28 10:52:36,121.63,121.68,121.23,121.44,75854
2026-01-28 11:02:36,143.15,144.5,143.13,143.37,191499
2026-01-28 11:12:36,148.35,149.47,148.35,149.31,138991
2026-01-28 11:22:36,149.88,149.88,148.95,149.75,67040
2026-01-28 11:32:36,153.21,154.35,152.08,152.89,144747
2026-01-28 11:42:36,150.49,151.1,150.49,151.1,226893
2026-01-28 11:52:36,150.9,151.83,148.56,151.36,188668
2026-01-28 12:02:36,152.83,154.17,152.83,153.19,212739
2026-01-28 12:12:36,151.23,151.23,150.65,150.65,93085
2026-01-28 12:22:36,149.77,150.35,149.77,149.92,219380
2026-01-28 12:32:36,155.97,156.26,155.2,155.37,84270
2026-01-28 12:42:36,157.04,157.8,156.43,157.38,25105
2026-01-28 12:52:36,160.43,161.05,159.46,161.05,170625
2026-01-28 13:02:36,158.3,158.3,156.68,157.9,91077
2026-01-28 13:12:36,155.05,155.73,154.73,154.73,186925
2026-01-28 13:22:36,155.01,155.4,153.27,155.4,213490
2026-01-28 13:32:36,150.97,151.61,150.46,150.63,251000
2026-01-28 13:42:36,158.19,159.15,158.19,158.54,213640
2026-01-28 13:52:36,158.03,158.03,156.43,156.43,141679
2026-01-28 14:02:36,136.72,137.56,136.46,136.95,91807
2026-01-28 14:12:36,141.81,141.81,140.44,141.24,307419
2026-01-28 14:22:36,147.28,147.47,146.7,146.8,65652
2026-01-28 14:32:36,136.71,137.52,136.14,136.61,47840
2026-01-28 14:42:36,134.68,134.68,133.48,134.45,252882
2026-01-28 14:52:36,128.42,128.62,127.5,128.02,344896
2026-01-28 15:02:36,124.27,124.93,123.44,124.27,266971
2026-01-28 15:12:36,132.75,133.1,132.75,133.07,202177
2026-01-28 15:22:36,132.55,132.76,130.91,132.76,339016
2026-01-28 15:32:36,142.65,143.34,142.25,142.25,77197
2026-01-28 15:42:36,137.91,140.08,136.35,138.1,264373
2026-01-28 15:52:36,137.19,137.93,137.19,137.38,182207
2026-01-29 09:32:36,136.97,137.54,136.0,137.14,50261
2026-01-29 09:42:36,136.82,136.82,135.74,136.02,120972
2026-01-29 09:52:36,136.88,137.12,136.6,137.04,321471
2026-01-29 10:02:36,145.03,145.67,144.77,145.65,96110
2026-01-29 10:12:36,140.5,141.58,139.83,140.11,57080
2026-01-29 10:22:36,145.46,146.35,143.79,145.82,250702
2026-01-29 10:32:36,139.84,139.84,138.6,138.6,261563
2026-01-29 10:42:36,134.81,134.81,133.45,134.5,311584
2026-01-29 10:52:36,133.45,134.33,133.05,134.33,143427
2026-01-29 11:02:36,152.15,153.54,152.15,152.47,130663
2026-01-29 11:12:36,155.73,156.54,155.59,155.59,194717
2026-01-29 11:22:36,146.23,146.86,146.13,146.42,137735
2026-01-29 11:32:36,146.26,147.01,146.05,146.48,277165
2026-01-29 11:42:36,152.77,152.77,151.11,151.77,116317
2026-01-29 11:52:36,155.09,155.75,155.02,155.75,38444
2026-01-29 12:02:36,155.09,155.5,154.33,154.33,231215
2026-01-29 12:12:36,153.74,155.06,153.74,154.79,75668
2026-01-29 12:22:36,156.39,156.46,154.37,155.65,104686
2026-01-29 12:32:36,158.77,159.81,158.6,159.81,42212
2026-01-29 12:42:36,162.77,163.45,162.24,163.45,192482
2026-01-29 12:52:36,166.29,166.43,165.44,166.34,131856
2026-01-29 13:02:36,163.7,164.22,162.35,163.37,50153
2026-01-29 13:12:36,164.17,166.01,163.92,164.64,97007
2026-01-29 13:22:36,164.63,165.18,163.33,164.09,94830
2026-01-29 13:32:36,158.37,158.66,157.12,158.05,119515
2026-01-29 13:42:36,154.91,155.15,153.98,154.89,189875
2026-01-29 13:52:36,154.79,156.26,154.79,155.78,228271
2026-01-29 14:02:36,143.62,144.73,142.68,144.73,50664
2026-01-29 14:12:36,143.65,144.05,142.47,143.64,106950
2026-01-29 14:22:36,134.31,134.89,133.29,134.64,241042
2026-01-29 14:32:36,131.74,132.48,131.13,132.48,65689
2026-01-29 14:42:36,123.32,124.01,122.83,122.86,269771
2026-01-29 14:52:36,120.32,121.29,119.99,119.99,92330
2026-01-29 15:02:36,117.92,118.9,117.39,118.21,184719
2026-01-29 15:12:36,121.83,122.44,121.78,122.44,372509
2026-01-29 15:22:36,131.07,131.72,130.8,131.11,344498
2026-01-29 15:32:36,127.55,128.48,126.12,127.91,80223
2026-01-29 15:42:36,133.44,133.61,132.66,132.97,155591
2026-01-29 15:52:36,135.98,136.92,135.3,135.8,57040
2026-01-30 09:32:36,134.73,134.98,134.47,134.58,131520
2026-01-30 09:42:36,137.0,138.25,136.74,137.02,296425
2026-01-30 09:52:36,136.98,136.98,135.8,135.96,277991
2026-01-30 10:02:36,131.89,132.06,131.22,131.39,127847
2026-01-30 10:12:36,129.83,129.98,128.8,128.8,354981
2026-01-30 10:22:36,127.93,129.01,127.8,129.01,204522
2026-01-30 10:32:36,126.9,128.34,126.09,126.09,207432
2026-01-30 10:42:36,124.09,125.46,123.6,123.7,377827
2026-01-30 10:52:36,119.05,119.74,118.04,118.48,300898
2026-01-30 11:02:36,141.97,143.32,141.76,141.76,149971
2026-01-30 11:12:36,149.51,149.94,148.49,148.89,74717
2026-01-30 11:22:36,148.15,149.16,147.94,148.08,191777
2026-01-30 11:32:36,147.87,148.26,147.87,148.26,202427
2026-01-30 11:42:36,145.54,145.95,144.49,145.38,166380
2026-01-30 11:52:36,146.01,146.01,144.77,144.87,49944
2026-01-30 12:02:36,143.44,143.65,142.74,142.74,146698
2026-01-30 12:12:36,147.87,149.39,147.49,148.13,192698
2026-01-30 12:22:36,156.22,156.44,155.7,156.16,138922
2026-01-30 12:32:36,150.93,150.93,149.94,149.94,153143
2026-01-30 12:42:36,147.52,147.95,146.6,147.95,95368
2026-01-30 12:52:36,152.19,152.85,151.65,151.65,143363
2026-01-30 13:02:36,153.76,155.07,153.76,153.96,48072
2026-01-30 13:12:36,149.68,150.0,149.4,149.97,172078
2026-01-30 13:22:36,143.69,143.69,142.6,142.77,181039
2026-01-30 13:32:36,149.75,150.18,147.55,149.36,109432
2026-01-30 13:42:36,146.91,148.82,146.91,147.86,75281
2026-01-30 13:52:36,149.91,151.78,149.91,150.56,35709
2026-01-30 14:02:36,134.4,134.4,133.79,134.1,166608
2026-01-30 14:12:36,135.53,136.38,135.53,136.32,319686
2026-01-30 14:22:36,122.19,122.64,122.19,122.6,287426
2026-01-30 14:32:36,120.18,121.26,120.18,120.91,290033
2026-01-30 14:42:36,124.33,124.62,123.62,124.25,55758
2026-01-30 14:52:36,122.22,123.52,121.05,122.12,398075
2026-01-30 15:02:36,116.07,116.18,115.46,115.88,56909
2026-01-30 15:12:36,106.25,107.57,106.25,107.19,162926
2026-01-30 15:22:36,106.64,106.96,106.23,106.58,463229
2026-01-30 15:32:36,100.07,100.87,99.96,100.07,108874
2026-01-30 15:42:36,92.14,92.14,91.78,91.78,275516
2026-01-30 15:52:36,89.44,89.6,89.08,89.39,78356
2026-02-02 09:32:36,83.26,83.64,82.98,83.64,487925
2026-02-02 09:42:36,84.37,85.32,84.37,84.8,119566
2026-02-02 09:52:36,76.84,77.2,76.66,77.2,178012
2026-02-02 10:02:36,78.18,78.18,77.56,77.56,259834
2026-02-02 10:12:36,73.11,73.7,72.96,73.15,143669
2026-02-02 10:22:36,63.84,64.09,63.61,63.79,116125
2026-02-02 10:32:36,56.32,56.45,56.19,56.19,655077
2026-02-02 10:42:36,54.01,54.31,53.42,54.12,783854
2026-02-02 10:52:36,52.51,52.7,52.46,52.53,756355
2026-02-02 11:02:36,92.97,92.97,92.45,92.45,159404
2026-02-02 11:12:36,92.5,93.04,92.5,92.79,138330
2026-02-02 11:22:36,92.77,92.93,92.3,92.45,410788
2026-02-02 11:32:36,95.99,96.87,95.36,96.3,491498
2026-02-02 11:42:36,93.66,93.66,92.85,93.54,202268
2026-02-02 11:52:36,90.6,90.6,90.23,90.39,215158
2026-02-02 12:02:36,91.03,91.07,90.45,90.45,87432
2026-02-02 12:12:36,87.74,88.17,87.58,88.06,546423
2026-02-02 12:22:36,84.99,85.8,84.55,85.18,94542
2026-02-02 12:32:36,89.73,89.73,89.48,89.51,146891
2026-02-02 12:42:36,99.96,100.47,99.58,99.96,459290
2026-02-02 12:52:36,101.03,101.87,101.03,101.87,75687
2026-02-02 13:02:36,99.53,100.72,99.25,99.79,98130
2026-02-02 13:12:36,100.3,100.6,99.96,100.18,441446
2026-02-02 13:22:36,105.65,105.65,105.16,105.16,353745
2026-02-02 13:32:36,105.51,106.22,105.23,105.94,147939
2026-02-02 13:42:36,103.28,103.57,102.62,103.3,301819
2026-02-02 13:52:36,105.18,105.58,103.94,105.16,511621
2026-02-02 14:02:36,61.29,62.02,60.85,61.33,322919
2026-02-02 14:12:36,58.76,58.86,58.19,58.74,516512
2026-02-02 14:22:36,57.83,58.41,57.32,58.0,661054
2026-02-02 14:32:36,63.52,63.65,63.1,63.1,454165
2026-02-02 14:42:36,68.9,69.31,68.34,69.04,415919
2026-02-02 14:52:36,72.23,72.58,72.1,72.58,605183
2026-02-02 15:02:36,68.97,69.52,68.47,68.47,114035
2026-02-02 15:12:36,71.64,71.91,70.67,71.56,89458
2026-02-02 15:22:36,70.2,70.45,70.09,70.29,643292
2026-02-02 15:32:36,73.44,73.93,72.49,73.44,538247
2026-02-02 15:42:36,67.05,67.33,66.43,67.04,220928
2026-02-02 15:52:36,73.31,73.41,73.07,73.24,688464
2026-02-03 09:32:36,78.51,78.98,77.76,78.06,405979
2026-02-03 09:42:36,78.84,78.84,78.47,78.47,505699
2026-02-03 09:52:36,87.93,88.19,87.38,87.81,347476
2026-02-03 10:02:36,89.28,89.47,88.89,89.47,328664
2026-02-03 10:12:36,90.7,91.52,90.7,90.79,497050
2026-02-03 10:22:36,86.27,86.63,86.27,86.43,299092
2026-02-03 10:32:36,86.47,86.6,86.25,86.32,207492
2026-02-03 10:42:36,92.63,92.78,92.17,92.38,567649
2026-02-03 10:52:36,79.6,80.63,78.94,80.06,566869
2026-02-03 11:02:36,114.01,114.3,113.56,113.89,59637
2026-02-03 11:12:36,108.86,108.97,108.1,108.51,257488
2026-02-03 11:22:36,105.87,106.97,105.87,106.08,462348
2026-02-03 11:32:36,106.41,107.26,105.88,106.28,365121
2026-02-03 11:42:36,99.45,99.96,98.86,99.51,313479
2026-02-03 11:52:36,99.97,100.24,99.8,100.02,369642
2026-02-03 12:02:36,102.39,102.8,101.89,101.89,93471
2026-02-03 12:12:36,98.23,98.32,97.77,98.23,66279
2026-02-03 12:22:36,94.31,94.52,93.8,93.93,107883
2026-02-03 12:32:36,94.69,94.79,93.98,94.79,333334
2026-02-03 12:42:36,87.29,87.42,86.9,87.04,535146
2026-02-03 12:52:36,77.0,77.69,77.0,77.42,269597
2026-02-03 13:02:36,76.02,76.55,75.99,76.11,414135
2026-02-03 13:12:36,66.11,66.52,65.57,65.93,489890
2026-02-03 13:22:36,64.61,64.68,64.42,64.54,318790
2026-02-03 13:32:36,63.22,63.85,62.42,62.9,118219
2026-02-03 13:42:36,69.65,70.14,69.58,69.83,118199
2026-02-03 13:52:36,71.44,71.44,71.01,71.14,296906
2026-02-03 14:02:36,16.09,16.23,16.09,16.11,273581
2026-02-03 14:12:36,15.0,15.06,14.96,15.01,838306
2026-02-03 14:22:36,13.35,13.46,13.35,13.39,292092
2026-02-03 14:32:36,3.86,3.88,3.85,3.88,985036
2026-02-03 14:42:36,-1.97,-1.97,-1.98,-1.98,662107
2026-02-03 14:52:36,-3.04,-3.04,-3.05,-3.05,595613
2026-02-03 15:02:36,-5.48,-5.48,-5.49,-5.49,198520
2026-02-03 15:12:36,-0.58,-0.58,-0.58,-0.58,660681
2026-02-03 15:22:36,-3.12,-3.11,-3.12,-3.11,250767
2026-02-03 15:32:36,-2.09,-2.08,-2.09,-2.08,538456
2026-02-03 15:42:36,-5.1,-5.1,-5.1,-5.1,723293
2026-02-03 15:52:36,-9.0,-8.95,-9.0,-8.95,384294
2026-02-04 09:32:36,-4.47,-4.46,-4.47,-4.46,945297
2026-02-04 09:42:36,-9.05,-9.05,-9.05,-9.05,372277
2026-02-04 09:52:36,-1.7,-1.69,-1.7,-1.69,225392
2026-02-04 10:02:36,0.16,0.16,0.15,0.16,608625
2026-02-04 10:12:36,4.48,4.48,4.42,4.46,208102
2026-02-04 10:22:36,4.39,4.44,4.38,4.41,1051097
2026-02-04 10:32:36,5.96,6.01,5.91,5.91,1066916
2026-02-04 10:42:36,-6.33,-6.32,-6.33,-6.32,190293
2026-02-04 10:52:36,-7.59,-7.59,-7.6,-7.6,670492
2026-02-04 11:02:36,54.96,55.05,54.89,55.05,255431
2026-02-04 11:12:36,54.6,54.87,54.6,54.87,291130
2026-02-04 11:22:36,46.07,46.39,45.75,46.18,622741
2026-02-04 11:32:36,45.67,45.73,45.67,45.73,620985
2026-02-04 11:42:36,48.64,48.64,48.34,48.53,665536
2026-02-04 11:52:36,46.34,46.38,45.89,46.11,387771
2026-02-04 12:02:36,41.68,41.82,41.59,41.72,744357
2026-02-04 12:12:36,42.8,42.92,42.65,42.79,99345
2026-02-04 12:22:36,41.19,41.43,40.9,41.43,261582
2026-02-04 12:32:36,42.73,42.79,42.24,42.73,631907
2026-02-04 12:42:36,45.57,45.57,44.99,45.08,602218
2026-02-04 12:52:36,43.59,43.67,43.35,43.51,814925
2026-02-04 13:02:36,44.33,44.73,44.33,44.59,558556
2026-02-04 13:12:36,39.59,39.59,39.45,39.5,180082
2026-02-04 13:22:36,39.56,39.67,39.35,39.35,122108
2026-02-04 13:32:36,41.31,41.41,41.31,41.4,526570
2026-02-04 13:42:36,37.95,38.08,37.86,38.08,494131
2026-02-04 13:52:36,42.58,42.69,42.48,42.65,434893
2026-02-04 14:02:36,-24.09,-24.05,-24.09,-24.05,708126
2026-02-04 14:12:36,-21.31,-21.26,-21.31,-21.26,557099
2026-02-04 14:22:36,-29.93,-29.93,-30.11,-30.11,555643
2026-02-04 14:32:36,-16.3,-16.3,-16.31,-16.31,858402
2026-02-04 14:42:36,-14.08,-14.07,-14.08,-14.07,685093
2026-02-04 14:52:36,-10.55,-10.5,-10.55,-10.5,934963
2026-02-04 15:02:36,-1.93,-1.93,-1.93,-1.93,267505
2026-02-04 15:12:36,4.04,4.1,4.04,4.05,435749
2026-02-04 15:22:36,0.23,0.23,0.22,0.23,654317
2026-02-04 15:32:36,-5.17,-5.17,-5.17,-5.17,592860
2026-02-04 15:42:36,-11.41,-11.34,-11.41,-11.34,1037323
2026-02-04 15:52:36,-11.37,-11.37,-11.44,-11.44,475194
2026-02-05 09:32:36,-8.83,-8.79,-8.83,-8.79,460454
2026-02-05 09:42:36,-11.17,-11.17,-11.21,-11.21,397454
2026-02-05 09:52:36,-5.56,-5.54,-5.56,-5.54,652967
2026-02-05 10:02:36,-11.2,-11.17,-11.2,-11.17,927905
2026-02-05 10:12:36,-10.49,-10.49,-10.5,-10.5,193407
2026-02-05 10:22:36,-10.33,-10.33,-10.35,-10.35,387753
2026-02-05 10:32:36,-17.74,-17.74,-17.75,-17.75,366539
2026-02-05 10:42:36,-7.38,-7.36,-7.38,-7.36,621620
2026-02-05 10:52:36,-7.37,-7.37,-7.39,-7.39,1126568
2026-02-05 11:02:36,60.96,61.24,60.39,60.96,676953
2026-02-05 11:12:36,55.75,56.18,55.55,55.72,295341
2026-02-05 11:22:36,53.29,53.93,53.29,53.43,323186
2026-02-05 11:32:36,52.94,53.04,52.77,53.02,169867
2026-02-05 11:42:36,48.66,49.13,48.59,48.59,228790
2026-02-05 11:52:36,51.31,51.68,51.29,51.54,369514
2026-02-05 12:02:36,52.72,53.18,52.7,52.84,567825
2026-02-05 12:12:36,53.46,53.52,53.01,53.38,319035
2026-02-05 12:22:36,51.39,51.48,51.36,51.48,526935
2026-02-05 12:32:36,55.62,55.94,55.49,55.94,679277
2026-02-05 12:42:36,50.13,50.41,50.02,50.41,775178
2026-02-05 12:52:36,53.51,53.6,53.16,53.54,342746
2026-02-05 13:02:36,54.88,55.18,54.87,55.04,91271
2026-02-05 13:12:36,55.33,55.61,55.23,55.51,552560
2026-02-05 13:22:36,54.28,54.28,54.0,54.28,584031
2026-02-05 13:32:36,53.07,53.65,52.96,52.96,122487
2026-02-05 13:42:36,53.27,53.27,52.95,52.95,552900
2026-02-05 13:52:36,47.46,47.78,46.83,47.37,333496
2026-02-05 14:02:36,-32.5,-32.46,-32.5,-32.48,704270
2026-02-05 14:12:36,-36.85,-36.85,-36.92,-36.91,309745
2026-02-05 14:22:36,-45.95,-45.95,-46.0,-46.0,1046011
2026-02-05 14:32:36,-49.22,-49.15,-49.22,-49.15,1093038
2026-02-05 14:42:36,-51.08,-51.08,-51.17,-51.17,1062121
2026-02-05 14:52:36,-48.17,-48.16,-48.25,-48.16,431806
2026-02-05 15:02:36,-49.45,-49.45,-49.63,-49.63,735373
2026-02-05 15:12:36,-58.3,-58.3,-58.48,-58.48,929176
2026-02-05 15:22:36,-61.56,-61.56,-61.68,-61.68,513579
2026-02-05 15:32:36,-59.4,-59.4,-59.61,-59.61,1382806
2026-02-05 15:42:36,-65.26,-65.18,-65.28,-65.18,320279
2026-02-05 15:52:36,-64.48,-64.48,-64.5,-64.5,536968
2026-02-06 09:32:36,-69.63,-69.63,-69.71,-69.71,782830
2026-02-06 09:42:36,-68.69,-68.61,-68.69,-68.61,1107987
2026-02-06 09:52:36,-69.94,-69.77,-69.94,-69.88,1321684
2026-02-06 10:02:36,-72.51,-72.51,-72.52,-72.52,370025
2026-02-06 10:12:36,-76.98,-76.98,-77.41,-77.41,1460333
2026-02-06 10:22:36,-86.98,-86.98,-87.14,-87.14,840400
2026-02-06 10:32:36,-86.74,-86.5,-86.74,-86.5,910827
2026-02-06 10:42:36,-92.07,-91.6,-92.07,-91.6,650954
2026-02-06 10:52:36,-100.44,-100.44,-100.47,-100.47,875521
2026-02-06 11:02:36,-1.44,-1.44,-1.45,-1.45,378883
2026-02-06 11:12:36,-5.31,-5.31,-5.35,-5.35,614729
2026-02-06 11:22:36,-6.59,-6.53,-6.59,-6.53,791342
2026-02-06 11:32:36,-6.03,-6.03,-6.05,-6.05,815771
2026-02-06 11:42:36,-12.21,-12.14,-12.21,-12.14,1131761
2026-02-06 11:52:36,-12.08,-12.08,-12.1,-12.1,495620
2026-02-06 12:02:36,-12.61,-12.53,-12.61,-12.53,523973
2026-02-06 12:12:36,-15.48,-15.48,-15.53,-15.53,902081
2026-02-06 12:22:36,-20.49,-20.47,-20.49,-20.47,844794
2026-02-06 12:32:36,-18.8,-18.71,-18.8,-18.71,1024460
2026-02-06 12:42:36,-20.23,-20.18,-20.23,-20.18,887428
2026-02-06 12:52:36,-19.97,-19.84,-19.97,-19.84,406867
2026-02-06 13:02:36,-17.37,-17.37,-17.41,-17.41,942211
2026-02-06 13:12:36,-16.4,-16.38,-16.4,-16.38,230523
2026-02-06 13:22:36,-21.25,-21.25,-21.31,-21.31,847351
2026-02-06 13:32:36,-22.48,-22.48,-22.58,-22.58,166967
2026-02-06 13:42:36,-24.04,-23.97,-24.04,-23.97,804437
2026-02-06 13:52:36,-23.69,-23.59,-23.69,-23.59,1016303
2026-02-06 14:02:36,-137.14,-136.85,-137.14,-136.85,551786
2026-02-06 14:12:36,-129.82,-129.2,-129.82,-129.2,489008
2026-02-06 14:22:36,-128.04,-128.04,-128.41,-128.41,1177435
2026-02-06 14:32:36,-135.55,-134.86,-135.55,-134.86,1214163
2026-02-06 14:42:36,-135.84,-135.84,-135.98,-135.98,708307
2026-02-06 14:52:36,-134.04,-133.94,-134.04,-133.94,457798
2026-02-06 15:02:36,-141.39,-141.39,-142.38,-142.38,1123618
2026-02-06 15:12:36,-140.75,-140.75,-141.83,-141.62,257444
2026-02-06 15:22:36,-138.43,-138.43,-139.02,-139.02,1641994
2026-02-06 15:32:36,-139.07,-139.07,-139.17,-139.17,1342007
2026-02-06 15:42:36,-138.65,-138.54,-138.65,-138.54,661640
2026-02-06 15:52:36,-143.93,-143.63,-143.93,-143.63,214858
2026-02-09 09:32:36,-147.16,-146.79,-147.16,-146.79,660405
2026-02-09 09:42:36,-149.48,-149.12,-149.48,-149.12,487826
2026-02-09 09:52:36,-155.18,-155.05,-155.18,-155.05,887255
2026-02-09 10:02:36,-154.57,-154.03,-154.57,-154.46,696017
2026-02-09 10:12:36,-154.94,-153.72,-154.94,-153.72,651331
2026-02-09 10:22:36,-166.65,-166.65,-166.87,-166.87,480492
2026-02-09 10:32:36,-177.58,-176.92,-177.58,-176.92,879483
2026-02-09 10:42:36,-172.48,-171.72,-172.48,-171.72,1575349
2026-02-09 10:52:36,-173.53,-173.36,-173.53,-173.36,563429
2026-02-09 11:02:36,-57.6,-57.36,-57.6,-57.36,878489
2026-02-09 11:12:36,-56.1,-56.08,-56.1,-56.08,1086276
2026-02-09 11:22:36,-53.0,-53.0,-53.41,-53.41,1035305
2026-02-09 11:32:36,-46.99,-46.99,-47.18,-47.18,1051692
2026-02-09 11:42:36,-49.29,-49.13,-49.29,-49.13,1115291
2026-02-09 11:52:36,-49.23,-49.23,-49.38,-49.38,1111497
2026-02-09 12:02:36,-49.84,-49.84,-49.84,-49.84,328126
2026-02-09 12:12:36,-54.18,-54.18,-54.23,-54.23,514387
2026-02-09 12:22:36,-58.27,-57.87,-58.27,-57.87,882147
2026-02-09 12:32:36,-60.19,-60.11,-60.19,-60.11,152035
2026-02-09 12:42:36,-57.44,-57.41,-57.44,-57.41,162111
2026-02-09 12:52:36,-53.79,-53.79,-53.83,-53.83,498943
2026-02-09 13:02:36,-58.6,-58.6,-58.8,-58.8,253223
2026-02-09 13:12:36,-60.6,-60.56,-60.6,-60.56,246277
2026-02-09 13:22:36,-57.08,-56.9,-57.08,-56.9,184778
2026-02-09 13:32:36,-55.56,-55.56,-55.8,-55.8,832452
2026-02-09 13:42:36,-53.03,-53.03,-53.11,-53.11,602900
2026-02-09 13:52:36,-52.08,-52.04,-52.08,-52.04,372447
2026-02-09 14:02:36,-180.79,-180.28,-180.79,-180.28,403221
2026-02-09 14:12:36,-184.49,-183.4,-184.49,-183.4,1922279
2026-02-09 14:22:36,-181.93,-181.93,-182.2,-182.2,727351
2026-02-09 14:32:36,-182.32,-181.98,-182.32,-181.98,270002
2026-02-09 14:42:36,-177.88,-177.88,-178.77,-178.77,501088
2026-02-09 14:52:36,-172.87,-172.38,-172.87,-172.38,1233353
2026-02-09 15:02:36,-168.74,-168.74,-169.99,-169.99,1334562
2026-02-09 15:12:36,-163.55,-163.39,-163.55,-163.39,1882286
2026-02-09 15:22:36,-166.43,-166.11,-166.43,-166.24,568062
2026-02-09 15:32:36,-161.46,-160.55,-161.46,-160.55,1812035
2026-02-09 15:42:36,-158.44,-157.95,-158.44,-157.95,649670
2026-02-09 15:52:36,-158.86,-158.86,-158.93,-158.93,678103
2026-02-10 09:32:36,-157.06,-156.48,-157.06,-156.48,1755606
2026-02-10 09:42:36,-151.38,-151.18,-151.38,-151.18,826987
2026-02-10 09:52:36,-148.2,-147.65,-148.2,-147.65,799099
2026-02-10 10:02:36,-147.85,-147.85,-148.2,-148.06,1439134
2026-02-10 10:12:36,-167.19,-167.19,-167.95,-167.95,929144
2026-02-10 10:22:36,-176.69,-176.62,-176.69,-176.62,1836117
2026-02-10 10:32:36,-171.35,-169.61,-171.35,-169.61,1957463
2026-02-10 10:42:36,-167.27,-167.27,-167.75,-167.75,1047836
2026-02-10 10:52:36,-163.13,-163.13,-163.26,-163.26,1835195
2026-02-10 11:02:36,-45.57,-45.57,-45.71,-45.63,516126
2026-02-10 11:12:36,-43.22,-43.19,-43.22,-43.19,696751
2026-02-10 11:22:36,-41.56,-41.31,-41.56,-41.31,479455
2026-02-10 11:32:36,-33.51,-33.51,-33.75,-33.75,741052
2026-02-10 11:42:36,-32.33,-32.26,-32.33,-32.26,1160142
2026-02-10 11:52:36,-35.26,-35.14,-35.26,-35.14,686628
2026-02-10 12:02:36,-38.94,-38.94,-38.97,-38.97,1125969
2026-02-10 12:12:36,-46.12,-45.87,-46.12,-45.87,1141517
2026-02-10 12:22:36,-44.57,-44.12,-44.57,-44.12,981556
2026-02-10 12:32:36,-43.16,-43.16,-43.18,-43.18,767070
2026-02-10 12:42:36,-51.06,-51.06,-51.27,-51.27,494980
2026-02-10 12:52:36,-47.2,-47.2,-47.42,-47.42,1081544
2026-02-10 13:02:36,-40.24,-40.03,-40.24,-40.03,954751
2026-02-10 13:12:36,-39.16,-38.94,-39.16,-38.94,479975
2026-02-10 13:22:36,-33.44,-33.44,-33.53,-33.53,210540
2026-02-10 13:32:36,-28.06,-28.06,-28.13,-28.13,510344
2026-02-10 13:42:36,-25.58,-25.55,-25.58,-25.55,1082048
2026-02-10 13:52:36,-26.63,-26.63,-26.74,-26.74,582197
2026-02-10 14:02:36,-138.71,-138.12,-138.71,-138.12,263545
2026-02-10 14:12:36,-139.92,-139.62,-139.92,-139.89,734163
2026-02-10 14:22:36,-145.85,-145.52,-145.85,-145.52,1503377
2026-02-10 14:32:36,-143.54,-143.54,-143.83,-143.83,1671427
2026-02-10 14:42:36,-145.71,-145.56,-145.71,-145.56,730806
2026-02-10 14:52:36,-140.08,-140.08,-140.59,-140.59,367344
2026-02-10 15:02:36,-149.0,-148.22,-149.0,-148.22,1829262
2026-02-10 15:12:36,-148.59,-148.25,-148.59,-148.45,1917181
2026-02-10 15:22:36,-140.94,-140.94,-141.16,-141.16,1175654
2026-02-10 15:32:36,-142.53,-142.53,-143.14,-143.14,1738432
2026-02-10 15:42:36,-135.74,-135.74,-136.84,-136.84,568675
2026-02-10 15:52:36,-132.57,-132.57,-133.32,-133.32,351626
2026-02-11 09:32:36,-131.86,-131.51,-131.86,-131.51,776905
2026-02-11 09:42:36,-126.82,-126.82,-126.97,-126.97,454132
2026-02-11 09:52:36,-139.65,-139.11,-139.65,-139.11,1806492
2026-02-11 10:02:36,-140.87,-140.67,-140.87,-140.67,306082
2026-02-11 10:12:36,-136.95,-136.52,-136.95,-136.52,953134
2026-02-11 10:22:36,-132.27,-131.76,-132.27,-131.76,261216
2026-02-11 10:32:36,-138.72,-138.65,-138.72,-138.65,1748956
2026-02-11 10:42:36,-131.86,-131.71,-131.86,-131.71,381494
2026-02-11 10:52:36,-138.42,-138.42,-138.82,-138.82,547434
2026-02-11 11:02:36,-31.17,-31.17,-31.23,-31.23,796449
2026-02-11 11:12:36,-34.74,-34.74,-34.79,-34.79,322701
2026-02-11 11:22:36,-34.27,-33.97,-34.27,-33.97,1233549
2026-02-11 11:32:36,-37.54,-37.43,-37.54,-37.43,1186287
2026-02-11 11:42:36,-36.09,-35.98,-36.09,-35.98,1078538
2026-02-11 11:52:36,-32.37,-32.33,-32.37,-32.33,562744
2026-02-11 12:02:36,-25.67,-25.67,-25.9,-25.9,628218
2026-02-11 12:12:36,-30.25,-30.25,-30.25,-30.25,1252959
2026-02-11 12:22:36,-29.97,-29.97,-30.01,-30.01,249085
2026-02-11 12:32:36,-28.24,-28.24,-28.24,-28.24,1137406
2026-02-11 12:42:36,-29.93,-29.85,-29.93,-29.85,1044666
2026-02-11 12:52:36,-29.21,-29.16,-29.21,-29.18,413263
2026-02-11 13:02:36,-26.38,-26.38,-26.47,-26.47,440515
2026-02-11 13:12:36,-22.42,-22.42,-22.56,-22.56,671417
2026-02-11 13:22:36,-24.63,-24.63,-24.69,-24.69,473229
2026-02-11 13:32:36,-20.76,-20.63,-20.76,-20.63,135261
2026-02-11 13:42:36,-19.84,-19.82,-19.84,-19.82,496521
2026-02-11 13:52:36,-15.64,-15.64,-15.66,-15.66,522899
2026-02-11 14:02:36,-113.33,-113.33,-113.34,-113.34,1552434
2026-02-11 14:12:36,-118.49,-118.49,-118.7,-118.7,626277
2026-02-11 14:22:36,-118.54,-118.08,-118.54,-118.08,872168
2026-02-11 14:32:36,-124.37,-124.37,-124.71,-124.71,254376
2026-02-11 14:42:36,-127.8,-127.8,-128.14,-128.14,1579809
2026-02-11 14:52:36,-133.59,-133.33,-133.59,-133.33,662119
2026-02-11 15:02:36,-132.51,-132.51,-133.8,-133.8,1351758
2026-02-11 15:12:36,-141.89,-141.32,-141.89,-141.32,1006874
2026-02-11 15:22:36,-150.36,-150.36,-150.39,-150.39,841396
2026-02-11 15:32:36,-152.36,-152.36,-152.38,-152.38,1181553
2026-02-11 15:42:36,-149.82,-149.82,-149.84,-149.84,704730
2026-02-11 15:52:36,-150.95,-150.63,-150.95,-150.63,1297684
2026-02-12 09:32:36,-152.79,-152.79,-154.24,-154.24,226325
2026-02-12 09:42:36,-155.91,-155.91,-155.98,-155.98,597802
2026-02-12 09:52:36,-154.58,-154.51,-154.58,-154.51,964661
2026-02-12 10:02:36,-149.81,-149.81,-150.58,-150.58,200296
2026-02-12 10:12:36,-150.49,-149.57,-150.49,-149.57,1133744
2026-02-12 10:22:36,-142.8,-142.8,-143.42,-143.42,773712
2026-02-12 10:32:36,-152.9,-152.9,-153.44,-153.44,1853223
2026-02-12 10:42:36,-156.26,-156.26,-156.36,-156.36,1904692
2026-02-12 10:52:36,-157.11,-156.64,-157.11,-156.64,444332
2026-02-12 11:02:36,-43.99,-43.94,-43.99,-43.94,616501
2026-02-12 11:12:36,-43.13,-43.13,-43.36,-43.36,578204
2026-02-12 11:22:36,-36.46,-36.46,-36.61,-36.61,1106735
2026-02-12 11:32:36,-35.49,-35.49,-35.59,-35.59,718485
2026-02-12 11:42:36,-34.28,-34.28,-34.43,-34.43,920751
2026-02-12 11:52:36,-37.11,-36.98,-37.11,-36.98,681274
2026-02-12 12:02:36,-41.1,-41.07,-41.1,-41.07,460329
2026-02-12 12:12:36,-40.66,-40.51,-40.66,-40.51,919449
2026-02-12 12:22:36,-39.6,-39.57,-39.6,-39.57,1029315
2026-02-12 12:32:36,-40.69,-40.69,-40.7,-40.7,998800
2026-02-12 12:42:36,-41.5,-41.44,-41.51,-41.51,959283
2026-02-12 12:52:36,-41.49,-41.47,-41.49,-41.47,376787
2026-02-12 13:02:36,-43.4,-43.34,-43.4,-43.35,1126064
2026-02-12 13:12:36,-47.73,-47.52,-47.73,-47.52,338966
2026-02-12 13:22:36,-52.32,-52.04,-52.32,-52.04,166504
2026-02-12 13:32:36,-49.31,-49.29,-49.31,-49.29,233486
2026-02-12 13:42:36,-50.22,-50.22,-50.23,-50.23,421308
2026-02-12 13:52:36,-50.0,-50.0,-50.23,-50.23,1010709
2026-02-12 14:02:36,-163.08,-163.08,-163.42,-163.42,1089013
2026-02-12 14:12:36,-167.15,-167.15,-167.25,-167.25,1620993
2026-02-12 14:22:36,-174.96,-174.96,-175.8,-175.8,1240144
2026-02-12 14:32:36,-169.62,-168.78,-169.62,-168.78,1313692
2026-02-12 14:42:36,-171.74,-171.39,-171.74,-171.39,415027
2026-02-12 14:52:36,-175.57,-175.57,-176.2,-176.2,788407
2026-02-12 15:02:36,-180.22,-180.22,-181.15,-181.06,535434
2026-02-12 15:12:36,-184.79,-184.33,-184.79,-184.33,1570520
2026-02-12 15:22:36,-188.79,-188.08,-188.79,-188.08,286302
2026-02-12 15:32:36,-187.43,-187.43,-187.46,-187.46,784000
2026-02-12 15:42:36,-183.38,-183.05,-183.38,-183.21,1113852
2026-02-12 15:52:36,-184.57,-183.32,-184.57,-183.32,504591
2026-02-13 09:32:36,-185.57,-185.57,-186.12,-186.12,1376167
2026-02-13 09:42:36,-185.07,-185.07,-185.79,-185.79,2072896
2026-02-13 09:52:36,-184.67,-184.67,-185.72,-185.72,2055137
2026-02-13 10:02:36,-183.08,-182.76,-183.08,-182.76,1488659
2026-02-13 10:12:36,-184.7,-183.71,-184.7,-183.71,1081284
2026-02-13 10:22:36,-184.48,-184.48,-184.87,-184.87,1431150
2026-02-13 10:32:36,-173.17,-172.33,-173.17,-172.33,1226561
2026-02-13 10:42:36,-169.51,-169.32,-169.67,-169.67,452849
2026-02-13 10:52:36,-157.11,-157.02,-157.11,-157.02,756325
2026-02-13 11:02:36,-39.23,-39.23,-39.31,-39.31,846697
2026-02-13 11:12:36,-37.79,-37.62,-37.85,-37.62,574325
2026-02-13 11:22:36,-38.17,-38.17,-38.29,-38.29,900951
2026-02-13 11:32:36,-36.92,-36.92,-36.94,-36.94,668385
2026-02-13 11:42:36,-36.15,-36.15,-36.33,-36.33,878884
2026-02-13 11:52:36,-34.6,-34.6,-34.73,-34.73,876651
2026-02-13 12:02:36,-34.67,-34.62,-34.67,-34.62,209004
2026-02-13 12:12:36,-36.3,-36.3,-36.34,-36.34,1131589
2026-02-13 12:22:36,-38.28,-38.21,-38.28,-38.21,142543
2026-02-13 12:32:36,-39.64,-39.51,-39.64,-39.51,310059
2026-02-13 12:42:36,-42.54,-42.54,-42.6,-42.6,1176165
2026-02-13 12:52:36,-37.48,-37.48,-37.55,-37.55,366877
2026-02-13 13:02:36,-39.04,-39.04,-39.09,-39.09,1208511
2026-02-13 13:12:36,-38.27,-38.27,-38.39,-38.39,167799
2026-02-13 13:22:36,-40.23,-40.23,-40.26,-40.26,468456
2026-02-13 13:32:36,-45.01,-44.89,-45.01,-44.89,679004
2026-02-13 13:42:36,-41.87,-41.87,-42.06,-42.06,304897
2026-02-13 13:52:36,-41.83,-41.69,-41.83,-41.69,312182
2026-02-13 14:02:36,-172.85,-172.85,-172.88,-172.88,1155103
2026-02-13 14:12:36,-167.33,-167.33,-167.88,-167.88,1095431
2026-02-13 14:22:36,-162.11,-162.11,-162.45,-162.45,482208
2026-02-13 14:32:36,-154.69,-154.69,-155.98,-155.98,241669
2026-02-13 14:42:36,-158.98,-158.72,-158.98,-158.72,1951768
2026-02-13 14:52:36,-162.82,-162.82,-163.35,-163.35,1081226
2026-02-13 15:02:36,-160.85,-160.85,-161.21,-161.21,1993009
2026-02-13 15:12:36,-156.54,-156.45,-156.7,-156.45,1551038
2026-02-13 15:22:36,-154.76,-154.3,-154.76,-154.3,1102295
2026-02-13 15:32:36,-155.28,-154.07,-155.28,-154.07,1485679
2026-02-13 15:42:36,-157.58,-156.91,-157.58,-156.91,1327087
2026-02-13 15:52:36,-155.23,-155.23,-156.23,-156.23,983602
2026-02-16 09:32:36,-158.86,-158.03,-158.86,-158.03,692894
2026-02-16 09:42:36,-163.14,-163.05,-163.14,-163.05,1310792
2026-02-16 09:52:36,-159.94,-159.94,-161.14,-161.14,1233242
2026-02-16 10:02:36,-154.55,-154.55,-154.57,-154.57,1336920
2026-02-16 10:12:36,-157.84,-157.01,-157.84,-157.01,711431
2026-02-16 10:22:36,-175.73,-175.61,-175.73,-175.61,1345078
2026-02-16 10:32:36,-178.28,-176.97,-178.28,-176.97,415566
2026-02-16 10:42:36,-176.19,-176.13,-176.19,-176.13,894168
2026-02-16 10:52:36,-177.65,-177.65,-177.95,-177.95,978489
2026-02-16 11:02:36,-52.87,-52.87,-53.04,-53.04,1057335
2026-02-16 11:12:36,-48.52,-48.44,-48.52,-48.44,371542
2026-02-16 11:22:36,-48.79,-48.79,-48.86,-48.86,245243
2026-02-16 11:32:36,-43.18,-43.15,-43.18,-43.15,1265093
2026-02-16 11:42:36,-45.8,-45.54,-45.8,-45.54,376074
2026-02-16 11:52:36,-49.32,-49.29,-49.32,-49.29,1369829
2026-02-16 12:02:36,-51.32,-51.28,-51.34,-51.34,228897
2026-02-16 12:12:36,-51.96,-51.74,-51.96,-51.74,582852
2026-02-16 12:22:36,-48.63,-48.63,-48.65,-48.65,379913
2026-02-16 12:32:36,-50.39,-50.25,-50.39,-50.25,1010022
2026-02-16 12:42:36,-54.18,-54.18,-54.2,-54.2,1132845
2026-02-16 12:52:36,-49.83,-49.83,-49.83,-49.83,1170015
2026-02-16 13:02:36,-47.67,-47.67,-47.68,-47.68,1340132
2026-02-16 13:12:36,-50.23,-50.23,-50.23,-50.23,956316
2026-02-16 13:22:36,-48.49,-48.41,-48.49,-48.41,1340426
2026-02-16 13:32:36,-62.19,-62.19,-62.32,-62.32,465035
2026-02-16 13:42:36,-60.67,-60.47,-60.67,-60.47,679579
2026-02-16 13:52:36,-59.34,-59.13,-59.34,-59.13,691003
2026-02-16 14:02:36,-184.21,-184.19,-184.32,-184.19,1352283
2026-02-16 14:12:36,-189.86,-189.86,-190.11,-190.11,1186556
2026-02-16 14:22:36,-192.75,-192.6,-192.75,-192.6,1446119
2026-02-16 14:32:36,-185.18,-185.18,-185.74,-185.74,453399
2026-02-16 14:42:36,-180.85,-180.85,-181.14,-181.14,643019
2026-02-16 14:52:36,-172.03,-171.59,-172.03,-171.59,1340390
2026-02-16 15:02:36,-168.81,-168.23,-168.81,-168.23,432559
2026-02-16 15:12:36,-162.53,-162.53,-163.51,-163.51,793520
2026-02-16 15:22:36,-166.99,-166.83,-167.53,-167.53,675465
2026-02-16 15:32:36,-156.0,-155.21,-156.0,-155.21,1954231
2026-02-16 15:42:36,-151.83,-151.51,-151.83,-151.51,380853
2026-02-16 15:52:36,-150.98,-150.66,-151.07,-150.66,197634
2026-02-17 09:32:36,-155.83,-155.83,-156.52,-156.52,843660
2026-02-17 09:42:36,-155.68,-155.68,-156.43,-156.43,314378
2026-02-17 09:52:36,-156.26,-155.87,-156.26,-155.87,1911466
2026-02-17 10:02:36,-157.9,-157.9,-158.1,-158.1,374872
2026-02-17 10:12:36,-148.1,-148.1,-148.23,-148.23,1016383
2026-02-17 10:22:36,-161.03,-161.03,-161.13,-161.13,452524
2026-02-17 10:32:36,-161.25,-161.25,-162.05,-162.05,1128973
2026-02-17 10:42:36,-158.98,-158.98,-159.41,-159.41,1146217
2026-02-17 10:52:36,-160.42,-160.42,-160.49,-160.49,804903
2026-02-17 11:02:36,-47.62,-47.62,-47.62,-47.62,352318
2026-02-17 11:12:36,-48.08,-47.96,-48.08,-47.96,779686
2026-02-17 11:22:36,-43.65,-43.6,-43.65,-43.6,1263893
2026-02-17 11:32:36,-43.66,-43.66,-43.87,-43.87,254199
2026-02-17 11:42:36,-47.33,-47.33,-47.42,-47.42,989692
2026-02-17 11:52:36,-46.37,-46.27,-46.37,-46.27,227682
2026-02-17 12:02:36,-48.85,-48.85,-49.04,-49.04,699143
2026-02-17 12:12:36,-53.01,-53.01,-53.17,-53.17,167145
2026-02-17 12:22:36,-53.36,-53.36,-53.48,-53.48,1338814
2026-02-17 12:32:36,-52.12,-52.12,-52.2,-52.2,1343441
2026-02-17 12:42:36,-47.36,-47.36,-47.52,-47.52,844323
2026-02-17 12:52:36,-50.7,-50.51,-50.7,-50.51,1317503
2026-02-17 13:02:36,-56.71,-56.71,-56.71,-56.71,1063413
2026-02-17 13:12:36,-61.49,-61.46,-61.49,-61.46,470992
2026-02-17 13:22:36,-59.67,-59.67,-59.9,-59.9,144837
2026-02-17 13:32:36,-65.68,-65.68,-65.76,-65.76,722643
2026-02-17 13:42:36,-64.68,-64.57,-64.68,-64.57,1047635
2026-02-17 13:52:36,-67.4,-67.32,-67.4,-67.32,1014220
2026-02-17 14:02:36,-191.3,-190.33,-191.3,-190.33,432087
2026-02-17 14:12:36,-197.27,-197.09,-197.27,-197.09,1136233
2026-02-17 14:22:36,-195.86,-195.86,-197.47,-197.47,1629738
2026-02-17 14:32:36,-191.72,-190.83,-191.72,-190.83,2041844
2026-02-17 14:42:36,-199.26,-199.26,-199.47,-199.47,429395
2026-02-17 14:52:36,-194.36,-194.36,-195.2,-195.2,1367650
2026-02-17 15:02:36,-189.19,-189.19,-190.74,-190.74,2129725
2026-02-17 15:12:36,-197.93,-197.93,-198.12,-198.12,1194204
2026-02-17 15:22:36,-203.39,-203.39,-203.7,-203.7,808681
2026-02-17 15:32:36,-200.44,-200.44,-200.89,-200.89,319252
2026-02-17 15:42:36,-200.59,-200.59,-201.54,-201.54,266658
2026-02-17 15:52:36,-197.56,-197.56,-197.96,-197.96,1770467
2026-02-18 09:32:36,-195.41,-195.12,-195.67,-195.67,678310
2026-02-18 09:42:36,-195.01,-194.73,-195.01,-194.73,1679799
2026-02-18 09:52:36,-196.08,-196.08,-196.24,-196.24,1952095
2026-02-18 10:02:36,-203.48,-203.13,-203.48,-203.13,367863
2026-02-18 10:12:36,-204.16,-203.79,-204.16,-203.79,525380
2026-02-18 10:22:36,-211.32,-211.13,-211.32,-211.15,1657309
2026-02-18 10:32:36,-211.93,-211.19,-211.93,-211.19,1111238
2026-02-18 10:42:36,-216.38,-216.38,-216.84,-216.84,1680844
2026-02-18 10:52:36,-225.07,-223.76,-225.07,-223.76,300503
2026-02-18 11:02:36,-82.32,-82.32,-82.52,-82.4,1420267
2026-02-18 11:12:36,-75.63,-75.63,-75.67,-75.67,1085793
2026-02-18 11:22:36,-68.11,-67.81,-68.11,-67.81,1408896
2026-02-18 11:32:36,-64.22,-64.15,-64.22,-64.15,1106559
2026-02-18 11:42:36,-61.45,-61.45,-61.55,-61.55,1126187
2026-02-18 11:52:36,-60.61,-60.61,-60.86,-60.86,254960
2026-02-18 12:02:36,-56.26,-56.13,-56.26,-56.23,465637
2026-02-18 12:12:36,-55.39,-55.21,-55.39,-55.21,1118628
2026-02-18 12:22:36,-57.61,-57.54,-57.61,-57.54,1101849
2026-02-18 12:32:36,-57.11,-56.79,-57.11,-56.79,554446
2026-02-18 12:42:36,-58.77,-58.58,-58.77,-58.58,311239
2026-02-18 12:52:36,-55.18,-55.06,-55.18,-55.06,333362
2026-02-18 13:02:36,-55.79,-55.79,-55.86,-55.86,148914
2026-02-18 13:12:36,-54.96,-54.73,-54.96,-54.73,1024188
2026-02-18 13:22:36,-56.44,-56.41,-56.44,-56.41,932299
2026-02-18 13:32:36,-62.93,-62.65,-62.93,-62.65,1418418
2026-02-18 13:42:36,-56.32,-56.32,-56.4,-56.4,760596
2026-02-18 13:52:36,-56.1,-56.1,-56.51,-56.28,213060
2026-02-18 14:02:36,-185.79,-185.79,-186.43,-186.43,1531526
2026-02-18 14:12:36,-178.03,-178.03,-178.81,-178.81,1231032
2026-02-18 14:22:36,-168.97,-168.97,-169.55,-169.55,444530
2026-02-18 14:32:36,-165.94,-165.49,-165.94,-165.49,1008184
2026-02-18 14:42:36,-162.57,-162.57,-162.77,-162.77,600182
2026-02-18 14:52:36,-173.42,-172.91,-173.42,-172.91,1715075
2026-02-18 15:02:36,-168.44,-168.44,-168.89,-168.89,820521
2026-02-18 15:12:36,-164.24,-164.18,-164.24,-164.18,584335
2026-02-18 15:22:36,-160.6,-160.29,-160.68,-160.68,1742215
2026-02-18 15:32:36,-157.37,-157.27,-157.43,-157.43,1019414
2026-02-18 15:42:36,-161.71,-161.71,-161.93,-161.93,1270789
2026-02-18 15:52:36,-155.6,-155.06,-155.6,-155.06,347373
2026-02-19 09:32:36,-153.39,-153.39,-153.46,-153.46,888486
2026-02-19 09:42:36,-140.88,-140.4,-140.88,-140.4,1764995
2026-02-19 09:52:36,-144.85,-143.75,-144.85,-143.75,371744
2026-02-19 10:02:36,-132.33,-131.96,-132.33,-131.96,1346026
2026-02-19 10:12:36,-130.73,-130.03,-130.73,-130.03,1444844
2026-02-19 10:22:36,-132.59,-132.52,-132.59,-132.52,915796
2026-02-19 10:32:36,-135.65,-135.65,-135.91,-135.91,337361
2026-02-19 10:42:36,-145.78,-145.31,-145.78,-145.31,1697736
2026-02-19 10:52:36,-145.19,-145.02,-145.19,-145.16,825960
2026-02-19 11:02:36,-35.15,-35.15,-35.21,-35.21,1273076
2026-02-19 11:12:36,-30.11,-30.02,-30.11,-30.02,588160
2026-02-19 11:22:36,-30.21,-30.19,-30.21,-30.19,1058859
2026-02-19 11:32:36,-26.92,-26.88,-26.92,-26.88,423004
2026-02-19 11:42:36,-27.0,-26.83,-27.0,-26.83,1210678
2026-02-19 11:52:36,-34.32,-34.32,-34.44,-34.44,870605
2026-02-19 12:02:36,-37.03,-37.03,-37.16,-37.16,402402
2026-02-19 12:12:36,-43.59,-43.59,-43.82,-43.82,1331198
2026-02-19 12:22:36,-44.55,-44.54,-44.55,-44.54,1099817
2026-02-19 12:32:36,-44.39,-44.39,-44.47,-44.47,1214089
2026-02-19 12:42:36,-38.44,-38.44,-38.62,-38.62,473121
2026-02-19 12:52:36,-34.48,-34.45,-34.48,-34.45,1236375
2026-02-19 13:02:36,-37.83,-37.83,-37.83,-37.83,233043
2026-02-19 13:12:36,-36.69,-36.69,-36.81,-36.81,544054
2026-02-19 13:22:36,-35.68,-35.68,-35.85,-35.85,1008883
2026-02-19 13:32:36,-34.23,-34.23,-34.49,-34.49,156242
2026-02-19 13:42:36,-33.13,-33.13,-33.2,-33.2,394511
2026-02-19 13:52:36,-31.45,-31.41,-31.45,-31.41,685146
2026-02-19 14:02:36,-136.7,-136.41,-136.7,-136.41,1095684
2026-02-19 14:12:36,-133.04,-133.04,-133.08,-133.08,1431075
2026-02-19 14:22:36,-130.62,-130.24,-130.62,-130.24,351171
2026-02-19 14:32:36,-129.11,-129.11,-129.16,-129.16,841552
2026-02-19 14:42:36,-125.92,-125.92,-126.18,-126.18,570945
2026-02-19 14:52:36,-126.0,-126.0,-126.7,-126.7,441565
2026-02-19 15:02:36,-123.56,-123.18,-123.56,-123.18,907675
2026-02-19 15:12:36,-127.63,-126.78,-127.63,-126.78,225123
2026-02-19 15:22:36,-124.88,-124.88,-125.0,-124.89,983255
2026-02-19 15:32:36,-125.1,-125.1,-125.1,-125.1,1745853
2026-02-19 15:42:36,-130.83,-130.83,-131.55,-131.55,580881
2026-02-19 15:52:36,-130.03,-129.77,-130.06,-129.77,1801991
2026-02-20 09:32:36,-136.14,-136.14,-136.48,-136.48,1341211
2026-02-20 09:42:36,-134.81,-134.81,-134.89,-134.89,900163
2026-02-20 09:52:36,-135.47,-135.47,-135.78,-135.78,1475833
2026-02-20 10:02:36,-128.52,-128.22,-128.52,-128.22,560771
2026-02-20 10:12:36,-128.64,-128.57,-128.64,-128.57,1689732
2026-02-20 10:22:36,-131.3,-130.75,-131.3,-130.75,452832
2026-02-20 10:32:36,-130.23,-130.23,-130.65,-130.65,657414
2026-02-20 10:42:36,-133.55,-133.51,-133.8,-133.8,1347214
2026-02-20 10:52:36,-135.55,-135.55,-135.87,-135.87,989375
2026-02-20 11:02:36,-24.19,-24.01,-24.19,-24.01,337135
2026-02-20 11:12:36,-31.5,-31.28,-31.5,-31.28,387232
2026-02-20 11:22:36,-32.05,-32.05,-32.06,-32.06,837502
2026-02-20 11:32:36,-37.97,-37.95,-37.97,-37.95,1278601
2026-02-20 11:42:36,-33.58,-33.57,-33.58,-33.57,627645
2026-02-20 11:52:36,-29.47,-29.28,-29.47,-29.28,398655
2026-02-20 12:02:36,-31.57,-31.57,-31.62,-31.62,1237980
2026-02-20 12:12:36,-25.76,-25.76,-25.78,-25.78,141798
2026-02-20 12:22:36,-21.5,-21.43,-21.5,-21.43,916696
2026-02-20 12:32:36,-30.61,-30.61,-30.73,-30.73,389703
2026-02-20 12:42:36,-33.71,-33.71,-33.86,-33.86,133491
2026-02-20 12:52:36,-39.88,-39.88,-39.9,-39.9,294117
2026-02-20 13:02:36,-39.12,-38.98,-39.12,-38.98,1294826
2026-02-20 13:12:36,-37.53,-37.38,-37.53,-37.38,1042050
2026-02-20 13:22:36,-37.56,-37.56,-37.58,-37.58,379135
2026-02-20 13:32:36,-37.88,-37.88,-38.08,-38.08,574412
2026-02-20 13:42:36,-41.05,-41.05,-41.23,-41.23,686544
2026-02-20 13:52:36,-45.82,-45.69,-45.82,-45.69,878458
2026-02-20 14:02:36,-168.44,-168.44,-168.67,-168.67,931146
2026-02-20 14:12:36,-170.77,-170.3,-170.77,-170.3,1633792
2026-02-20 14:22:36,-168.46,-168.46,-169.26,-169.26,1500959
2026-02-20 14:32:36,-171.48,-171.27,-171.64,-171.27,1821339
2026-02-20 14:42:36,-170.69,-170.69,-170.95,-170.95,1176892
2026-02-20 14:52:36,-170.31,-170.02,-170.31,-170.02,1666607
2026-02-20 15:02:36,-170.63,-170.28,-170.63,-170.28,896770
2026-02-20 15:12:36,-162.99,-162.81,-162.99,-162.81,751118
2026-02-20 15:22:36,-154.3,-153.9,-154.3,-153.9,652482
2026-02-20 15:32:36,-152.28,-151.28,-152.28,-151.28,452932
2026-02-20 15:42:36,-149.31,-149.23,-149.31,-149.23,918801
2026-02-20 15:52:36,-147.55,-146.75,-147.55,-146.75,1298596
2026-02-23 09:32:36,-145.64,-145.64,-145.85,-145.64,1851057
2026-02-23 09:42:36,-153.81,-153.74,-153.81,-153.74,673367
2026-02-23 09:52:36,-155.38,-155.38,-156.07,-155.74,648859
2026-02-23 10:02:36,-154.55,-153.93,-154.55,-153.93,331578
2026-02-23 10:12:36,-154.03,-154.03,-154.47,-154.47,1544835
2026-02-23 10:22:36,-154.29,-154.15,-154.29,-154.15,1527123
2026-02-23 10:32:36,-160.24,-160.24,-160.46,-160.26,1255379
2026-02-23 10:42:36,-155.59,-155.59,-156.42,-156.42,1667852
2026-02-23 10:52:36,-156.29,-155.26,-156.29,-155.26,462549
2026-02-23 11:02:36,-35.57,-35.42,-35.57,-35.42,790146
2026-02-23 11:12:36,-34.84,-34.84,-35.03,-35.03,309168
2026-02-23 11:22:36,-31.63,-31.63,-31.77,-31.72,510175
2026-02-23 11:32:36,-30.01,-30.01,-30.26,-30.26,995901
2026-02-23 11:42:36,-36.4,-36.4,-36.42,-36.42,1275614
2026-02-23 11:52:36,-32.04,-32.04,-32.09,-32.09,252293
2026-02-23 12:02:36,-34.53,-34.51,-34.53,-34.51,1096520
2026-02-23 12:12:36,-36.07,-36.07,-36.08,-36.08,575738
2026-02-23 12:22:36,-32.29,-32.29,-32.35,-32.35,1159053
2026-02-23 12:32:36,-34.21,-34.1,-34.21,-34.1,832983
2026-02-23 12:42:36,-36.88,-36.63,-36.88,-36.63,390905
2026-02-23 12:52:36,-37.42,-37.42,-37.48,-37.48,490450
2026-02-23 13:02:36,-32.02,-32.02,-32.04,-32.04,294978
2026-02-23 13:12:36,-32.76,-32.59,-32.76,-32.59,715293
2026-02-23 13:22:36,-29.12,-29.12,-29.15,-29.15,1121580
2026-02-23 13:32:36,-31.98,-31.93,-31.98,-31.93,1260854
2026-02-23 13:42:36,-32.6,-32.49,-32.6,-32.49,178998
2026-02-23 13:52:36,-35.19,-35.19,-35.28,-35.28,880821
2026-02-23 14:02:36,-147.92,-147.86,-147.92,-147.86,1602958
2026-02-23 14:12:36,-142.73,-142.27,-142.73,-142.27,988425
2026-02-23 14:22:36,-148.06,-147.5,-148.06,-147.5,257018
2026-02-23 14:32:36,-149.83,-149.83,-149.83,-149.83,1472469
2026-02-23 14:42:36,-151.01,-150.37,-151.01,-150.37,548130
2026-02-23 14:52:36,-147.16,-146.94,-147.16,-146.94,1128119
2026-02-23 15:02:36,-142.08,-142.08,-142.93,-142.93,1418759
2026-02-23 15:12:36,-143.7,-143.7,-143.75,-143.75,1143387
2026-02-23 15:22:36,-151.68,-151.43,-151.68,-151.43,317228
2026-02-23 15:32:36,-157.66,-157.66,-157.79,-157.79,1046108
2026-02-23 15:42:36,-160.82,-160.75,-160.82,-160.75,1565307
2026-02-23 15:52:36,-163.61,-163.27,-163.61,-163.27,1136155
2026-02-24 09:32:36,-168.16,-167.82,-168.16,-167.82,609699
2026-02-24 09:42:36,-163.99,-163.99,-164.24,-164.24,716858
2026-02-24 09:52:36,-163.79,-163.79,-164.87,-164.87,1835230
2026-02-24 10:02:36,-163.15,-162.95,-163.15,-162.95,1754431
2026-02-24 10:12:36,-167.67,-167.02,-167.67,-167.02,1568256
2026-02-24 10:22:36,-166.64,-165.63,-166.64,-165.63,934705
2026-02-24 10:32:36,-172.26,-172.26,-172.31,-172.31,1314074
2026-02-24 10:42:36,-176.8,-176.54,-176.8,-176.54,1416977
2026-02-24 10:52:36,-171.15,-171.15,-171.93,-171.72,1267113
2026-02-24 11:02:36,-48.14,-48.14,-48.22,-48.22,1111651
2026-02-24 11:12:36,-50.51,-50.33,-50.51,-50.33,1103983
2026-02-24 11:22:36,-51.64,-51.64,-51.83,-51.83,1356116
2026-02-24 11:32:36,-54.72,-54.72,-55.2,-55.2,438060
2026-02-24 11:42:36,-52.24,-52.13,-52.43,-52.43,611617
2026-02-24 11:52:36,-49.75,-49.68,-49.75,-49.68,601108
2026-02-24 12:02:36,-50.13,-49.97,-50.13,-49.97,369812
2026-02-24 12:12:36,-47.37,-47.16,-47.37,-47.16,747656
2026-02-24 12:22:36,-48.47,-48.47,-48.69,-48.69,1070538
2026-02-24 12:32:36,-43.74,-43.47,-43.74,-43.47,577033
2026-02-24 12:42:36,-35.27,-35.13,-35.27,-35.13,782463
2026-02-24 12:52:36,-39.61,-39.61,-39.89,-39.85,247000
2026-02-24 13:02:36,-35.31,-35.31,-35.46,-35.46,919380
2026-02-24 13:12:36,-38.89,-38.65,-38.89,-38.65,299454
2026-02-24 13:22:36,-39.28,-39.24,-39.32,-39.32,486530
2026-02-24 13:32:36,-42.57,-42.5,-42.57,-42.5,1150762
2026-02-24 13:42:36,-42.46,-42.44,-42.51,-42.51,1148353
2026-02-24 13:52:36,-41.42,-41.42,-41.6,-41.6,1309140
2026-02-24 14:02:36,-145.52,-145.52,-145.58,-145.58,929708
2026-02-24 14:12:36,-142.6,-142.6,-142.87,-142.87,1485355
2026-02-24 14:22:36,-149.82,-149.4,-149.82,-149.4,1525370
2026-02-24 14:32:36,-148.76,-147.93,-148.76,-147.93,1489143
2026-02-24 14:42:36,-162.21,-161.98,-162.21,-161.98,292540
2026-02-24 14:52:36,-166.61,-166.61,-166.75,-166.75,660819
2026-02-24 15:02:36,-159.76,-159.76,-160.33,-160.33,576988
2026-02-24 15:12:36,-166.24,-166.24,-166.85,-166.85,1164936
2026-02-24 15:22:36,-174.7,-174.7,-174.9,-174.9,504206
2026-02-24 15:32:36,-172.42,-172.42,-172.53,-172.53,1579864
2026-02-24 15:42:36,-173.83,-173.83,-174.32,-174.32,1505456
2026-02-24 15:52:36,-179.72,-179.35,-179.72,-179.35,2065354
2026-02-25 09:32:36,-183.68,-183.68,-184.0,-184.0,1241529
2026-02-25 09:42:36,-186.39,-185.58,-186.39,-185.58,535209
2026-02-25 09:52:36,-176.35,-176.03,-176.35,-176.03,2051648
2026-02-25 10:02:36,-170.87,-170.66,-170.87,-170.66,525281
2026-02-25 10:12:36,-173.98,-173.3,-173.98,-173.3,726021
2026-02-25 10:22:36,-178.89,-178.89,-179.49,-179.49,253906
2026-02-25 10:32:36,-168.93,-168.93,-169.26,-169.26,1326168
2026-02-25 10:42:36,-162.5,-162.5,-163.37,-163.37,1247341
2026-02-25 10:52:36,-162.96,-162.51,-162.96,-162.51,300845
2026-02-25 11:02:36,-51.25,-51.08,-51.25,-51.17,458455
2026-02-25 11:12:36,-58.0,-57.91,-58.0,-57.91,1151600
2026-02-25 11:22:36,-60.08,-60.03,-60.09,-60.03,407457
2026-02-25 11:32:36,-55.9,-55.76,-55.9,-55.76,446559
2026-02-25 11:42:36,-54.9,-54.9,-55.31,-55.31,811109
2026-02-25 11:52:36,-54.93,-54.75,-54.93,-54.75,245718
2026-02-25 12:02:36,-58.27,-58.27,-58.41,-58.41,703619
2026-02-25 12:12:36,-55.62,-55.49,-55.62,-55.49,989190
2026-02-25 12:22:36,-57.56,-57.46,-57.56,-57.46,1010053
2026-02-25 12:32:36,-48.76,-48.7,-48.76,-48.76,310234
2026-02-25 12:42:36,-47.66,-47.66,-47.7,-47.66,701913
2026-02-25 12:52:36,-49.15,-49.15,-49.27,-49.27,956723
2026-02-25 13:02:36,-45.07,-44.98,-45.07,-44.98,641127
2026-02-25 13:12:36,-44.88,-44.88,-44.92,-44.92,821856
2026-02-25 13:22:36,-43.41,-43.41,-43.43,-43.43,464021
2026-02-25 13:32:36,-47.94,-47.94,-48.14,-48.14,257099
2026-02-25 13:42:36,-45.55,-45.47,-45.55,-45.47,884958
2026-02-25 13:52:36,-44.23,-44.21,-44.23,-44.21,1068689
2026-02-25 14:02:36,-163.17,-163.17,-163.95,-163.95,828660
2026-02-25 14:12:36,-162.1,-161.97,-162.35,-162.35,671901
2026-02-25 14:22:36,-162.74,-162.74,-162.85,-162.85,1640721
2026-02-25 14:32:36,-164.42,-164.29,-164.42,-164.36,1505539
2026-02-25 14:42:36,-167.73,-167.07,-167.73,-167.07,1427230
2026-02-25 14:52:36,-174.09,-174.09,-175.15,-175.15,384101
2026-02-25 15:02:36,-179.01,-179.01,-179.3,-179.3,1543301
2026-02-25 15:12:36,-181.17,-181.17,-181.55,-181.55,1612293
2026-02-25 15:22:36,-172.68,-172.67,-172.68,-172.67,773084
2026-02-25 15:32:36,-168.96,-168.8,-168.96,-168.8,1326296
2026-02-25 15:42:36,-162.99,-162.66,-162.99,-162.66,1210154
2026-02-25 15:52:36,-159.89,-159.89,-160.16,-160.16,1133685
2026-02-26 09:32:36,-163.06,-163.06,-163.82,-163.82,590581
2026-02-26 09:42:36,-163.36,-163.36,-163.66,-163.66,1106348
2026-02-26 09:52:36,-160.41,-160.41,-160.73,-160.73,226368
2026-02-26 10:02:36,-157.22,-157.22,-157.65,-157.65,615407
2026-02-26 10:12:36,-150.12,-148.79,-150.12,-148.79,1344126
2026-02-26 10:22:36,-152.09,-151.32,-152.09,-151.32,1350320
2026-02-26 10:32:36,-154.91,-154.91,-155.21,-155.21,669278
2026-02-26 10:42:36,-145.89,-145.75,-145.89,-145.75,1077642
2026-02-26 10:52:36,-145.86,-145.86,-146.44,-146.44,1493022
2026-02-26 11:02:36,-33.28,-33.28,-33.37,-33.37,165227
2026-02-26 11:12:36,-35.89,-35.84,-35.89,-35.86,961089
2026-02-26 11:22:36,-31.25,-31.25,-31.3,-31.3,560510
2026-02-26 11:32:36,-23.17,-23.14,-23.17,-23.14,562114
2026-02-26 11:42:36,-17.2,-17.2,-17.2,-17.2,753406
2026-02-26 11:52:36,-16.41,-16.41,-16.51,-16.51,548559
2026-02-26 12:02:36,-15.31,-15.31,-15.31,-15.31,931329
2026-02-26 12:12:36,-11.59,-11.59,-11.62,-11.62,283456
2026-02-26 12:22:36,-6.53,-6.53,-6.54,-6.54,548605
2026-02-26 12:32:36,-2.98,-2.97,-2.98,-2.97,209625
2026-02-26 12:42:36,-8.55,-8.55,-8.57,-8.57,908309
2026-02-26 12:52:36,-11.55,-11.51,-11.55,-11.51,364232
2026-02-26 13:02:36,-9.31,-9.31,-9.32,-9.31,747631
2026-02-26 13:12:36,-11.84,-11.82,-11.84,-11.82,912372
2026-02-26 13:22:36,-4.54,-4.5,-4.54,-4.5,270893
2026-02-26 13:32:36,-7.82,-7.82,-7.82,-7.82,551216
2026-02-26 13:42:36,-6.16,-6.16,-6.17,-6.17,217433
2026-02-26 13:52:36,-4.47,-4.47,-4.48,-4.48,165981
2026-02-26 14:02:36,-98.4,-98.4,-98.47,-98.47,823907
2026-02-26 14:12:36,-94.39,-94.39,-94.72,-94.72,570984
2026-02-26 14:22:36,-91.85,-91.85,-91.97,-91.97,693147
2026-02-26 14:32:36,-92.77,-92.77,-92.81,-92.81,1087606
2026-02-26 14:42:36,-94.12,-94.06,-94.16,-94.16,339077
2026-02-26 14:52:36,-95.58,-95.25,-95.58,-95.25,916288
2026-02-26 15:02:36,-93.25,-93.25,-93.79,-93.79,1086329
2026-02-26 15:12:36,-92.44,-92.24,-92.44,-92.24,611272
2026-02-26 15:22:36,-87.13,-87.13,-87.53,-87.53,1312764
2026-02-26 15:32:36,-82.17,-81.84,-82.17,-81.84,813923
2026-02-26 15:42:36,-87.64,-87.64,-87.92,-87.92,1044150
2026-02-26 15:52:36,-88.93,-88.46,-88.93,-88.46,382672
2026-02-27 09:32:36,-90.88,-90.71,-90.88,-90.71,1543922
2026-02-27 09:42:36,-83.05,-83.05,-83.43,-83.43,966165
2026-02-27 09:52:36,-76.46,-76.46,-76.64,-76.64,272554
2026-02-27 10:02:36,-73.86,-73.86,-74.25,-74.25,831904
2026-02-27 10:12:36,-65.9,-65.9,-66.03,-66.03,1064051
2026-02-27 10:22:36,-57.74,-57.74,-57.96,-57.96,1201169
2026-02-27 10:32:36,-53.14,-52.77,-53.14,-52.77,1284487
2026-02-27 10:42:36,-52.9,-52.38,-52.9,-52.38,760375
2026-02-27 10:52:36,-52.73,-52.71,-52.73,-52.71,567281
2026-02-27 11:02:36,31.22,31.31,31.15,31.19,574948
2026-02-27 11:12:36,32.95,32.95,32.69,32.84,213197
2026-02-27 11:22:36,31.08,31.21,30.68,31.06,198395
2026-02-27 11:32:36,26.22,26.23,26.12,26.17,304264
2026-02-27 11:42:36,30.02,30.06,29.91,29.98,349807
2026-02-27 11:52:36,28.32,28.5,28.21,28.4,887039
2026-02-27 12:02:36,25.55,25.59,25.52,25.56,819638
2026-02-27 12:12:36,24.61,24.75,24.61,24.62,518546
2026-02-27 12:22:36,22.05,22.05,21.83,22.0,324035
2026-02-27 12:32:36,23.12,23.17,23.03,23.03,125569
2026-02-27 12:42:36,17.63,17.84,17.56,17.72,968588
2026-02-27 12:52:36,17.52,17.61,17.52,17.58,520237
2026-02-27 13:02:36,17.5,17.5,17.44,17.46,945630
2026-02-27 13:12:36,21.18,21.31,21.18,21.22,120469
2026-02-27 13:22:36,19.69,19.79,19.66,19.68,354439
2026-02-27 13:32:36,18.02,18.02,17.84,17.92,367992
2026-02-27 13:42:36,20.42,20.59,20.34,20.55,228739
2026-02-27 13:52:36,19.05,19.17,19.05,19.05,966176
2026-02-27 14:02:36,-63.54,-63.54,-64.03,-64.03,1180835
2026-02-27 14:12:36,-62.29,-62.29,-62.46,-62.46,201123
2026-02-27 14:22:36,-66.17,-66.17,-66.38,-66.38,840127
2026-02-27 14:32:36,-63.13,-63.13,-63.23,-63.23,799196
2026-02-27 14:42:36,-56.15,-56.15,-56.33,-56.33,970180
2026-02-27 14:52:36,-57.06,-57.06,-57.18,-57.18,934153
2026-02-27 15:02:36,-53.32,-53.32,-53.35,-53.35,233336
2026-02-27 15:12:36,-58.48,-58.48,-58.54,-58.54,542182
2026-02-27 15:22:36,-53.16,-53.16,-53.2,-53.2,877256
2026-02-27 15:32:36,-47.72,-47.5,-47.72,-47.5,990207
2026-02-27 15:42:36,-44.8,-44.59,-44.8,-44.59,152020
2026-02-27 15:52:36,-43.14,-43.12,-43.14,-43.12,1136608
2026-03-02 09:32:36,-49.22,-49.22,-49.32,-49.32,1141956
2026-03-02 09:42:36,-42.47,-42.31,-42.47,-42.31,863022
2026-03-02 09:52:36,-44.24,-44.14,-44.24,-44.14,1033894
2026-03-02 10:02:36,-42.76,-42.68,-42.76,-42.76,327669
2026-03-02 10:12:36,-44.33,-43.99,-44.33,-43.99,928523
2026-03-02 10:22:36,-42.69,-42.69,-42.87,-42.87,771854
2026-03-02 10:32:36,-43.01,-43.01,-43.12,-43.12,674466
2026-03-02 10:42:36,-47.31,-47.24,-47.31,-47.24,841260
2026-03-02 10:52:36,-48.61,-48.61,-48.61,-48.61,667471
2026-03-02 11:02:36,31.08,31.16,30.99,30.99,315270
2026-03-02 11:12:36,35.79,35.85,35.73,35.78,852970
2026-03-02 11:22:36,30.24,30.48,30.12,30.42,904172
2026-03-02 11:32:36,33.04,33.35,32.93,33.09,687502
2026-03-02 11:42:36,33.05,33.08,32.9,33.08,699623
2026-03-02 11:52:36,36.01,36.45,35.79,36.0,437670
2026-03-02 12:02:36,38.48,38.48,38.14,38.14,423560
2026-03-02 12:12:36,33.22,33.39,33.05,33.23,790819
2026-03-02 12:22:36,32.04,32.12,31.81,31.81,575168
2026-03-02 12:32:36,29.26,29.41,29.2,29.34,331099
2026-03-02 12:42:36,33.03,33.11,32.94,33.11,363109
2026-03-02 12:52:36,32.57,32.78,32.44,32.63,283199
2026-03-02 13:02:36,35.36,35.74,35.36,35.44,722863
2026-03-02 13:12:36,37.61,37.61,37.23,37.32,269384
2026-03-02 13:22:36,32.95,33.02,32.75,33.01,576373
2026-03-02 13:32:36,37.06,37.5,37.03,37.18,117045
2026-03-02 13:42:36,36.39,36.66,36.25,36.35,407009
2026-03-02 13:52:36,34.14,34.14,33.79,33.96,661580
2026-03-02 14:02:36,-47.68,-47.68,-47.8,-47.8,1136210
2026-03-02 14:12:36,-44.29,-44.19,-44.29,-44.19,619128
2026-03-02 14:22:36,-43.08,-42.98,-43.08,-42.98,204841
2026-03-02 14:32:36,-50.14,-49.94,-50.14,-49.94,727509
2026-03-02 14:42:36,-41.86,-41.86,-41.95,-41.95,891079
2026-03-02 14:52:36,-45.21,-45.21,-45.3,-45.21,1302816
2026-03-02 15:02:36,-44.33,-44.14,-44.33,-44.14,646394
2026-03-02 15:12:36,-43.01,-43.01,-43.09,-43.09,434451
2026-03-02 15:22:36,-34.61,-34.61,-34.65,-34.64,358184
2026-03-02 15:32:36,-47.8,-47.8,-47.99,-47.99,1139685
2026-03-02 15:42:36,-40.79,-40.79,-40.88,-40.88,427800
2026-03-02 15:52:36,-39.44,-39.43,-39.44,-39.43,319577
2026-03-03 09:32:36,-25.93,-25.93,-26.05,-26.05,732522
2026-03-03 09:42:36,-29.93,-29.93,-29.94,-29.94,873611
2026-03-03 09:52:36,-23.31,-23.19,-23.31,-23.19,402990
2026-03-03 10:02:36,-27.03,-27.03,-27.04,-27.04,207764
2026-03-03 10:12:36,-17.45,-17.45,-17.47,-17.47,1073122
2026-03-03 10:22:36,-20.5,-20.5,-20.59,-20.59,955221
2026-03-03 10:32:36,-15.69,-15.68,-15.69,-15.68,820623
2026-03-03 10:42:36,-18.1,-18.1,-18.15,-18.15,371995
2026-03-03 10:52:36,-15.36,-15.36,-15.43,-15.43,742003
2026-03-03 11:02:36,55.37,56.17,55.16,55.66,300568
2026-03-03 11:12:36,55.49,55.54,54.92,55.54,454248
2026-03-03 11:22:36,52.6,52.61,52.4,52.4,720988
2026-03-03 11:32:36,51.24,51.31,50.91,51.05,121096
2026-03-03 11:42:36,47.81,47.81,47.56,47.56,259038
2026-03-03 11:52:36,45.27,45.39,45.0,45.06,320394
2026-03-03 12:02:36,49.21,49.26,48.88,49.21,160161
2026-03-03 12:12:36,52.9,53.13,52.67,52.7,610270
2026-03-03 12:22:36,54.28,54.37,54.28,54.3,474413
2026-03-03 12:32:36,48.18,48.43,48.14,48.19,360149
2026-03-03 12:42:36,44.11,44.11,43.78,44.08,676926
2026-03-03 12:52:36,45.47,45.47,45.0,45.23,188079
2026-03-03 13:02:36,50.5,50.67,50.35,50.67,384516
2026-03-03 13:12:36,45.95,46.44,45.95,46.02,323802
2026-03-03 13:22:36,50.17,50.23,50.1,50.1,346914
2026-03-03 13:32:36,51.29,51.55,51.18,51.33,607576
2026-03-03 13:42:36,55.14,55.33,54.98,54.98,785036
2026-03-03 13:52:36,58.44,58.44,57.82,57.99,450843
2026-03-03 14:02:36,-10.55,-10.55,-10.58,-10.58,599908
2026-03-03 14:12:36,-8.12,-8.12,-8.14,-8.14,251079
2026-03-03 14:22:36,-13.62,-13.62,-13.64,-13.64,202675
2026-03-03 14:32:36,-0.47,-0.47,-0.47,-0.47,209654
2026-03-03 14:42:36,6.21,6.22,6.2,6.22,917825
2026-03-03 14:52:36,9.59,9.71,9.54,9.59,144352
2026-03-03 15:02:36,11.22,11.3,11.22,11.27,736757
2026-03-03 15:12:36,6.4,6.43,6.4,6.42,801598
2026-03-03 15:22:36,0.59,0.6,0.59,0.6,416883
2026-03-03 15:32:36,3.74,3.75,3.72,3.73,134910
2026-03-03 15:42:36,3.9,3.9,3.89,3.89,598001
2026-03-03 15:52:36,1.6,1.61,1.59,1.59,989806
2026-03-04 09:32:36,1.1,1.1,1.1,1.1,799897
2026-03-04 09:42:36,3.12,3.14,3.09,3.12,476413
2026-03-04 09:52:36,-7.34,-7.31,-7.34,-7.31,825634
2026-03-04 10:02:36,1.41,1.42,1.41,1.41,688990
2026-03-04 10:12:36,6.07,6.07,6.07,6.07,115893
2026-03-04 10:22:36,-2.23,-2.23,-2.23,-2.23,543063
2026-03-04 10:32:36,-11.59,-11.59,-11.59,-11.59,619622
2026-03-04 10:42:36,-8.59,-8.59,-8.61,-8.61,1054824
2026-03-04 10:52:36,0.28,0.28,0.28,0.28,900924
2026-03-04 11:02:36,67.1,67.62,67.1,67.44,140162
2026-03-04 11:12:36,68.53,68.77,68.31,68.75,79690
2026-03-04 11:22:36,70.39,71.04,69.88,70.35,137623
2026-03-04 11:32:36,69.53,70.26,69.33,69.81,576762
2026-03-04 11:42:36,73.85,74.25,73.77,74.1,301913
2026-03-04 11:52:36,80.29,80.5,79.9,80.5,237282
2026-03-04 12:02:36,75.14,75.17,74.33,75.1,201820
2026-03-04 12:12:36,78.77,78.81,78.17,78.75,530368
2026-03-04 12:22:36,75.47,75.82,75.32,75.43,232995
2026-03-04 12:32:36,74.19,74.19,73.77,73.93,584378
2026-03-04 12:42:36,72.18,72.34,72.17,72.23,284982
2026-03-04 12:52:36,72.06,72.93,72.06,72.1,278739
2026-03-04 13:02:36,78.2,78.84,77.55,78.44,661371
2026-03-04 13:12:36,71.34,71.48,71.15,71.35,657334
2026-03-04 13:22:36,73.2,73.79,73.2,73.79,336703
2026-03-04 13:32:36,72.92,73.17,72.6,72.9,153982
2026-03-04 13:42:36,74.73,74.94,74.4,74.72,391572
2026-03-04 13:52:36,72.43,72.58,72.39,72.58,559630
2026-03-04 14:02:36,16.83,16.83,16.69,16.82,606495
2026-03-04 14:12:36,12.33,12.36,12.21,12.36,739277
2026-03-04 14:22:36,24.25,24.35,24.18,24.31,750840
2026-03-04 14:32:36,19.48,19.49,19.39,19.39,960468
2026-03-04 14:42:36,15.45,15.5,15.45,15.45,937959
2026-03-04 14:52:36,11.37,11.45,11.37,11.39,769402
2026-03-04 15:02:36,7.02,7.1,6.98,7.04,851543
2026-03-04 15:12:36,13.16,13.29,13.09,13.11,416948
2026-03-04 15:22:36,7.68,7.73,7.64,7.73,491116
2026-03-04 15:32:36,7.93,7.94,7.85,7.94,683146
2026-03-04 15:42:36,-1.44,-1.44,-1.44,-1.44,177007
2026-03-04 15:52:36,6.82,6.84,6.82,6.83,826688
2026-03-05 09:32:36,4.91,4.94,4.91,4.92,1035585
2026-03-05 09:42:36,3.75,3.78,3.75,3.77,858600
2026-03-05 09:52:36,4.65,4.69,4.65,4.68,944665
2026-03-05 10:02:36,-2.31,-2.31,-2.31,-2.31,354963
2026-03-05 10:12:36,-11.17,-11.11,-11.17,-11.11,500133
2026-03-05 10:22:36,-19.33,-19.31,-19.33,-19.31,955132
2026-03-05 10:32:36,-4.65,-4.65,-4.68,-4.68,783893
2026-03-05 10:42:36,3.32,3.32,3.31,3.32,770008
2026-03-05 10:52:36,1.42,1.42,1.41,1.41,789839
2026-03-05 11:02:36,61.9,62.23,61.47,62.05,267401
2026-03-05 11:12:36,60.17,60.17,59.71,59.77,690739
2026-03-05 11:22:36,62.12,62.42,62.12,62.34,382682
2026-03-05 11:32:36,62.03,62.44,61.98,62.09,247349
2026-03-05 11:42:36,63.96,64.14,63.76,63.95,484128
2026-03-05 11:52:36,64.46,64.89,63.68,64.65,609258
2026-03-05 12:02:36,64.75,65.04,64.73,65.04,621602
2026-03-05 12:12:36,66.21,66.38,66.12,66.26,616668
2026-03-05 12:22:36,65.96,66.27,65.82,66.12,365056
2026-03-05 12:32:36,64.53,65.09,64.35,64.56,80692
2026-03-05 12:42:36,60.47,60.64,60.31,60.64,91748
2026-03-05 12:52:36,57.27,57.74,56.57,57.43,507885
2026-03-05 13:02:36,61.16,61.26,60.95,61.16,201326
2026-03-05 13:12:36,63.21,63.31,62.89,63.31,714153
2026-03-05 13:22:36,62.35,62.35,61.97,62.17,646849
2026-03-05 13:32:36,64.94,65.2,64.9,64.94,195257
2026-03-05 13:42:36,58.16,58.35,57.69,58.35,747664
2026-03-05 13:52:36,54.17,54.49,54.07,54.07,678947
2026-03-05 14:02:36,-18.36,-18.36,-18.44,-18.44,436705
2026-03-05 14:12:36,-17.33,-17.33,-17.35,-17.35,315985
2026-03-05 14:22:36,-15.07,-15.07,-15.1,-15.1,732643
2026-03-05 14:32:36,-23.96,-23.96,-24.08,-24.08,964026
2026-03-05 14:42:36,-20.84,-20.84,-20.88,-20.88,710651
2026-03-05 14:52:36,-27.82,-27.82,-27.83,-27.83,338456
2026-03-05 15:02:36,-29.02,-28.95,-29.02,-28.95,237532
2026-03-05 15:12:36,-31.95,-31.83,-31.95,-31.83,786347
2026-03-05 15:22:36,-23.64,-23.64,-23.65,-23.65,348203
2026-03-05 15:32:36,-17.09,-17.09,-17.11,-17.09,650593
2026-03-05 15:42:36,-8.95,-8.95,-8.99,-8.99,888271
2026-03-05 15:52:36,-14.74,-14.74,-14.76,-14.75,484924
2026-03-06 09:32:36,-17.68,-17.68,-17.68,-17.68,995799
2026-03-06 09:42:36,-16.46,-16.46,-16.53,-16.53,990563
2026-03-06 09:52:36,-22.49,-22.45,-22.49,-22.45,576491
2026-03-06 10:02:36,-15.28,-15.24,-15.28,-15.24,859724
2026-03-06 10:12:36,-22.65,-22.65,-22.73,-22.73,212383
2026-03-06 10:22:36,-21.83,-21.83,-21.94,-21.94,883178
2026-03-06 10:32:36,-27.31,-27.22,-27.31,-27.22,649343
2026-03-06 10:42:36,-20.23,-20.17,-20.23,-20.17,238493
2026-03-06 10:52:36,-22.86,-22.86,-22.86,-22.86,315362
2026-03-06 11:02:36,49.27,49.39,48.64,49.03,477578
2026-03-06 11:12:36,45.29,45.3,44.6,45.24,112900
2026-03-06 11:22:36,39.55,40.07,39.55,39.57,543612
2026-03-06 11:32:36,44.54,45.09,44.42,44.6,155148
2026-03-06 11:42:36,43.41,43.41,43.14,43.36,716842
2026-03-06 11:52:36,54.12,54.33,53.57,54.13,405896
2026-03-06 12:02:36,54.34,54.82,53.93,54.42,648369
2026-03-06 12:12:36,57.51,57.55,57.11,57.55,669663
2026-03-06 12:22:36,53.18,53.5,53.18,53.38,736917
2026-03-06 12:32:36,59.07,59.08,58.73,58.86,343041
2026-03-06 12:42:36,56.48,56.6,56.18,56.36,768368
2026-03-06 12:52:36,57.5,57.53,57.01,57.12,218657
2026-03-06 13:02:36,67.03,67.6,66.59,66.82,183698
2026-03-06 13:12:36,64.17,64.42,63.69,64.14,357657
2026-03-06 13:22:36,63.85,63.96,63.79,63.96,554285
2026-03-06 13:32:36,64.39,64.92,64.0,64.88,584614
2026-03-06 13:42:36,66.97,67.18,66.66,66.99,435597
2026-03-06 13:52:36,68.73,69.39,68.61,69.25,450677
2026-03-06 14:02:36,4.91,4.95,4.9,4.9,695292
2026-03-06 14:12:36,4.27,4.3,4.27,4.28,652966
2026-03-06 14:22:36,1.86,1.86,1.85,1.86,251661
2026-03-06 14:32:36,10.97,10.97,10.95,10.95,658769
2026-03-06 14:42:36,11.76,11.8,11.7,11.75,541352
2026-03-06 14:52:36,11.31,11.36,11.21,11.23,787271
2026-03-06 15:02:36,19.37,19.52,19.33,19.43,456731
2026-03-06 15:12:36,19.16,19.18,19.05,19.12,157344
2026-03-06 15:22:36,19.61,19.82,19.61,19.72,442161
2026-03-06 15:32:36,23.89,23.89,23.72,23.85,604635
2026-03-06 15:42:36,27.05,27.24,27.05,27.23,154546
2026-03-06 15:52:36,23.94,24.1,23.94,24.01,265411
2026-03-09 09:32:36,25.22,25.37,25.22,25.26,202166
2026-03-09 09:42:36,30.76,30.8,30.52,30.8,369458
2026-03-09 09:52:36,31.06,31.06,30.82,30.86,816944
2026-03-09 10:02:36,26.28,26.38,26.22,26.27,794475
2026-03-09 10:12:36,21.15,21.23,21.13,21.17,202616
2026-03-09 10:22:36,21.09,21.24,20.8,21.08,272911
2026-03-09 10:32:36,14.48,14.5,14.44,14.46,353052
2026-03-09 10:42:36,18.83,18.99,18.81,18.82,310490
2026-03-09 10:52:36,26.15,26.15,25.95,26.02,369235
2026-03-09 11:02:36,86.1,86.18,85.33,86.14,467897
2026-03-09 11:12:36,85.45,85.95,84.34,85.17,616833
2026-03-09 11:22:36,90.75,91.28,90.51,90.91,248508
2026-03-09 11:32:36,104.22,104.3,103.39,104.3,149703
2026-03-09 11:42:36,98.77,99.03,98.62,98.74,248912
2026-03-09 11:52:36,98.19,99.06,97.82,98.24,177992
2026-03-09 12:02:36,99.72,100.89,99.68,100.25,223461
2026-03-09 12:12:36,103.25,103.93,103.08,103.64,496373
2026-03-09 12:22:36,107.31,107.72,106.51,106.82,332181
2026-03-09 12:32:36,107.42,107.42,106.78,107.12,268336
2026-03-09 12:42:36,104.65,106.21,104.22,104.78,286057
2026-03-09 12:52:36,103.41,103.56,102.95,103.49,107392
2026-03-09 13:02:36,100.63,100.7,100.29,100.7,181416
2026-03-09 13:12:36,101.99,102.14,101.82,102.0,420070
2026-03-09 13:22:36,102.14,102.44,102.0,102.28,203542
2026-03-09 13:32:36,104.5,105.07,104.5,105.03,463201
2026-03-09 13:42:36,103.86,104.68,103.63,103.71,243924
2026-03-09 13:52:36,107.74,108.67,107.74,108.35,184861
2026-03-09 14:02:36,65.05,65.14,64.7,64.91,512055
2026-03-09 14:12:36,70.61,70.96,70.35,70.94,512564
2026-03-09 14:22:36,64.14,64.14,63.35,64.1,649875
2026-03-09 14:32:36,70.46,70.98,70.28,70.48,346986
2026-03-09 14:42:36,72.14,72.14,71.17,71.92,455926
2026-03-09 14:52:36,67.79,67.82,66.97,67.82,449422
2026-03-09 15:02:36,61.65,62.2,61.6,61.84,560215
2026-03-09 15:12:36,62.08,62.27,62.01,62.03,335251
2026-03-09 15:22:36,56.18,56.23,56.07,56.19,652254
2026-03-09 15:32:36,53.67,53.8,53.45,53.75,286839
2026-03-09 15:42:36,58.04,58.26,57.92,57.92,240931
2026-03-09 15:52:36,65.3,65.52,64.98,65.41,531035
2026-03-10 09:32:36,63.75,64.64,63.26,63.58,388425
2026-03-10 09:42:36,59.09,59.3,59.08,59.18,471120
2026-03-10 09:52:36,54.19,54.72,54.12,54.12,568116
2026-03-10 10:02:36,53.11,53.13,52.84,52.88,381356
2026-03-10 10:12:36,61.34,61.47,60.64,60.95,508494
2026-03-10 10:22:36,54.76,54.78,54.13,54.78,325201
2026-03-10 10:32:36,56.33,56.55,55.88,56.38,148892
2026-03-10 10:42:36,54.02,55.02,53.81,54.12,605896
2026-03-10 10:52:36,59.65,60.18,59.42,59.76,240000
2026-03-10 11:02:36,103.61,103.76,102.95,103.28,387447
2026-03-10 11:12:36,102.66,102.76,101.81,102.38,451210
2026-03-10 11:22:36,106.78,107.33,106.67,107.13,375927
2026-03-10 11:32:36,107.2,107.37,106.47,107.31,109198
2026-03-10 11:42:36,109.33,109.33,108.93,109.24,364614
2026-03-10 11:52:36,105.43,105.47,105.07,105.31,478321
2026-03-10 12:02:36,108.52,108.72,107.52,108.54,108175
2026-03-10 12:12:36,108.35,109.07,107.26,107.65,255514
2026-03-10 12:22:36,109.12,109.42,108.34,109.34,338286
2026-03-10 12:32:36,109.39,110.62,109.25,109.66,331193
2026-03-10 12:42:36,108.42,108.58,108.22,108.22,293005
2026-03-10 12:52:36,110.66,111.35,110.66,111.12,459000
2026-03-10 13:02:36,111.19,111.7,110.65,110.94,349581
2026-03-10 13:12:36,103.95,104.98,103.6,103.6,416166
2026-03-10 13:22:36,108.39,108.77,108.11,108.11,257442
2026-03-10 13:32:36,103.49,104.36,103.2,104.2,252364
2026-03-10 13:42:36,107.82,108.4,107.38,108.0,500049
2026-03-10 13:52:36,106.65,107.08,106.31,106.52,243651
2026-03-10 14:02:36,66.88,66.88,66.1,66.74,475136
2026-03-10 14:12:36,62.42,62.59,62.18,62.43,572032
2026-03-10 14:22:36,54.62,55.04,54.32,54.64,516159
2026-03-10 14:32:36,57.69,57.82,57.41,57.41,195679
2026-03-10 14:42:36,57.96,58.14,57.19,57.71,304093
2026-03-10 14:52:36,64.18,64.34,63.94,64.19,403410
2026-03-10 15:02:36,53.8,54.12,53.77,54.12,665986
2026-03-10 15:12:36,55.17,55.19,54.73,55.19,154129
2026-03-10 15:22:36,60.66,60.84,60.66,60.76,643376
2026-03-10 15:32:36,67.65,67.82,67.61,67.82,648557
2026-03-10 15:42:36,80.27,80.92,80.14,80.14,502052
2026-03-10 15:52:36,88.68,88.94,88.06,88.31,263551
2026-03-11 09:32:36,88.64,88.83,88.16,88.83,439555
2026-03-11 09:42:36,92.58,92.81,91.68,92.34,162958
2026-03-11 09:52:36,92.73,92.73,92.2,92.5,545233
2026-03-11 10:02:36,95.43,95.43,94.18,95.3,206846
2026-03-11 10:12:36,98.54,99.41,98.39,98.89,341944
2026-03-11 10:22:36,92.56,93.24,92.45,92.59,410926
2026-03-11 10:32:36,86.6,86.67,85.3,86.15,460907
2026-03-11 10:42:36,93.52,94.46,93.52,93.9,267286
2026-03-11 10:52:36,90.74,91.86,90.74,90.88,332084
2026-03-11 11:02:36,120.51,121.07,120.51,120.59,165750
2026-03-11 11:12:36,122.59,123.08,122.47,122.83,229533
2026-03-11 11:22:36,122.15,123.69,122.15,122.76,113831
2026-03-11 11:32:36,123.89,124.52,123.27,123.82,318348
2026-03-11 11:42:36,123.25,123.59,122.38,123.36,221858
2026-03-11 11:52:36,122.35,122.66,122.03,122.66,410715
2026-03-11 12:02:36,122.44,122.73,121.86,122.24,232713
2026-03-11 12:12:36,122.21,122.34,121.93,122.21,282878
2026-03-11 12:22:36,119.34,119.77,117.86,119.43,139132
2026-03-11 12:32:36,117.58,117.58,116.29,116.84,232454
2026-03-11 12:42:36,125.23,126.34,125.23,125.51,313298
2026-03-11 12:52:36,130.63,131.55,130.63,130.81,124820
2026-03-11 13:02:36,131.38,132.01,130.37,131.53,151698
2026-03-11 13:12:36,131.46,132.26,130.65,131.31,350038
2026-03-11 13:22:36,130.93,132.52,130.14,131.19,369830
2026-03-11 13:32:36,136.66,136.69,135.62,136.05,103400
2026-03-11 13:42:36,137.44,138.24,137.21,137.55,152449
2026-03-11 13:52:36,137.28,138.21,136.98,136.98,198260
2026-03-11 14:02:36,116.06,117.23,115.07,115.88,211019
2026-03-11 14:12:36,118.63,119.08,118.13,118.28,114328
2026-03-11 14:22:36,118.47,119.48,118.4,118.59,352335
2026-03-11 14:32:36,122.51,122.9,121.86,122.63,263411
2026-03-11 14:42:36,126.55,127.33,126.55,127.08,310848
2026-03-11 14:52:36,124.17,125.79,123.41,123.66,296223
2026-03-11 15:02:36,126.84,127.28,125.81,127.28,43645
2026-03-11 15:12:36,131.64,131.68,130.99,131.68,56445
2026-03-11 15:22:36,117.86,118.37,117.76,117.9,194890
2026-03-11 15:32:36,122.64,122.92,122.22,122.79,71126
2026-03-11 15:42:36,124.1,124.98,123.72,124.66,348225
2026-03-11 15:52:36,121.43,121.98,121.0,121.63,116373
2026-03-12 09:32:36,121.9,122.26,121.07,121.17,210482
2026-03-12 09:42:36,123.69,124.36,123.48,123.61,86850
2026-03-12 09:52:36,126.05,126.05,125.53,125.79,65225
2026-03-12 10:02:36,119.49,119.95,118.91,119.21,80139
2026-03-12 10:12:36,120.6,120.6,119.84,120.15,48890
2026-03-12 10:22:36,131.46,131.71,131.2,131.21,267284
2026-03-12 10:32:36,129.32,129.73,129.11,129.34,356336
2026-03-12 10:42:36,119.74,120.65,118.76,119.62,46907
2026-03-12 10:52:36,126.67,127.31,126.01,126.06,372043
2026-03-12 11:02:36,153.52,154.9,153.21,154.36,98812
2026-03-12 11:12:36,155.08,155.47,154.29,154.78,157328
2026-03-12 11:22:36,154.98,156.11,154.88,155.35,183272
2026-03-12 11:32:36,154.79,155.93,154.47,154.47,205089
2026-03-12 11:42:36,159.04,159.24,156.98,158.44,58451
2026-03-12 11:52:36,160.87,162.2,159.67,160.91,77655
2026-03-12 12:02:36,168.44,169.8,168.08,168.47,64797
2026-03-12 12:12:36,164.67,165.87,164.35,164.97,127988
2026-03-12 12:22:36,167.92,168.47,166.46,167.75,40221
2026-03-12 12:32:36,165.29,166.56,164.74,165.05,39177
2026-03-12 12:42:36,170.85,171.5,169.54,171.16,72800
2026-03-12 12:52:36,170.23,170.23,168.87,169.58,38964
2026-03-12 13:02:36,166.56,166.56,165.51,165.99,132592
2026-03-12 13:12:36,166.13,166.76,165.22,165.22,113998
2026-03-12 13:22:36,160.27,161.25,159.88,161.05,106332
2026-03-12 13:32:36,164.77,164.99,164.63,164.65,23216
2026-03-12 13:42:36,160.66,161.08,158.59,159.77,173379
2026-03-12 13:52:36,162.0,163.5,161.86,162.49,143165
2026-03-12 14:02:36,144.59,144.59,142.07,143.92,282001
2026-03-12 14:12:36,157.27,158.48,157.12,157.53,133756
2026-03-12 14:22:36,161.07,161.8,161.07,161.72,26176
2026-03-12 14:32:36,159.74,159.74,157.95,159.36,65164
2026-03-12 14:42:36,159.5,161.67,158.06,159.24,208227
2026-03-12 14:52:36,159.18,159.77,158.49,159.6,25782
2026-03-12 15:02:36,164.25,164.99,164.04,164.99,172773
2026-03-12 15:12:36,166.93,167.44,166.48,166.63,87029
2026-03-12 15:22:36,168.26,169.5,167.61,167.94,58975
2026-03-12 15:32:36,173.94,174.37,173.56,173.71,31784
2026-03-12 15:42:36,169.06,169.91,168.4,169.03,105011
2026-03-12 15:52:36,169.75,170.06,169.34,169.62,67395
2026-03-13 09:32:36,178.54,178.54,177.4,177.71,14029
2026-03-13 09:42:36,179.61,179.61,178.48,179.53,47336
2026-03-13 09:52:36,170.11,172.18,168.9,168.9,55196
2026-03-13 10:02:36,179.52,180.51,179.11,180.17,10866
2026-03-13 10:12:36,183.32,183.32,181.51,182.94,77663
2026-03-13 10:22:36,194.64,194.73,192.92,194.55,97934
2026-03-13 10:32:36,194.02,194.02,193.02,193.72,29181
2026-03-13 10:42:36,192.98,193.79,192.65,193.37,61470
2026-03-13 10:52:36,196.11,197.33,195.4,195.89,45199
2026-03-13 11:02:36,193.5,194.57,192.27,193.88,75390
2026-03-13 11:12:36,188.2,188.2,187.22,188.09,98727
2026-03-13 11:22:36,188.32,188.82,187.58,188.82,18654
2026-03-13 11:32:36,192.05,193.3,191.57,191.57,45670
2026-03-13 11:42:36,193.41,195.19,192.43,193.89,118243
2026-03-13 11:52:36,195.27,196.14,195.27,195.68,97176
2026-03-13 12:02:36,201.89,201.89,199.74,201.06,46776
2026-03-13 12:12:36,203.59,204.58,202.25,204.58,206344
2026-03-13 12:22:36,204.71,204.91,204.33,204.91,102616
2026-03-13 12:32:36,202.18,202.18,200.63,201.87,164244
2026-03-13 12:42:36,202.22,202.22,200.21,200.91,28927
2026-03-13 12:52:36,204.22,204.23,202.17,203.85,171339
2026-03-13 13:02:36,206.2,206.37,203.72,205.78,162149
2026-03-13 13:12:36,208.07,208.61,208.07,208.35,234529
2026-03-13 13:22:36,214.6,214.97,213.96,214.56,248609
2026-03-13 13:32:36,218.03,218.13,217.15,218.13,216286
2026-03-13 13:42:36,219.19,219.56,218.3,219.04,228872
2026-03-13 13:52:36,223.93,225.5,223.22,224.96,176859
2026-03-13 14:02:36,236.52,238.88,236.43,236.64,159721
2026-03-13 14:12:36,241.19,242.39,240.36,241.43,325538
2026-03-13 14:22:36,244.22,245.37,243.97,243.97,373146
2026-03-13 14:32:36,247.47,247.85,246.03,247.34,459133
2026-03-13 14:42:36,252.12,253.54,251.39,251.39,101154
2026-03-13 14:52:36,253.96,253.96,253.06,253.56,440754
2026-03-13 15:02:36,251.11,252.8,251.11,252.05,176325
2026-03-13 15:12:36,246.14,248.29,246.14,247.32,171653
2026-03-13 15:22:36,248.6,250.25,248.6,249.2,369589
2026-03-13 15:32:36,254.56,255.78,254.4,255.78,370089
2026-03-13 15:42:36,260.96,260.96,259.28,259.49,334999
2026-03-13 15:52:36,261.71,262.45,261.43,262.45,190250
2026-03-16 09:32:36,259.62,260.37,257.87,259.19,522533
2026-03-16 09:42:36,263.27,263.63,261.1,262.85,60039
2026-03-16 09:52:36,262.16,265.72,260.19,262.41,171424
2026-03-16 10:02:36,259.08,261.56,258.46,259.55,396011
2026-03-16 10:12:36,268.48,268.48,266.93,268.4,253644
2026-03-16 10:22:36,268.42,269.48,268.21,268.21,317705
2026-03-16 10:32:36,271.25,271.25,269.67,270.02,374757
2026-03-16 10:42:36,274.41,275.85,273.51,275.66,529725
2026-03-16 10:52:36,278.51,279.05,277.08,279.05,561454
2026-03-16 11:02:36,254.55,254.55,253.75,254.36,436507
2026-03-16 11:12:36,252.87,255.01,252.87,253.79,71642
2026-03-16 11:22:36,251.13,251.43,250.76,251.43,114387
2026-03-16 11:32:36,252.96,255.78,251.34,252.34,432088
2026-03-16 11:42:36,257.66,258.5,257.19,257.61,251045
2026-03-16 11:52:36,258.56,259.83,257.3,257.49,219878
2026-03-16 12:02:36,252.64,253.6,251.84,252.85,348037
2026-03-16 12:12:36,260.38,261.68,260.03,261.68,144171
2026-03-16 12:22:36,261.83,262.16,261.29,261.84,188241
2026-03-16 12:32:36,263.03,264.74,261.85,264.74,461735
2026-03-16 12:42:36,266.42,267.8,265.87,266.98,304261
2026-03-16 12:52:36,266.0,267.38,264.97,266.62,169583
2026-03-16 13:02:36,261.84,266.08,261.84,262.8,282385
2026-03-16 13:12:36,267.49,270.3,264.96,268.11,224719
2026-03-16 13:22:36,268.9,270.15,268.03,269.07,512482
2026-03-16 13:32:36,271.07,273.95,270.16,271.89,207053
2026-03-16 13:42:36,273.79,278.11,273.77,273.8,587822
2026-03-16 13:52:36,280.26,280.93,279.09,280.29,387395
2026-03-16 14:02:36,311.27,313.17,311.03,313.17,544941
2026-03-16 14:12:36,304.5,305.33,303.61,304.94,394683
2026-03-16 14:22:36,306.25,306.35,304.14,305.98,558794
2026-03-16 14:32:36,309.45,309.45,308.04,309.34,701150
2026-03-16 14:42:36,311.11,311.62,309.18,310.62,506933
2026-03-16 14:52:36,315.04,316.16,313.63,313.63,821533
2026-03-16 15:02:36,316.27,318.06,316.05,316.05,319034
2026-03-16 15:12:36,324.68,324.68,322.71,322.82,468172
2026-03-16 15:22:36,322.27,324.0,322.26,322.74,444036
2026-03-16 15:32:36,316.6,316.6,314.11,314.11,123081
2026-03-16 15:42:36,317.19,322.52,316.87,319.88,341052
2026-03-16 15:52:36,332.57,333.97,331.01,333.97,829047
2026-03-17 09:32:36,334.2,337.21,334.2,335.52,198741
2026-03-17 09:42:36,338.68,342.23,337.4,338.99,331101
2026-03-17 09:52:36,344.49,344.49,341.25,342.27,950347
2026-03-17 10:02:36,349.48,350.38,348.74,349.67,261383
2026-03-17 10:12:36,343.81,346.45,343.31,344.54,447972
2026-03-17 10:22:36,347.57,347.94,342.96,346.89,797936
2026-03-17 10:32:36,345.43,347.68,344.05,344.59,982640
2026-03-17 10:42:36,353.49,355.21,353.49,355.16,1009449
2026-03-17 10:52:36,349.34,352.49,348.89,350.07,387028
2026-03-17 11:02:36,299.01,303.24,298.38,299.59,462012
2026-03-17 11:12:36,303.99,306.83,303.82,304.47,658284
2026-03-17 11:22:36,303.62,303.62,301.66,302.95,713533
2026-03-17 11:32:36,304.96,307.11,303.68,305.46,742913
2026-03-17 11:42:36,309.18,309.18,305.45,307.67,544577
2026-03-17 11:52:36,311.59,311.79,309.52,309.52,680400
2026-03-17 12:02:36,311.71,312.98,311.71,312.78,202994
2026-03-17 12:12:36,314.7,315.04,313.82,315.04,506754
2026-03-17 12:22:36,312.56,314.72,311.33,313.32,348590
2026-03-17 12:32:36,314.58,315.97,312.24,312.92,525130
2026-03-17 12:42:36,306.58,308.77,304.99,307.65,476305
2026-03-17 12:52:36,307.63,307.65,305.63,306.33,756509
2026-03-17 13:02:36,309.71,311.46,309.71,310.89,763937
2026-03-17 13:12:36,309.35,309.76,307.02,309.76,245438
2026-03-17 13:22:36,307.45,307.45,306.12,307.39,472453
2026-03-17 13:32:36,305.67,306.07,303.2,305.8,549806
2026-03-17 13:42:36,301.61,302.66,300.13,302.32,665051
2026-03-17 13:52:36,311.02,311.02,309.71,310.31,714945
2026-03-17 14:02:36,366.71,369.58,366.71,368.72,1048514
2026-03-17 14:12:36,367.08,371.64,367.08,367.38,427612
2026-03-17 14:22:36,368.0,370.72,366.33,369.08,294506
2026-03-17 14:32:36,373.27,376.83,371.01,373.48,851569
2026-03-17 14:42:36,371.02,372.74,370.84,372.74,186101
2026-03-17 14:52:36,382.64,383.03,381.12,381.12,730445
2026-03-17 15:02:36,379.48,381.84,378.96,379.72,142433
2026-03-17 15:12:36,381.49,381.49,379.19,379.56,664153
2026-03-17 15:22:36,373.52,373.52,370.48,372.68,433201
2026-03-17 15:32:36,367.83,370.62,365.59,367.23,554385
2026-03-17 15:42:36,365.6,366.91,365.35,366.91,459012
2026-03-17 15:52:36,368.48,368.67,367.95,368.67,1080311
2026-03-18 09:32:36,370.97,370.97,369.66,370.18,294347
2026-03-18 09:42:36,378.83,380.38,375.87,378.08,519386
2026-03-18 09:52:36,370.37,373.74,368.32,368.32,153825
2026-03-18 10:02:36,366.07,369.11,364.48,365.71,723817
2026-03-18 10:12:36,363.24,367.29,363.24,365.39,904076
2026-03-18 10:22:36,371.62,371.87,369.73,369.73,294699
2026-03-18 10:32:36,374.97,375.73,371.27,373.37,166694
2026-03-18 10:42:36,367.71,368.82,365.39,367.2,639345
2026-03-18 10:52:36,365.77,367.73,365.6,365.6,479226
2026-03-18 11:02:36,306.73,307.92,306.27,306.52,269912
2026-03-18 11:12:36,301.58,302.47,300.54,301.01,663610
2026-03-18 11:22:36,296.53,298.09,296.02,296.02,619632
2026-03-18 11:32:36,290.83,291.83,290.51,290.51,389077
2026-03-18 11:42:36,295.17,295.38,292.8,294.55,107416
2026-03-18 11:52:36,295.64,296.85,293.49,293.49,444603
2026-03-18 12:02:36,293.46,294.37,291.25,292.69,369747
2026-03-18 12:12:36,285.51,285.51,283.38,284.97,529325
2026-03-18 12:22:36,282.23,282.43,280.73,281.88,489184
2026-03-18 12:32:36,293.27,293.27,291.77,292.94,508620
2026-03-18 12:42:36,290.76,293.07,290.76,293.07,600964
2026-03-18 12:52:36,291.89,292.31,290.93,291.11,624823
2026-03-18 13:02:36,290.64,293.12,290.64,292.04,83473
2026-03-18 13:12:36,287.3,288.38,285.41,285.41,194624
2026-03-18 13:22:36,284.95,285.44,281.92,283.6,319483
2026-03-18 13:32:36,286.3,287.84,286.3,286.99,287712
2026-03-18 13:42:36,288.64,290.11,288.64,289.65,448394
2026-03-18 13:52:36,286.43,286.73,285.82,286.69,462024
2026-03-18 14:02:36,329.31,330.81,327.64,327.64,754648
2026-03-18 14:12:36,335.93,336.97,335.14,336.11,575226
2026-03-18 14:22:36,329.56,329.87,329.1,329.87,223947
2026-03-18 14:32:36,320.79,320.92,318.92,319.6,577592
2026-03-18 14:42:36,317.17,317.29,312.08,316.2,585852
2026-03-18 14:52:36,314.72,315.47,313.24,314.31,705799
2026-03-18 15:02:36,324.89,324.93,323.85,324.9,644664
2026-03-18 15:12:36,329.71,333.4,329.13,331.14,440638
2026-03-18 15:22:36,338.73,339.71,337.41,339.71,477302
2026-03-18 15:32:36,337.08,338.88,337.07,337.07,521169
2026-03-18 15:42:36,328.89,328.89,326.26,328.71,851040
2026-03-18 15:52:36,325.85,325.85,322.65,322.65,843877
2026-03-19 09:32:36,324.61,329.68,323.99,327.77,299548
2026-03-19 09:42:36,322.75,325.31,322.75,324.23,658829
2026-03-19 09:52:36,312.75,313.9,310.72,313.9,415242
2026-03-19 10:02:36,315.51,315.79,314.82,315.21,373792
2026-03-19 10:12:36,309.64,310.17,308.11,308.11,208351
2026-03-19 10:22:36,308.42,308.42,307.36,307.61,698669
2026-03-19 10:32:36,308.51,309.46,306.55,309.26,150106
2026-03-19 10:42:36,305.25,305.25,302.64,302.64,289425
2026-03-19 10:52:36,295.81,297.05,294.71,296.53,742146
2026-03-19 11:02:36,261.25,262.83,261.25,262.55,373306
2026-03-19 11:12:36,258.17,259.67,256.97,258.66,194780
2026-03-19 11:22:36,256.13,257.94,256.13,257.25,274201
2026-03-19 11:32:36,255.42,256.41,254.2,255.02,87261
2026-03-19 11:42:36,258.25,259.25,258.07,258.61,374834
2026-03-19 11:52:36,257.38,258.4,255.38,257.24,353684
2026-03-19 12:02:36,268.59,270.12,267.28,267.65,432072
2026-03-19 12:12:36,265.76,266.69,264.68,265.54,107819
2026-03-19 12:22:36,264.01,264.62,262.66,264.1,546532
2026-03-19 12:32:36,261.64,263.39,261.64,261.73,232492
2026-03-19 12:42:36,262.22,263.32,262.22,263.32,521352
2026-03-19 12:52:36,256.48,257.9,255.63,256.63,147866
2026-03-19 13:02:36,254.0,254.0,251.92,252.98,57278
2026-03-19 13:12:36,257.21,259.24,257.02,257.11,153350
2026-03-19 13:22:36,264.08,265.9,264.08,264.92,197360
2026-03-19 13:32:36,265.97,268.58,265.97,267.79,352775
2026-03-19 13:42:36,265.15,265.15,263.49,264.41,566828
2026-03-19 13:52:36,264.15,265.04,261.43,263.44,325149
2026-03-19 14:02:36,298.26,299.96,297.71,299.34,742182
2026-03-19 14:12:36,301.23,303.08,299.19,300.32,495034
2026-03-19 14:22:36,296.13,298.98,295.82,295.82,740684
2026-03-19 14:32:36,307.75,308.62,306.45,307.6,163469
2026-03-19 14:42:36,311.58,313.74,311.31,312.45,87176
2026-03-19 14:52:36,311.96,312.11,310.32,311.45,193473
2026-03-19 15:02:36,310.77,313.0,310.77,312.14,820202
2026-03-19 15:12:36,312.52,313.2,311.09,312.89,743094
2026-03-19 15:22:36,320.44,321.92,320.18,320.69,130391
2026-03-19 15:32:36,321.92,324.09,319.66,321.89,648065
2026-03-19 15:42:36,326.82,328.98,324.54,326.26,205193
2026-03-19 15:52:36,327.67,328.97,327.67,328.27,251506
2026-03-20 09:32:36,322.9,325.68,321.8,324.45,213807
2026-03-20 09:42:36,324.27,326.76,321.51,323.4,732356
2026-03-20 09:52:36,314.73,314.8,312.21,312.21,588547
2026-03-20 10:02:36,309.28,309.28,306.27,307.45,446899
2026-03-20 10:12:36,302.39,302.53,300.02,300.02,351181
2026-03-20 10:22:36,301.59,304.12,300.48,303.32,686875
2026-03-20 10:32:36,296.17,297.9,296.17,297.26,305858
2026-03-20 10:42:36,294.41,296.3,293.86,296.3,221568
2026-03-20 10:52:36,294.52,295.67,293.77,295.67,468812
2026-03-20 11:02:36,264.5,265.98,261.77,263.36,339881
2026-03-20 11:12:36,263.17,265.34,260.76,263.39,303804
2026-03-20 11:22:36,261.91,261.91,261.44,261.89,107045
2026-03-20 11:32:36,263.98,263.98,263.12,263.12,179745
2026-03-20 11:42:36,264.21,264.21,262.24,262.48,417235
2026-03-20 11:52:36,257.11,258.28,257.11,258.22,267258
2026-03-20 12:02:36,259.67,260.09,259.36,259.67,445109
2026-03-20 12:12:36,259.07,260.76,259.07,260.76,479898
2026-03-20 12:22:36,256.03,256.84,254.73,256.84,342938
2026-03-20 12:32:36,253.92,254.08,253.66,253.66,293340
2026-03-20 12:42:36,254.17,254.51,252.3,254.49,149638
2026-03-20 12:52:36,247.64,247.86,246.89,247.64,382910
2026-03-20 13:02:36,250.38,250.98,249.66,250.69,168279
2026-03-20 13:12:36,251.94,253.54,250.97,252.48,188911
2026-03-20 13:22:36,257.87,260.05,257.33,257.33,214569
2026-03-20 13:32:36,250.48,250.76,248.35,250.76,211026
2026-03-20 13:42:36,247.69,250.78,247.69,248.75,102951
2026-03-20 13:52:36,250.12,251.36,250.1,251.36,384583
2026-03-20 14:02:36,280.58,280.58,278.75,278.75,455185
2026-03-20 14:12:36,277.78,278.8,277.78,277.96,598353
2026-03-20 14:22:36,277.39,278.59,277.39,278.59,471052
2026-03-20 14:32:36,270.79,271.83,270.79,271.77,540501
2026-03-20 14:42:36,271.17,271.71,269.79,271.62,559921
2026-03-20 14:52:36,262.9,264.96,262.9,263.17,511042
2026-03-20 15:02:36,268.54,269.65,268.07,268.65,412375
2026-03-20 15:12:36,273.55,274.49,272.02,272.02,95490
2026-03-20 15:22:36,278.3,281.06,278.3,279.53,595185
2026-03-20 15:32:36,289.58,289.9,288.22,288.22,558737
2026-03-20 15:42:36,283.69,285.03,283.63,284.68,258667
2026-03-20 15:52:36,271.37,274.09,271.37,272.07,250060
2026-03-23 09:32:36,270.39,271.23,270.19,271.23,529825
2026-03-23 09:42:36,267.13,267.61,266.57,267.15,444505
2026-03-23 09:52:36,266.67,267.72,265.04,266.57,398092
2026-03-23 10:02:36,263.86,265.71,261.87,265.71,383401
2026-03-23 10:12:36,268.34,268.34,266.53,267.24,405870
2026-03-23 10:22:36,268.51,270.58,267.44,268.88,293856
2026-03-23 10:32:36,260.47,262.4,259.5,262.4,364966
2026-03-23 10:42:36,258.16,259.31,257.68,257.7,121945
2026-03-23 10:52:36,259.32,260.18,258.49,260.18,168163
2026-03-23 11:02:36,244.36,244.38,242.69,243.84,373221
2026-03-23 11:12:36,248.69,249.35,248.07,249.35,461871
2026-03-23 11:22:36,248.47,249.5,247.64,247.8,222516
2026-03-23 11:32:36,244.53,246.81,244.53,245.03,216431
2026-03-23 11:42:36,248.32,250.59,247.57,248.08,222487
2026-03-23 11:52:36,249.21,251.35,248.8,248.8,252678
2026-03-23 12:02:36,247.46,248.38,247.0,248.15,138321
2026-03-23 12:12:36,248.65,249.78,247.91,248.47,379623
2026-03-23 12:22:36,246.91,247.53,245.5,245.5,158953
2026-03-23 12:32:36,248.78,250.75,247.96,249.75,74403
2026-03-23 12:42:36,251.26,253.19,248.8,251.22,453032
2026-03-23 12:52:36,252.39,252.39,250.66,250.66,436185
2026-03-23 13:02:36,251.27,251.27,248.64,250.14,143374
2026-03-23 13:12:36,242.89,244.89,242.89,244.89,276948
2026-03-23 13:22:36,244.21,244.97,241.95,244.97,451803
2026-03-23 13:32:36,242.42,245.21,240.03,241.85,148174
2026-03-23 13:42:36,242.77,244.34,241.53,241.81,362214
2026-03-23 13:52:36,238.73,239.35,236.51,237.26,196569
2026-03-23 14:02:36,257.05,259.06,257.05,258.7,430673
2026-03-23 14:12:36,265.32,265.32,263.92,263.93,102135
2026-03-23 14:22:36,271.26,274.46,269.36,270.81,512184
2026-03-23 14:32:36,273.91,278.82,273.91,276.19,419364
2026-03-23 14:42:36,280.96,281.53,277.62,279.03,483986
2026-03-23 14:52:36,278.29,279.31,278.29,279.04,92075
2026-03-23 15:02:36,286.26,286.26,284.16,284.95,685495
2026-03-23 15:12:36,291.74,291.91,288.45,289.53,89308
2026-03-23 15:22:36,293.37,293.55,292.17,293.49,208383
2026-03-23 15:32:36,283.7,284.54,283.7,284.54,237058
2026-03-23 15:42:36,277.65,280.09,277.43,277.43,128416
2026-03-23 15:52:36,273.83,275.86,273.83,275.86,152104
2026-03-24 09:32:36,275.02,277.08,275.02,275.7,445792
2026-03-24 09:42:36,283.19,284.31,283.19,283.37,253243
2026-03-24 09:52:36,273.21,276.81,272.46,274.42,284046
2026-03-24 10:02:36,265.96,268.16,263.57,266.93,454940
2026-03-24 10:12:36,266.03,266.14,264.15,265.64,105575
2026-03-24 10:22:36,268.28,268.28,266.55,266.55,155703
2026-03-24 10:32:36,270.02,270.87,268.54,270.87,561106
2026-03-24 10:42:36,267.64,269.14,265.67,268.1,581984
2026-03-24 10:52:36,266.85,267.72,266.16,266.5,66104
2026-03-24 11:02:36,241.94,243.07,240.23,241.51,66378
2026-03-24 11:12:36,241.04,241.95,239.54,239.84,210112
2026-03-24 11:22:36,241.69,243.72,241.69,243.1,303867
2026-03-24 11:32:36,243.45,245.09,242.73,243.62,437772
2026-03-24 11:42:36,246.13,247.13,243.2,244.98,464868
2026-03-24 11:52:36,250.72,251.85,250.04,250.21,382276
2026-03-24 12:02:36,249.39,251.36,249.39,250.2,460874
2026-03-24 12:12:36,253.21,254.16,250.82,252.43,67449
2026-03-24 12:22:36,244.37,247.08,244.37,246.12,238649
2026-03-24 12:32:36,247.55,248.98,246.09,246.09,51631
2026-03-24 12:42:36,247.85,248.03,247.24,247.47,255337
2026-03-24 12:52:36,252.1,253.98,251.34,253.24,88714
2026-03-24 13:02:36,253.04,255.26,252.16,253.53,312168
2026-03-24 13:12:36,254.48,257.41,251.85,255.23,326036
2026-03-24 13:22:36,248.12,248.83,247.58,248.76,112944
2026-03-24 13:32:36,244.28,245.13,242.22,245.13,255019
2026-03-24 13:42:36,243.76,243.76,242.59,242.59,236920
2026-03-24 13:52:36,242.28,243.01,241.76,242.25,280605
2026-03-24 14:02:36,257.4,258.83,257.3,258.63,302772
2026-03-24 14:12:36,255.22,258.17,253.45,255.29,262022
2026-03-24 14:22:36,246.28,249.97,245.1,246.77,417172
2026-03-24 14:32:36,251.0,251.5,250.11,251.3,312537
2026-03-24 14:42:36,259.71,260.62,258.62,260.6,509825
2026-03-24 14:52:36,270.32,271.26,269.49,269.49,279004
2026-03-24 15:02:36,276.19,276.26,275.23,276.26,399052
2026-03-24 15:12:36,276.75,277.35,276.16,277.35,328689
2026-03-24 15:22:36,271.93,273.35,270.06,272.01,519155
2026-03-24 15:32:36,286.36,286.77,285.2,286.77,569130
2026-03-24 15:42:36,291.83,292.06,288.96,291.89,80913
2026-03-24 15:52:36,296.47,301.21,295.95,296.95,371308
2026-03-25 09:32:36,286.86,287.66,285.82,287.22,272043
2026-03-25 09:42:36,291.53,295.35,291.53,293.21,159562
2026-03-25 09:52:36,297.2,298.05,297.2,297.45,298671
2026-03-25 10:02:36,292.53,293.78,291.58,293.78,310776
2026-03-25 10:12:36,287.26,287.64,286.07,287.0,665673
2026-03-25 10:22:36,283.84,286.62,282.69,282.69,555103
2026-03-25 10:32:36,280.78,281.03,277.17,280.59,277626
2026-03-25 10:42:36,284.4,284.89,281.45,284.74,452400
2026-03-25 10:52:36,285.93,287.09,284.04,286.66,383906
2026-03-25 11:02:36,255.19,256.35,254.4,254.4,123340
2026-03-25 11:12:36,250.7,253.6,250.7,251.27,388644
2026-03-25 11:22:36,255.1,256.07,252.66,255.32,332350
2026-03-25 11:32:36,254.38,254.83,253.94,254.18,204761
2026-03-25 11:42:36,259.43,259.43,257.96,258.24,312232
2026-03-25 11:52:36,255.65,257.03,255.16,256.4,432097
2026-03-25 12:02:36,256.97,259.05,256.83,257.07,395779
2026-03-25 12:12:36,255.64,257.86,255.59,256.22,415326
2026-03-25 12:22:36,258.28,260.42,258.28,260.38,168001
2026-03-25 12:32:36,262.19,262.46,261.02,262.41,169204
2026-03-25 12:42:36,260.99,261.08,258.69,260.28,120559
2026-03-25 12:52:36,256.15,258.05,255.93,258.05,460750
2026-03-25 13:02:36,258.94,258.94,257.83,257.83,235063
2026-03-25 13:12:36,258.27,258.36,256.28,257.61,227118
2026-03-25 13:22:36,253.33,254.2,252.25,253.27,109889
2026-03-25 13:32:36,247.72,248.56,245.07,247.78,200132
2026-03-25 13:42:36,247.14,248.42,246.11,248.42,122964
2026-03-25 13:52:36,252.69,252.95,250.64,251.3,365412
2026-03-25 14:02:36,280.59,283.04,279.83,281.35,230383
2026-03-25 14:12:36,292.86,294.91,292.4,292.7,488043
2026-03-25 14:22:36,289.09,289.53,287.94,287.98,349290
2026-03-25 14:32:36,282.17,282.98,282.17,282.2,645219
2026-03-25 14:42:36,288.77,290.65,288.31,290.29,492150
2026-03-25 14:52:36,289.4,290.74,287.09,290.74,643688
2026-03-25 15:02:36,293.33,295.41,291.19,292.93,320962
2026-03-25 15:12:36,289.64,291.04,287.21,291.04,620243
2026-03-25 15:22:36,281.94,283.44,281.62,282.28,329175
2026-03-25 15:32:36,276.25,277.68,275.34,275.4,543959
2026-03-25 15:42:36,263.4,264.95,261.25,264.08,529177
2026-03-25 15:52:36,259.33,259.53,258.03,258.46,308499
2026-03-26 09:32:36,267.15,268.62,266.14,267.85,190130
2026-03-26 09:42:36,274.74,274.77,272.76,274.77,313457
2026-03-26 09:52:36,272.01,273.39,271.93,273.39,153535
2026-03-26 10:02:36,271.3,271.96,269.48,269.48,139612
2026-03-26 10:12:36,272.97,274.29,272.69,272.96,385771
2026-03-26 10:22:36,274.47,275.51,273.57,274.77,191306
2026-03-26 10:32:36,273.5,275.16,273.41,273.42,283145
2026-03-26 10:42:36,272.61,274.96,272.61,273.04,132477
2026-03-26 10:52:36,270.18,272.42,269.83,271.14,438389
2026-03-26 11:02:36,243.61,244.34,241.93,243.21,116301
2026-03-26 11:12:36,247.46,248.94,246.65,248.72,146978
2026-03-26 11:22:36,251.37,251.95,250.27,251.22,319618
2026-03-26 11:32:36,252.47,253.07,250.93,251.33,280455
2026-03-26 11:42:36,247.89,249.01,246.29,248.39,298609
2026-03-26 11:52:36,253.67,255.84,253.48,255.41,370581
2026-03-26 12:02:36,248.38,248.92,247.68,247.68,409845
2026-03-26 12:12:36,247.86,249.59,247.86,248.61,169542
2026-03-26 12:22:36,244.23,244.85,243.38,243.5,310679
2026-03-26 12:32:36,244.19,244.25,242.58,243.56,307655
2026-03-26 12:42:36,245.18,246.21,244.09,244.09,307374
2026-03-26 12:52:36,247.31,249.32,246.05,247.65,349345
2026-03-26 13:02:36,246.46,246.89,245.52,245.52,63414
2026-03-26 13:12:36,244.33,245.8,243.22,244.33,224904
2026-03-26 13:22:36,241.2,243.25,238.93,241.55,163769
2026-03-26 13:32:36,237.28,237.56,235.69,237.42,328439
2026-03-26 13:42:36,239.07,241.61,239.07,239.37,71786
2026-03-26 13:52:36,244.49,245.56,242.73,243.49,302789
2026-03-26 14:02:36,259.09,260.8,257.88,257.88,364514
2026-03-26 14:12:36,263.06,263.1,262.41,262.41,273374
2026-03-26 14:22:36,268.76,270.52,266.74,267.75,200077
2026-03-26 14:32:36,262.75,264.83,261.35,263.74,118987
2026-03-26 14:42:36,261.87,264.21,261.87,264.15,414160
2026-03-26 14:52:36,267.18,267.92,265.74,265.74,502821
2026-03-26 15:02:36,266.42,266.78,266.17,266.42,485432
2026-03-26 15:12:36,272.94,273.98,272.54,273.98,511950
2026-03-26 15:22:36,276.28,276.83,275.57,276.83,147227
2026-03-26 15:32:36,279.91,281.12,279.26,279.26,632299
2026-03-26 15:42:36,281.17,281.17,278.99,278.99,524740
2026-03-26 15:52:36,281.07,282.67,279.08,280.86,450483
2026-03-27 09:32:36,283.03,284.67,280.69,283.77,659448
2026-03-27 09:42:36,293.89,293.89,291.45,293.12,566602
2026-03-27 09:52:36,293.64,294.94,292.51,293.77,296697
2026-03-27 10:02:36,289.22,292.13,289.22,290.43,117410
2026-03-27 10:12:36,283.13,283.33,282.75,283.33,361172
2026-03-27 10:22:36,278.24,281.39,277.55,277.87,335339
2026-03-27 10:32:36,276.49,276.71,274.22,276.71,194173
2026-03-27 10:42:36,273.0,274.82,272.37,274.82,512303
2026-03-27 10:52:36,275.38,275.38,272.14,274.85,410349
2026-03-27 11:02:36,247.57,248.93,247.16,247.16,133238
2026-03-27 11:12:36,254.88,256.52,254.48,255.37,507412
2026-03-27 11:22:36,259.73,260.65,258.63,259.85,459381
2026-03-27 11:32:36,252.72,255.66,252.19,252.6,498891
2026-03-27 11:42:36,252.38,253.04,251.72,252.06,196964
2026-03-27 11:52:36,254.16,254.7,251.56,253.26,484607
2026-03-27 12:02:36,260.36,260.81,259.87,260.81,382177
2026-03-27 12:12:36,267.97,268.92,267.68,268.24,389849
2026-03-27 12:22:36,270.75,271.29,270.17,271.29,78055
2026-03-27 12:32:36,273.64,275.49,272.39,273.8,128664
2026-03-27 12:42:36,276.51,277.26,274.76,277.06,105455
2026-03-27 12:52:36,279.28,282.85,278.31,279.01,299017
2026-03-27 13:02:36,280.2,280.38,279.2,279.61,99539
2026-03-27 13:12:36,279.79,279.79,277.22,278.65,133344
2026-03-27 13:22:36,278.46,280.56,276.2,277.53,239834
2026-03-27 13:32:36,274.41,275.09,273.19,274.85,432413
2026-03-27 13:42:36,276.62,277.95,272.69,276.98,180516
2026-03-27 13:52:36,276.84,278.57,276.69,276.76,328531
2026-03-27 14:02:36,308.93,310.65,306.33,308.24,781685
2026-03-27 14:12:36,306.02,307.75,303.96,305.66,232112
2026-03-27 14:22:36,305.17,307.15,305.17,306.53,739495
2026-03-27 14:32:36,304.69,306.94,302.83,303.92,161521
2026-03-27 14:42:36,306.42,309.91,306.42,306.53,691034
2026-03-27 14:52:36,299.87,301.09,297.94,300.91,131893
2026-03-27 15:02:36,299.36,300.59,298.93,298.93,199662
2026-03-27 15:12:36,307.83,308.62,307.09,307.63,199251
2026-03-27 15:22:36,305.05,305.05,302.64,304.77,140524
2026-03-27 15:32:36,309.58,315.69,309.58,312.27,531004
2026-03-27 15:42:36,312.13,314.31,312.13,314.14,453044
2026-03-27 15:52:36,314.86,314.86,311.1,313.1,175226
2026-03-30 09:32:36,326.65,327.71,325.35,326.06,243766
2026-03-30 09:42:36,324.79,325.21,321.81,324.02,831889
2026-03-30 09:52:36,321.85,324.13,319.2,320.72,226384
2026-03-30 10:02:36,316.54,318.02,314.56,315.31,736393
2026-03-30 10:12:36,316.33,317.72,314.93,316.21,788000
2026-03-30 10:22:36,312.73,313.61,309.37,311.75,684822
2026-03-30 10:32:36,312.89,314.33,312.57,312.57,426952
2026-03-30 10:42:36,309.49,309.84,306.09,308.98,221702
2026-03-30 10:52:36,310.52,310.52,306.66,310.2,619241
2026-03-30 11:02:36,276.32,277.37,274.83,274.83,84395
2026-03-30 11:12:36,280.23,283.78,280.23,281.66,293534
2026-03-30 11:22:36,279.29,279.35,277.32,278.74,324436
2026-03-30 11:32:36,279.97,281.2,278.83,279.19,430155
2026-03-30 11:42:36,278.46,278.46,277.42,277.48,327693
2026-03-30 11:52:36,273.8,276.31,273.15,274.63,122279
2026-03-30 12:02:36,270.47,270.47,267.59,269.29,81783
2026-03-30 12:12:36,269.64,272.65,269.04,270.7,83301
2026-03-30 12:22:36,267.3,267.71,266.93,267.71,401766
2026-03-30 12:32:36,276.32,276.32,273.76,275.74,516354
2026-03-30 12:42:36,278.31,279.22,277.99,279.22,367322
2026-03-30 12:52:36,278.75,278.75,276.65,277.72,580982
2026-03-30 13:02:36,278.1,280.59,277.0,278.38,489975
2026-03-30 13:12:36,273.84,276.08,272.72,272.97,404145
2026-03-30 13:22:36,270.55,273.37,270.41,271.23,157987
2026-03-30 13:32:36,264.89,265.87,264.89,265.87,360178
2026-03-30 13:42:36,260.71,261.93,260.17,261.37,178341
2026-03-30 13:52:36,262.06,263.95,261.31,262.19,307995
2026-03-30 14:02:36,295.41,295.41,295.05,295.06,164182
2026-03-30 14:12:36,305.06,305.06,300.83,303.95,232904
2026-03-30 14:22:36,312.98,313.7,312.57,313.32,112989
2026-03-30 14:32:36,315.47,315.47,313.41,314.3,234757
2026-03-30 14:42:36,313.74,315.63,312.86,313.35,400458
2026-03-30 14:52:36,322.46,322.52,321.86,322.04,219516
2026-03-30 15:02:36,319.65,319.65,317.85,317.85,326015
2026-03-30 15:12:36,317.41,318.1,313.11,316.91,644098
2026-03-30 15:22:36,319.26,321.65,319.26,320.7,244185
2026-03-30 15:32:36,316.88,318.87,316.88,318.36,301190
2026-03-30 15:42:36,324.0,324.63,322.62,324.46,861358
2026-03-30 15:52:36,325.11,326.17,324.27,324.53,245329
2026-03-31 09:32:36,332.01,332.01,330.35,330.63,619663
2026-03-31 09:42:36,340.6,342.21,339.72,341.12,541960
2026-03-31 09:52:36,348.56,349.55,347.17,349.55,890376
2026-03-31 10:02:36,352.07,357.43,350.63,351.76,836865
2026-03-31 10:12:36,349.79,352.78,349.72,351.99,446048
2026-03-31 10:22:36,344.47,345.82,344.0,345.14,280889
2026-03-31 10:32:36,346.25,346.67,344.86,345.34,401445
2026-03-31 10:42:36,347.7,347.7,344.67,347.5,158145
2026-03-31 10:52:36,345.15,345.26,343.47,345.26,572225
2026-03-31 11:02:36,296.13,298.95,295.18,298.15,289473
2026-03-31 11:12:36,302.43,304.2,300.56,301.9,639796
2026-03-31 11:22:36,300.59,301.25,300.45,300.49,612490
2026-03-31 11:32:36,297.89,299.57,297.89,299.22,591344
2026-03-31 11:42:36,298.85,299.49,296.84,299.49,336105
2026-03-31 11:52:36,298.63,299.96,298.39,299.53,481596
2026-03-31 12:02:36,301.44,301.71,299.69,301.71,241572
2026-03-31 12:12:36,306.93,306.95,304.35,305.9,226642
2026-03-31 12:22:36,306.54,308.31,305.3,306.87,726903
2026-03-31 12:32:36,299.47,303.78,298.63,301.16,122599
2026-03-31 12:42:36,305.61,305.98,303.8,305.98,361110
2026-03-31 12:52:36,310.67,310.67,309.18,310.26,303362
2026-03-31 13:02:36,307.97,310.65,306.5,306.5,637950
2026-03-31 13:12:36,305.65,307.26,304.55,306.46,543207
2026-03-31 13:22:36,303.04,303.04,302.15,302.79,570573
2026-03-31 13:32:36,298.24,299.32,297.95,297.95,257447
2026-03-31 13:42:36,294.92,296.93,294.92,296.35,261953
2026-03-31 13:52:36,287.69,287.69,284.41,286.36,290430
2026-03-31 14:02:36,321.78,322.93,321.31,322.09,159301
2026-03-31 14:12:36,317.61,320.87,317.12,318.21,709000
2026-03-31 14:22:36,315.08,316.01,310.83,314.25,477566
2026-03-31 14:32:36,306.56,308.44,305.55,307.59,160917
2026-03-31 14:42:36,305.04,306.15,304.68,305.62,262906
2026-03-31 14:52:36,302.4,302.97,301.06,301.06,250706
2026-03-31 15:02:36,297.1,297.96,295.55,295.55,520181
2026-03-31 15:12:36,296.61,298.89,295.05,296.47,247244
2026-03-31 15:22:36,298.93,299.34,297.81,298.74,238882
2026-03-31 15:32:36,293.4,294.1,291.66,293.39,555996
2026-03-31 15:42:36,287.85,289.16,287.0,287.29,501568
2026-03-31 15:52:36,280.84,282.38,277.54,280.58,144500
2026-04-01 09:32:36,277.69,281.22,277.69,279.5,129700
2026-04-01 09:42:36,276.56,276.56,274.99,276.29,144530
2026-04-01 09:52:36,267.55,267.55,265.72,266.76,450826
2026-04-01 10:02:36,269.83,269.83,267.14,268.09,255526
2026-04-01 10:12:36,266.57,266.73,265.82,266.35,362572
2026-04-01 10:22:36,265.37,266.98,262.34,264.53,256491
2026-04-01 10:32:36,260.42,261.61,259.84,260.01,388672
2026-04-01 10:42:36,259.86,262.74,258.57,260.15,217709
2026-04-01 10:52:36,252.26,252.78,251.66,251.66,439676
2026-04-01 11:02:36,233.97,233.99,232.7,233.38,213909
2026-04-01 11:12:36,230.61,231.5,229.17,229.59,136444
2026-04-01 11:22:36,232.38,234.05,231.46,232.28,78980
2026-04-01 11:32:36,231.1,231.1,229.77,230.07,172282
2026-04-01 11:42:36,234.33,235.54,233.38,234.93,230456
2026-04-01 11:52:36,235.59,235.7,233.97,235.43,229438
2026-04-01 12:02:36,230.73,232.52,229.97,231.05,164133
2026-04-01 12:12:36,225.83,225.83,223.85,225.65,120731
2026-04-01 12:22:36,224.36,224.94,224.36,224.44,109859
2026-04-01 12:32:36,227.88,228.17,226.7,227.77,332802
2026-04-01 12:42:36,227.11,228.45,227.07,227.51,262006
2026-04-01 12:52:36,223.71,224.74,222.94,223.09,53882
2026-04-01 13:02:36,228.22,228.94,227.29,227.29,297227
2026-04-01 13:12:36,222.06,222.49,221.03,221.51,154829
2026-04-01 13:22:36,219.22,220.51,218.13,220.16,45345
2026-04-01 13:32:36,217.04,217.87,215.24,217.06,171908
2026-04-01 13:42:36,219.24,219.39,218.31,219.38,207231
2026-04-01 13:52:36,225.18,225.18,223.52,224.51,260063
2026-04-01 14:02:36,240.64,241.75,239.36,240.48,55981
2026-04-01 14:12:36,241.47,242.62,241.41,241.41,250533
2026-04-01 14:22:36,235.27,235.73,233.18,234.1,335477
2026-04-01 14:32:36,229.2,229.32,227.79,229.32,190794
2026-04-01 14:42:36,229.93,229.93,228.28,228.31,100562
2026-04-01 14:52:36,220.54,220.99,219.48,219.64,323766
2026-04-01 15:02:36,219.94,220.63,218.38,219.81,232649
2026-04-01 15:12:36,219.21,221.15,219.21,220.61,170806
2026-04-01 15:22:36,220.6,221.36,219.85,221.36,234025
2026-04-01 15:32:36,214.34,214.75,213.21,213.88,112471
2026-04-01 15:42:36,221.79,222.36,221.15,221.94,258809
2026-04-01 15:52:36,223.96,224.51,222.3,223.77,161365
2026-04-02 09:32:36,233.68,233.68,232.38,232.58,59084
2026-04-02 09:42:36,237.2,239.15,237.2,237.92,129097
2026-04-02 09:52:36,240.33,240.75,236.71,239.81,397958
2026-04-02 10:02:36,239.48,240.46,238.31,238.93,92510
2026-04-02 10:12:36,228.17,228.44,227.39,227.97,124936
2026-04-02 10:22:36,224.84,225.42,224.83,224.83,115422
2026-04-02 10:32:36,225.28,227.96,225.28,225.47,162591
2026-04-02 10:42:36,225.61,226.29,225.01,225.46,351990
2026-04-02 10:52:36,229.03,229.34,228.41,228.77,336675
2026-04-02 11:02:36,215.18,215.77,214.34,214.34,82352
2026-04-02 11:12:36,217.04,217.04,216.32,216.87,262447
2026-04-02 11:22:36,214.43,215.53,214.43,215.53,120274
2026-04-02 11:32:36,214.8,215.62,214.42,214.64,159407
2026-04-02 11:42:36,214.14,214.14,212.85,213.29,43767
2026-04-02 11:52:36,209.11,209.63,207.74,207.74,229024
2026-04-02 12:02:36,203.15,203.72,201.16,202.35,59856
2026-04-02 12:12:36,199.31,199.43,198.72,199.43,94869
2026-04-02 12:22:36,192.41,193.58,192.41,192.68,52033
2026-04-02 12:32:36,190.54,192.46,190.33,190.82,17884
2026-04-02 12:42:36,195.86,197.64,195.36,196.36,138705
2026-04-02 12:52:36,196.27,197.2,195.98,196.05,51350
2026-04-02 13:02:36,201.23,201.23,198.93,200.94,154170
2026-04-02 13:12:36,203.9,204.58,203.9,203.98,138495
2026-04-02 13:22:36,206.59,206.59,205.77,206.27,171125
2026-04-02 13:32:36,205.31,206.08,204.44,204.83,34163
2026-04-02 13:42:36,207.65,208.4,207.65,208.4,173565
2026-04-02 13:52:36,213.12,214.57,213.06,214.57,150402
2026-04-02 14:02:36,214.52,216.53,213.21,215.09,234434
2026-04-02 14:12:36,219.45,221.29,218.17,218.98,163986
2026-04-02 14:22:36,221.49,221.9,221.36,221.81,47267
2026-04-02 14:32:36,225.28,225.59,222.79,224.57,202143
2026-04-02 14:42:36,214.93,215.25,214.29,214.29,189612
2026-04-02 14:52:36,221.35,221.35,219.99,220.96,187789
2026-04-02 15:02:36,221.4,222.19,220.15,221.39,223048
2026-04-02 15:12:36,214.43,214.43,213.16,213.84,170395
2026-04-02 15:22:36,206.65,206.96,204.94,206.96,88729
2026-04-02 15:32:36,203.43,203.67,201.58,202.2,64653
2026-04-02 15:42:36,198.88,199.74,197.91,199.15,63356
2026-04-02 15:52:36,203.05,204.7,203.05,204.28,59372
2026-04-03 09:32:36,208.91,209.41,207.76,208.07,43825
2026-04-03 09:42:36,204.63,205.69,204.63,205.69,70222
2026-04-03 09:52:36,209.89,211.23,209.13,209.96,125908
2026-04-03 10:02:36,216.79,217.38,216.37,216.37,82516
2026-04-03 10:12:36,203.5,205.19,203.36,203.36,139243
2026-04-03 10:22:36,212.51,213.18,211.5,212.89,265312
2026-04-03 10:32:36,218.69,220.27,216.44,218.67,60519
2026-04-03 10:42:36,225.84,225.84,223.31,223.35,47002
2026-04-03 10:52:36,231.16,231.46,229.92,230.45,94402
2026-04-03 11:02:36,220.22,220.88,218.01,220.4,201494
2026-04-03 11:12:36,217.39,218.08,216.78,216.78,204451
2026-04-03 11:22:36,216.86,217.7,214.68,217.22,123455
2026-04-03 11:32:36,218.64,219.6,218.64,219.53,104391
2026-04-03 11:42:36,215.31,215.74,213.44,215.02,40310
2026-04-03 11:52:36,213.55,214.45,212.45,214.45,209509
2026-04-03 12:02:36,212.37,213.01,211.64,211.64,64947
2026-04-03 12:12:36,212.09,213.85,211.73,213.19,273761
2026-04-03 12:22:36,216.89,217.75,215.74,216.35,189278
2026-04-03 12:32:36,212.7,213.7,211.45,212.56,157954
2026-04-03 12:42:36,217.57,217.68,216.29,217.64,253227
2026-04-03 12:52:36,219.48,220.26,219.48,220.19,49373
2026-04-03 13:02:36,215.96,216.27,214.44,215.6,178566
2026-04-03 13:12:36,221.5,221.5,218.58,220.39,305763
2026-04-03 13:22:36,218.41,218.64,216.13,218.01,290419
2026-04-03 13:32:36,220.4,220.4,219.56,219.56,159484
2026-04-03 13:42:36,218.03,219.71,217.5,218.19,171515
2026-04-03 13:52:36,217.97,218.41,215.75,217.42,287490
2026-04-03 14:02:36,225.42,225.43,224.25,225.43,274084
2026-04-03 14:12:36,225.32,226.45,224.76,224.76,272798
2026-04-03 14:22:36,231.32,232.79,229.7,232.08,381565
2026-04-03 14:32:36,222.0,222.0,218.8,221.53,90274
2026-04-03 14:42:36,218.15,218.15,216.95,216.95,42253
2026-04-03 14:52:36,211.69,212.8,211.69,212.03,139382
2026-04-03 15:02:36,200.64,200.87,199.56,200.2,153077
2026-04-03 15:12:36,195.09,196.46,195.09,195.62,117483
2026-04-03 15:22:36,181.58,181.58,180.14,181.53,102941
2026-04-03 15:32:36,178.45,179.61,176.9,178.5,79922
2026-04-03 15:42:36,176.32,177.45,175.63,176.77,56956
2026-04-03 15:52:36,182.54,185.14,182.54,182.85,28354
