timestamp,Open,High,Low,Close,Volume
2026-01-05 09:32:36,131.2,131.87,130.0,130.93,128787
2026-01-05 09:42:36,133.45,133.55,131.56,132.85,27818
2026-01-05 09:52:36,133.52,134.04,133.44,133.81,16409
2026-01-05 10:02:36,137.41,137.42,136.89,136.9,81450
2026-01-05 10:12:36,133.61,133.73,133.01,133.37,36253
2026-01-05 10:22:36,133.16,133.46,132.91,133.17,133979
2026-01-05 10:32:36,136.47,136.47,135.82,136.09,76771
2026-01-05 10:42:36,137.69,138.96,137.69,138.45,26585
2026-01-05 10:52:36,139.46,139.77,138.8,138.8,50074
2026-01-05 11:02:36,140.31,141.14,139.49,140.89,105157
2026-01-05 11:12:36,142.55,142.68,142.12,142.68,22850
2026-01-05 11:22:36,139.99,140.21,138.81,139.31,81796
2026-01-05 11:32:36,137.49,138.05,136.26,137.19,32923
2026-01-05 11:42:36,132.71,132.96,132.03,132.62,71197
2026-01-05 11:52:36,128.32,129.4,127.0,128.05,177629
2026-01-05 12:02:36,133.31,134.32,132.89,133.72,33652
2026-01-05 12:12:36,136.02,136.02,134.84,135.6,68783
2026-01-05 12:22:36,136.39,137.5,136.15,136.54,83136
2026-01-05 12:32:36,145.3,145.88,144.53,145.88,114971
2026-01-05 12:42:36,150.31,150.5,150.23,150.5,97150
2026-01-05 12:52:36,152.86,153.19,152.42,152.81,169983
2026-01-05 13:02:36,156.9,157.37,156.2,157.23,64933
2026-01-05 13:12:36,158.39,158.87,158.07,158.87,41422
2026-01-05 13:22:36,158.96,159.72,157.52,158.82,107513
2026-01-05 13:32:36,158.37,158.66,158.01,158.66,198850
2026-01-05 13:42:36,157.69,157.69,156.96,157.49,78958
2026-01-05 13:52:36,159.4,159.66,158.35,159.66,119248
2026-01-05 14:02:36,162.16,163.53,161.76,161.96,98264
2026-01-05 14:12:36,164.64,165.62,164.5,165.62,149937
2026-01-05 14:22:36,164.8,165.19,163.93,164.32,149602
2026-01-05 14:32:36,169.3,169.99,167.93,168.75,111318
2026-01-05 14:42:36,175.26,177.06,175.0,175.21,265350
2026-01-05 14:52:36,175.74,176.56,175.74,175.98,227600
2026-01-05 15:02:36,171.23,173.29,171.23,172.13,325979
2026-01-05 15:12:36,171.5,172.26,171.21,172.21,206419
2026-01-05 15:22:36,172.37,172.99,171.65,172.99,294214
2026-01-05 15:32:36,174.09,174.57,171.8,174.57,181285
2026-01-05 15:42:36,170.03,171.09,170.02,170.02,240301
2026-01-05 15:52:36,175.08,176.72,175.02,175.57,303060
2026-01-06 09:32:36,178.01,178.15,175.81,177.55,211191
2026-01-06 09:42:36,172.84,174.95,172.44,172.44,55928
2026-01-06 09:52:36,174.48,174.88,173.47,173.94,57371
2026-01-06 10:02:36,169.48,169.96,168.35,169.18,207565
2026-01-06 10:12:36,167.18,168.02,165.85,167.83,255744
2026-01-06 10:22:36,157.88,157.88,157.01,157.23,47650
2026-01-06 10:32:36,159.67,160.06,158.86,159.23,149164
2026-01-06 10:42:36,158.32,158.86,158.32,158.63,207392
2026-01-06 10:52:36,158.58,160.24,158.58,159.19,208849
2026-01-06 11:02:36,154.57,156.11,153.92,153.92,156390
2026-01-06 11:12:36,154.48,155.56,154.48,154.75,107045
2026-01-06 11:22:36,156.31,156.69,155.66,155.66,49097
2026-01-06 11:32:36,150.71,152.04,150.22,151.95,53240
2026-01-06 11:42:36,148.12,148.66,147.03,148.66,120036
2026-01-06 11:52:36,151.48,152.4,150.88,150.88,152859
2026-01-06 12:02:36,149.83,149.83,148.78,149.36,73431
2026-01-06 12:12:36,152.19,152.4,150.8,152.07,122033
2026-01-06 12:22:36,150.37,151.52,150.37,151.28,127628
2026-01-06 12:32:36,153.8,155.51,153.17,154.14,153398
2026-01-06 12:42:36,152.92,153.17,151.87,151.87,20395
2026-01-06 12:52:36,152.91,153.93,152.87,153.48,135234
2026-01-06 13:02:36,151.05,152.5,150.9,151.5,51795
2026-01-06 13:12:36,150.36,150.36,149.68,150.13,48066
2026-01-06 13:22:36,151.24,152.61,150.75,150.93,64924
2026-01-06 13:32:36,148.67,149.04,147.3,148.57,18368
2026-01-06 13:42:36,147.68,147.77,146.15,147.57,65317
2026-01-06 13:52:36,146.52,147.32,145.37,146.15,97281
2026-01-06 14:02:36,152.18,152.72,151.71,152.72,29284
2026-01-06 14:12:36,152.22,152.22,150.16,151.14,145460
2026-01-06 14:22:36,153.8,153.8,152.21,152.77,102014
2026-01-06 14:32:36,149.98,151.12,149.98,150.34,36828
2026-01-06 14:42:36,160.02,160.55,159.11,160.55,220823
2026-01-06 14:52:36,154.75,154.78,153.07,153.92,169976
2026-01-06 15:02:36,148.65,149.38,148.54,148.91,123862
2026-01-06 15:12:36,155.77,156.78,155.17,156.78,106865
2026-01-06 15:22:36,154.86,156.23,154.5,155.04,146654
2026-01-06 15:32:36,162.09,162.09,160.02,161.71,65378
2026-01-06 15:42:36,164.65,167.71,163.79,165.16,110592
2026-01-06 15:52:36,164.38,164.94,164.08,164.68,84078
2026-01-07 09:32:36,164.1,164.84,164.03,164.03,39708
2026-01-07 09:42:36,163.49,164.11,163.49,164.11,242625
2026-01-07 09:52:36,164.21,165.75,163.5,164.65,212015
2026-01-07 10:02:36,166.21,167.17,165.47,165.7,171698
2026-01-07 10:12:36,172.28,172.39,170.23,171.86,153528
2026-01-07 10:22:36,165.29,165.55,164.75,165.55,101950
2026-01-07 10:32:36,161.13,161.64,160.06,161.2,26179
2026-01-07 10:42:36,158.05,158.92,157.92,157.92,206474
2026-01-07 10:52:36,154.36,154.71,153.45,154.03,152782
2026-01-07 11:02:36,149.4,150.12,149.14,150.03,136830
2026-01-07 11:12:36,148.8,149.46,147.62,148.92,153839
2026-01-07 11:22:36,150.56,151.39,150.15,150.75,24813
2026-01-07 11:32:36,149.23,149.96,148.96,149.17,136639
2026-01-07 11:42:36,150.39,150.42,149.91,150.02,123174
2026-01-07 11:52:36,142.28,142.65,141.87,142.62,56601
2026-01-07 12:02:36,142.9,143.48,142.24,143.21,73693
2026-01-07 12:12:36,143.51,144.24,143.21,143.62,87130
2026-01-07 12:22:36,146.16,146.35,144.72,145.81,127001
2026-01-07 12:32:36,145.54,146.87,145.54,145.72,20207
2026-01-07 12:42:36,142.58,143.23,142.58,143.14,75799
2026-01-07 12:52:36,144.44,144.67,144.12,144.5,27957
2026-01-07 13:02:36,142.69,144.15,142.69,144.15,113026
2026-01-07 13:12:36,144.19,145.2,143.93,144.95,43318
2026-01-07 13:22:36,141.58,141.58,140.96,141.45,62392
2026-01-07 13:32:36,140.92,141.92,140.92,141.62,108116
2026-01-07 13:42:36,134.37,135.46,134.37,134.48,121764
2026-01-07 13:52:36,134.2,134.2,133.23,133.51,28065
2026-01-07 14:02:36,128.91,129.3,127.83,128.9,82280
2026-01-07 14:12:36,127.53,127.68,126.38,126.98,139136
2026-01-07 14:22:36,130.21,131.06,129.57,130.69,146409
2026-01-07 14:32:36,117.09,117.09,116.51,116.51,149283
2026-01-07 14:42:36,115.18,115.91,114.59,115.88,193897
2026-01-07 14:52:36,121.15,121.96,120.96,121.24,84696
2026-01-07 15:02:36,123.77,124.84,123.18,124.17,207708
2026-01-07 15:12:36,121.69,122.01,121.56,121.56,93945
2026-01-07 15:22:36,125.42,125.51,124.8,125.51,165049
2026-01-07 15:32:36,127.97,127.97,127.52,127.61,53416
2026-01-07 15:42:36,130.87,131.11,129.6,131.01,24226
2026-01-07 15:52:36,134.86,135.53,134.68,134.74,78393
2026-01-08 09:32:36,137.89,138.37,137.18,138.37,69847
2026-01-08 09:42:36,139.96,139.96,138.74,139.21,19556
2026-01-08 09:52:36,138.76,139.81,138.12,139.81,37910
2026-01-08 10:02:36,138.03,138.78,138.03,138.69,95436
2026-01-08 10:12:36,135.01,135.3,134.15,135.3,16699
2026-01-08 10:22:36,130.92,131.75,130.41,131.51,26847
2026-01-08 10:32:36,128.19,128.64,128.19,128.61,114227
2026-01-08 10:42:36,127.35,128.36,127.16,127.16,170620
2026-01-08 10:52:36,125.26,125.92,123.98,125.08,23092
2026-01-08 11:02:36,131.56,132.01,131.06,131.99,90888
2026-01-08 11:12:36,125.38,125.55,124.51,124.53,158862
2026-01-08 11:22:36,121.99,122.24,121.05,121.57,133204
2026-01-08 11:32:36,117.37,119.27,116.98,117.41,27416
2026-01-08 11:42:36,117.2,118.06,117.19,118.06,141706
2026-01-08 11:52:36,118.93,120.13,118.93,119.24,144719
2026-01-08 12:02:36,116.59,117.06,116.57,116.99,192878
2026-01-08 12:12:36,115.38,115.54,114.36,114.73,67455
2026-01-08 12:22:36,119.29,119.29,118.34,118.6,62705
2026-01-08 12:32:36,118.32,118.69,117.47,118.42,103024
2026-01-08 12:42:36,117.85,118.23,117.68,118.23,102152
2026-01-08 12:52:36,114.64,115.32,114.46,115.12,132177
2026-01-08 13:02:36,113.79,113.98,113.59,113.9,266923
2026-01-08 13:12:36,114.03,114.85,114.03,114.24,83665
2026-01-08 13:22:36,117.48,118.36,116.84,117.65,41092
2026-01-08 13:32:36,117.8,118.02,117.56,117.93,150918
2026-01-08 13:42:36,113.75,114.13,113.48,113.79,246968
2026-01-08 13:52:36,113.15,113.15,112.4,112.6,97515
2026-01-08 14:02:36,91.18,91.23,90.26,90.99,259295
2026-01-08 14:12:36,94.66,94.8,94.29,94.29,303564
2026-01-08 14:22:36,96.09,96.56,95.85,96.12,316696
2026-01-08 14:32:36,99.43,99.76,99.19,99.35,270995
2026-01-08 14:42:36,96.27,97.14,95.68,96.15,102061
2026-01-08 14:52:36,97.1,97.48,96.52,96.7,137140
2026-01-08 15:02:36,99.53,99.94,99.22,99.63,42923
2026-01-08 15:12:36,98.13,99.22,98.13,98.5,44701
2026-01-08 15:22:36,101.07,101.68,100.22,101.28,300584
2026-01-08 15:32:36,107.12,107.12,105.6,106.79,101163
2026-01-08 15:42:36,103.04,103.14,102.9,102.98,312522
2026-01-08 15:52:36,102.51,102.93,101.7,101.7,125685
2026-01-09 09:32:36,103.04,103.71,103.04,103.63,62952
2026-01-09 09:42:36,103.0,103.0,101.63,102.95,121600
2026-01-09 09:52:36,111.88,111.88,111.44,111.69,96274
2026-01-09 10:02:36,104.62,104.86,104.25,104.76,200618
2026-01-09 10:12:36,108.2,108.25,107.48,107.53,178211
2026-01-09 10:22:36,108.41,108.7,108.19,108.42,107885
2026-01-09 10:32:36,106.9,107.04,105.95,106.73,257350
2026-01-09 10:42:36,105.08,105.36,104.44,105.2,163848
2026-01-09 10:52:36,102.99,103.03,102.55,102.8,218588
2026-01-09 11:02:36,111.57,111.74,110.73,111.74,158506
2026-01-09 11:12:36,115.39,116.17,115.39,115.89,248116
2026-01-09 11:22:36,114.83,115.18,113.44,115.18,127522
2026-01-09 11:32:36,115.13,115.58,114.79,115.02,28554
2026-01-09 11:42:36,113.04,113.7,113.04,113.7,266374
2026-01-09 11:52:36,116.16,116.87,115.18,116.35,116677
2026-01-09 12:02:36,118.38,118.77,117.87,118.46,127769
2026-01-09 12:12:36,114.13,115.19,114.08,114.08,276801
2026-01-09 12:22:36,115.34,115.51,114.65,115.06,226971
2026-01-09 12:32:36,112.57,113.51,111.53,112.94,247079
2026-01-09 12:42:36,118.53,119.16,117.42,118.43,30590
2026-01-09 12:52:36,118.43,120.17,118.38,118.78,197186
2026-01-09 13:02:36,114.05,114.41,113.97,113.97,209061
2026-01-09 13:12:36,115.31,115.82,114.13,115.49,166918
2026-01-09 13:22:36,115.85,116.64,115.36,115.96,268786
2026-01-09 13:32:36,125.04,125.04,123.73,124.44,116417
2026-01-09 13:42:36,128.19,128.68,127.16,128.07,30422
2026-01-09 13:52:36,127.74,128.47,127.33,127.96,105426
2026-01-09 14:02:36,123.32,123.32,122.16,122.92,169431
2026-01-09 14:12:36,117.05,118.06,117.05,118.06,183117
2026-01-09 14:22:36,114.91,115.93,114.73,114.73,73266
2026-01-09 14:32:36,118.67,119.4,118.67,118.76,200033
2026-01-09 14:42:36,123.7,124.07,123.21,124.07,63810
2026-01-09 14:52:36,125.84,125.84,125.21,125.59,40544
2026-01-09 15:02:36,132.54,133.22,132.53,133.22,99947
2026-01-09 15:12:36,125.49,126.91,125.47,126.0,172058
2026-01-09 15:22:36,126.1,126.1,124.43,125.66,133804
2026-01-09 15:32:36,122.3,122.83,121.71,122.83,207303
2026-01-09 15:42:36,123.43,123.89,123.09,123.89,26876
2026-01-09 15:52:36,122.93,123.29,122.04,122.73,163737
2026-01-12 09:32:36,122.7,122.7,121.27,122.57,128013
2026-01-12 09:42:36,126.74,127.3,126.74,126.75,161153
2026-01-12 09:52:36,127.3,127.72,126.92,127.72,124168
2026-01-12 10:02:36,124.69,125.26,124.43,124.46,131240
2026-01-12 10:12:36,123.1,124.14,123.1,123.7,35755
2026-01-12 10:22:36,117.8,118.08,117.8,117.97,151678
2026-01-12 10:32:36,123.15,123.68,122.67,122.8,85137
2026-01-12 10:42:36,126.14,126.81,125.09,125.79,98700
2026-01-12 10:52:36,127.41,128.43,126.44,127.89,147802
2026-01-12 11:02:36,133.54,134.06,133.29,133.92,75186
2026-01-12 11:12:36,135.01,135.46,134.67,135.13,41346
2026-01-12 11:22:36,132.81,133.78,132.49,132.76,104988
2026-01-12 11:32:36,135.01,135.01,134.04,134.04,107985
2026-01-12 11:42:36,139.23,140.47,139.23,140.47,84467
2026-01-12 11:52:36,142.97,143.17,142.41,142.58,83828
2026-01-12 12:02:36,139.85,141.24,139.85,140.04,14655
2026-01-12 12:12:36,137.37,138.27,136.5,137.84,28529
2026-01-12 12:22:36,135.66,136.23,135.3,136.23,67161
2026-01-12 12:32:36,135.06,135.06,134.71,134.71,70231
2026-01-12 12:42:36,135.69,136.07,134.89,136.07,73973
2026-01-12 12:52:36,130.24,131.09,130.05,130.35,80627
2026-01-12 13:02:36,128.85,128.85,128.14,128.7,72443
2026-01-12 13:12:36,127.93,128.03,126.84,127.45,147131
2026-01-12 13:22:36,130.28,132.05,130.24,130.8,51081
2026-01-12 13:32:36,127.52,128.76,127.44,127.71,181191
2026-01-12 13:42:36,127.46,128.81,127.02,128.09,177196
2026-01-12 13:52:36,125.65,126.06,124.89,125.09,189473
2026-01-12 14:02:36,119.0,119.55,118.56,119.55,114979
2026-01-12 14:12:36,120.03,120.35,119.86,120.35,87232
2026-01-12 14:22:36,125.3,125.66,124.44,124.49,81211
2026-01-12 14:32:36,129.0,129.32,127.77,129.32,88578
2026-01-12 14:42:36,134.63,135.26,133.71,133.86,89597
2026-01-12 14:52:36,130.13,130.65,129.9,130.53,17900
2026-01-12 15:02:36,139.22,139.67,138.7,138.92,37645
2026-01-12 15:12:36,140.5,141.02,139.95,140.44,44169
2026-01-12 15:22:36,140.71,140.71,139.83,140.34,83907
2026-01-12 15:32:36,139.69,140.09,139.54,139.89,42851
2026-01-12 15:42:36,137.26,137.31,136.53,136.93,13461
2026-01-12 15:52:36,138.87,139.36,137.75,137.8,30510
2026-01-13 09:32:36,144.0,144.54,144.0,144.21,57123
2026-01-13 09:42:36,141.91,142.25,140.79,141.48,74662
2026-01-13 09:52:36,136.83,139.02,135.81,137.02,39329
2026-01-13 10:02:36,139.85,140.04,139.17,139.87,28760
2026-01-13 10:12:36,141.72,141.9,141.35,141.9,16818
2026-01-13 10:22:36,148.18,149.15,148.18,148.35,25854
2026-01-13 10:32:36,149.52,150.3,149.52,149.74,160577
2026-01-13 10:42:36,150.7,151.32,150.32,151.32,170327
2026-01-13 10:52:36,144.16,145.55,142.87,144.87,120324
2026-01-13 11:02:36,146.84,148.34,146.84,147.3,139441
2026-01-13 11:12:36,147.71,148.06,147.02,147.03,71835
2026-01-13 11:22:36,148.35,148.52,147.84,147.84,41935
2026-01-13 11:32:36,146.25,147.47,145.99,146.22,138723
2026-01-13 11:42:36,143.66,143.73,143.2,143.73,31315
2026-01-13 11:52:36,140.35,140.61,139.39,139.86,64647
2026-01-13 12:02:36,138.8,140.23,137.55,139.16,35291
2026-01-13 12:12:36,137.38,137.96,137.24,137.47,76536
2026-01-13 12:22:36,134.97,136.35,134.97,136.2,77332
2026-01-13 12:32:36,137.21,137.72,136.74,137.25,81342
2026-01-13 12:42:36,135.72,136.61,135.62,135.62,32058
2026-01-13 12:52:36,135.63,136.47,135.63,136.34,124603
2026-01-13 13:02:36,139.2,139.27,138.32,138.32,48188
2026-01-13 13:12:36,141.16,142.18,141.16,142.18,59871
2026-01-13 13:22:36,147.71,148.34,147.56,147.56,36611
2026-01-13 13:32:36,145.35,146.58,145.33,145.78,39921
2026-01-13 13:42:36,148.9,149.39,147.9,149.21,33651
2026-01-13 13:52:36,152.76,152.76,152.2,152.43,95709
2026-01-13 14:02:36,157.42,157.42,156.08,157.14,36421
2026-01-13 14:12:36,153.98,154.76,153.78,154.76,123667
2026-01-13 14:22:36,154.85,155.82,154.85,155.82,193413
2026-01-13 14:32:36,156.24,157.66,155.35,156.81,167597
2026-01-13 14:42:36,153.87,153.87,152.99,153.44,128933
2026-01-13 14:52:36,155.85,156.01,155.58,155.8,191339
2026-01-13 15:02:36,150.71,151.03,149.61,150.63,130220
2026-01-13 15:12:36,150.18,150.9,149.98,149.98,115874
2026-01-13 15:22:36,161.74,161.98,161.09,161.09,245248
2026-01-13 15:32:36,159.87,160.51,159.47,160.51,85923
2026-01-13 15:42:36,156.42,156.72,154.89,156.63,178499
2026-01-13 15:52:36,157.57,157.95,156.81,157.91,25188
2026-01-14 09:32:36,156.96,157.54,155.57,156.63,172848
2026-01-14 09:42:36,154.55,154.76,153.24,154.54,199886
2026-01-14 09:52:36,156.74,157.27,155.66,156.1,185420
2026-01-14 10:02:36,163.57,163.57,162.68,162.83,186672
2026-01-14 10:12:36,167.45,168.56,167.14,168.15,72269
2026-01-14 10:22:36,169.49,170.1,169.4,169.77,50227
2026-01-14 10:32:36,168.2,168.51,167.25,167.69,104098
2026-01-14 10:42:36,161.64,163.4,161.64,161.69,239257
2026-01-14 10:52:36,152.49,155.18,152.03,152.83,45262
2026-01-14 11:02:36,148.56,149.95,148.56,148.9,132273
2026-01-14 11:12:36,142.43,144.02,142.1,142.94,48192
2026-01-14 11:22:36,143.77,144.43,143.16,144.43,41022
2026-01-14 11:32:36,145.83,145.94,144.87,145.3,39760
2026-01-14 11:42:36,150.09,150.88,150.09,150.58,77761
2026-01-14 11:52:36,149.42,151.03,149.42,150.6,119750
2026-01-14 12:02:36,146.64,146.86,145.94,146.66,136968
2026-01-14 12:12:36,147.75,148.05,147.44,147.75,152025
2026-01-14 12:22:36,148.9,148.99,148.32,148.34,27669
2026-01-14 12:32:36,152.6,153.31,151.94,152.49,68343
2026-01-14 12:42:36,155.16,156.63,154.17,155.23,192287
2026-01-14 12:52:36,156.35,157.56,155.69,156.92,66474
2026-01-14 13:02:36,155.9,155.9,154.78,154.81,68836
2026-01-14 13:12:36,158.49,159.84,157.97,158.4,61590
2026-01-14 13:22:36,156.6,157.19,155.57,155.97,149997
2026-01-14 13:32:36,159.24,159.27,158.48,159.07,193912
2026-01-14 13:42:36,158.25,158.32,157.35,158.14,146440
2026-01-14 13:52:36,157.3,157.66,157.19,157.66,172866
2026-01-14 14:02:36,163.27,164.73,163.27,164.73,115738
2026-01-14 14:12:36,159.62,160.9,159.62,159.86,165302
2026-01-14 14:22:36,156.44,157.11,156.05,156.16,150127
2026-01-14 14:32:36,154.42,154.58,153.17,154.11,177422
2026-01-14 14:42:36,158.99,159.99,157.93,159.13,161609
2026-01-14 14:52:36,164.54,164.54,164.03,164.03,62331
2026-01-14 15:02:36,158.59,159.27,157.89,158.43,154038
2026-01-14 15:12:36,154.83,156.82,154.18,154.81,183737
2026-01-14 15:22:36,155.36,155.68,154.54,155.49,24175
2026-01-14 15:32:36,148.4,149.68,147.38,148.38,41297
2026-01-14 15:42:36,151.65,153.15,150.03,150.68,122137
2026-01-14 15:52:36,147.21,147.81,146.77,147.77,82072
2026-01-15 09:32:36,147.03,147.06,146.05,146.42,27654
2026-01-15 09:42:36,145.07,145.4,143.38,144.52,105979
2026-01-15 09:52:36,140.76,141.66,140.76,141.66,106959
2026-01-15 10:02:36,148.86,149.21,148.29,148.91,97385
2026-01-15 10:12:36,147.91,147.95,147.08,147.68,67547
2026-01-15 10:22:36,150.94,151.72,150.31,150.98,36667
2026-01-15 10:32:36,158.88,160.13,158.13,159.54,74529
2026-01-15 10:42:36,161.5,162.22,160.97,161.88,152799
2026-01-15 10:52:36,161.81,162.29,160.39,161.93,57754
2026-01-15 11:02:36,155.35,155.93,154.27,154.78,23038
2026-01-15 11:12:36,149.47,149.93,149.24,149.63,148854
2026-01-15 11:22:36,147.19,147.82,146.42,147.21,123803
2026-01-15 11:32:36,149.91,150.03,149.51,149.51,49065
2026-01-15 11:42:36,152.83,153.14,152.11,152.11,182511
2026-01-15 11:52:36,155.19,155.37,154.4,154.83,180919
2026-01-15 12:02:36,154.41,155.29,154.41,154.5,35846
2026-01-15 12:12:36,154.37,155.25,154.18,154.33,115854
2026-01-15 12:22:36,152.81,152.81,151.25,152.17,115643
2026-01-15 12:32:36,149.31,150.43,149.31,149.53,103501
2026-01-15 12:42:36,152.86,153.56,152.68,153.28,155243
2026-01-15 12:52:36,152.29,152.29,149.98,152.15,37729
2026-01-15 13:02:36,151.98,152.11,151.3,151.75,161948
2026-01-15 13:12:36,148.56,148.64,147.64,147.64,32543
2026-01-15 13:22:36,146.18,146.18,145.66,145.8,131446
2026-01-15 13:32:36,146.88,148.24,146.88,147.44,90360
2026-01-15 13:42:36,144.24,144.38,143.56,144.11,127684
2026-01-15 13:52:36,144.96,144.96,143.76,143.76,19339
2026-01-15 14:02:36,141.52,142.07,141.5,141.84,109480
2026-01-15 14:12:36,139.35,139.58,138.88,139.26,27126
2026-01-15 14:22:36,146.47,147.48,145.76,146.43,115407
2026-01-15 14:32:36,145.63,146.87,145.61,146.36,19791
2026-01-15 14:42:36,141.58,143.42,141.27,141.5,82033
2026-01-15 14:52:36,140.14,140.37,139.53,140.26,24398
2026-01-15 15:02:36,132.05,132.08,131.4,131.61,64619
2026-01-15 15:12:36,130.62,130.62,130.06,130.06,142113
2026-01-15 15:22:36,136.14,137.25,135.44,135.44,118545
2026-01-15 15:32:36,133.38,133.76,132.68,133.76,20491
2026-01-15 15:42:36,128.82,129.32,128.43,129.32,38145
2026-01-15 15:52:36,136.91,137.2,136.6,137.2,110670
2026-01-16 09:32:36,143.52,143.59,143.08,143.59,62275
2026-01-16 09:42:36,136.98,137.01,135.16,136.53,120454
2026-01-16 09:52:36,134.98,135.31,134.05,134.88,37740
2026-01-16 10:02:36,127.61,127.63,127.54,127.54,65154
2026-01-16 10:12:36,123.56,124.32,123.04,123.64,135207
2026-01-16 10:22:36,124.75,125.7,124.26,124.65,23237
2026-01-16 10:32:36,129.72,129.72,128.48,129.03,99143
2026-01-16 10:42:36,129.09,129.38,127.68,129.03,86040
2026-01-16 10:52:36,129.48,130.83,128.3,129.63,161444
2026-01-16 11:02:36,131.14,131.34,130.56,131.34,46655
2026-01-16 11:12:36,129.97,130.43,129.19,129.19,119855
2026-01-16 11:22:36,128.86,129.37,128.84,129.37,145048
2026-01-16 11:32:36,133.48,134.47,133.48,133.86,136023
2026-01-16 11:42:36,130.86,131.22,130.29,131.22,67327
2026-01-16 11:52:36,128.17,128.93,127.13,128.3,47725
2026-01-16 12:02:36,129.49,129.51,128.84,128.95,152470
2026-01-16 12:12:36,128.75,128.75,127.93,128.51,66542
2026-01-16 12:22:36,127.93,129.0,127.38,127.38,182460
2026-01-16 12:32:36,126.67,126.67,126.12,126.12,161259
2026-01-16 12:42:36,130.81,131.55,130.26,131.43,119326
2026-01-16 12:52:36,129.26,129.36,128.02,129.09,38885
2026-01-16 13:02:36,127.68,127.73,126.9,127.26,50174
2026-01-16 13:12:36,130.39,130.4,129.59,130.08,155457
2026-01-16 13:22:36,129.82,131.16,129.54,130.27,26793
2026-01-16 13:32:36,130.95,131.06,130.45,130.68,110839
2026-01-16 13:42:36,128.18,128.75,127.58,128.23,36527
2026-01-16 13:52:36,124.79,124.79,124.06,124.6,150863
2026-01-16 14:02:36,111.56,112.63,111.56,111.94,55634
2026-01-16 14:12:36,107.5,108.74,107.05,107.26,233245
2026-01-16 14:22:36,106.22,106.78,104.59,106.22,48836
2026-01-16 14:32:36,116.81,116.81,115.16,116.05,177901
2026-01-16 14:42:36,113.84,114.73,113.84,114.15,106183
2026-01-16 14:52:36,118.48,119.42,118.48,119.2,81762
2026-01-16 15:02:36,114.03,114.11,113.83,114.11,270145
2026-01-16 15:12:36,105.51,106.36,105.51,105.86,328058
2026-01-16 15:22:36,111.07,111.82,110.84,110.99,239220
2026-01-16 15:32:36,116.8,117.82,116.8,117.37,188133
2026-01-16 15:42:36,119.67,120.47,119.67,120.36,71471
2026-01-16 15:52:36,124.09,125.09,124.09,124.54,205608
2026-01-19 09:32:36,128.62,129.63,128.62,128.67,62137
2026-01-19 09:42:36,123.21,123.44,122.47,122.47,79505
2026-01-19 09:52:36,122.94,123.39,122.56,123.25,90153
2026-01-19 10:02:36,115.58,116.46,115.5,116.0,140671
2026-01-19 10:12:36,116.49,116.63,115.53,116.63,186024
2026-01-19 10:22:36,117.07,118.14,117.07,117.72,247793
2026-01-19 10:32:36,123.49,123.58,123.11,123.46,189783
2026-01-19 10:42:36,117.68,117.82,116.86,117.51,122071
2026-01-19 10:52:36,120.43,120.69,120.1,120.17,55327
2026-01-19 11:02:36,129.05,129.53,128.68,129.27,101265
2026-01-19 11:12:36,127.81,128.66,127.81,127.94,126219
2026-01-19 11:22:36,128.93,129.06,128.63,129.06,105404
2026-01-19 11:32:36,131.84,132.41,130.91,132.41,153673
2026-01-19 11:42:36,126.65,126.76,125.63,126.76,180023
2026-01-19 11:52:36,120.65,121.23,120.1,120.25,156005
2026-01-19 12:02:36,120.62,121.71,120.1,120.1,161698
2026-01-19 12:12:36,117.43,117.43,116.33,117.18,61364
2026-01-19 12:22:36,117.12,117.64,117.12,117.41,191433
2026-01-19 12:32:36,115.93,116.3,115.38,116.3,56581
2026-01-19 12:42:36,114.28,114.83,114.01,114.83,137136
2026-01-19 12:52:36,112.52,112.52,111.87,112.2,227272
2026-01-19 13:02:36,113.1,113.12,112.52,112.52,191382
2026-01-19 13:12:36,109.82,110.5,109.56,109.83,293385
2026-01-19 13:22:36,112.41,113.43,111.96,111.96,199728
2026-01-19 13:32:36,113.87,114.24,113.24,113.67,271600
2026-01-19 13:42:36,113.94,114.23,113.06,114.23,280861
2026-01-19 13:52:36,111.52,112.55,111.52,111.69,124573
2026-01-19 14:02:36,96.79,97.06,95.86,96.71,278428
2026-01-19 14:12:36,100.55,101.67,100.55,101.14,233460
2026-01-19 14:22:36,99.25,99.33,98.65,98.82,267563
2026-01-19 14:32:36,103.83,103.83,102.78,103.62,175341
2026-01-19 14:42:36,104.29,104.46,103.76,103.76,104164
2026-01-19 14:52:36,106.28,107.0,105.37,106.49,241493
2026-01-19 15:02:36,107.32,108.6,107.32,107.99,139365
2026-01-19 15:12:36,102.57,103.05,102.46,102.66,131995
2026-01-19 15:22:36,103.84,104.6,103.84,104.59,133193
2026-01-19 15:32:36,106.39,106.86,106.11,106.34,212184
2026-01-19 15:42:36,99.47,99.49,97.99,98.89,234511
2026-01-19 15:52:36,101.67,102.02,101.42,101.64,256395
2026-01-20 09:32:36,96.45,96.76,96.2,96.2,131069
2026-01-20 09:42:36,95.29,95.29,94.27,94.91,383983
2026-01-20 09:52:36,85.87,86.14,85.11,85.96,250114
2026-01-20 10:02:36,83.07,83.58,82.57,83.04,406888
2026-01-20 10:12:36,89.69,89.69,88.64,89.41,228796
2026-01-20 10:22:36,88.31,89.03,88.31,88.53,332824
2026-01-20 10:32:36,96.85,98.0,96.85,98.0,42524
2026-01-20 10:42:36,98.41,98.51,98.03,98.51,51326
2026-01-20 10:52:36,96.63,97.7,96.31,96.66,103693
2026-01-20 11:02:36,112.37,112.37,111.76,111.76,151775
2026-01-20 11:12:36,109.39,110.16,109.29,109.53,56778
2026-01-20 11:22:36,108.24,108.8,108.06,108.06,123605
2026-01-20 11:32:36,105.6,106.1,105.15,105.61,183022
2026-01-20 11:42:36,109.69,109.83,108.82,109.14,143870
2026-01-20 11:52:36,109.47,109.88,108.9,109.68,241609
2026-01-20 12:02:36,106.43,107.37,106.34,106.77,180884
2026-01-20 12:12:36,106.21,107.33,105.46,106.11,51006
2026-01-20 12:22:36,107.06,107.11,106.42,106.7,301995
2026-01-20 12:32:36,105.01,106.08,105.01,105.08,111190
2026-01-20 12:42:36,107.39,107.94,107.39,107.78,89455
2026-01-20 12:52:36,106.29,106.82,106.11,106.21,254121
2026-01-20 13:02:36,105.9,105.9,105.17,105.82,102507
2026-01-20 13:12:36,108.74,109.46,108.18,108.65,199859
2026-01-20 13:22:36,110.58,110.93,109.98,110.32,84566
2026-01-20 13:32:36,112.11,112.45,111.46,111.67,44459
2026-01-20 13:42:36,120.07,120.07,118.63,118.84,128121
2026-01-20 13:52:36,116.42,116.52,115.66,116.52,183699
2026-01-20 14:02:36,97.9,98.24,97.74,98.24,152823
2026-01-20 14:12:36,101.74,102.0,101.25,101.25,125350
2026-01-20 14:22:36,102.48,103.12,102.48,102.66,126179
2026-01-20 14:32:36,100.21,100.62,100.21,100.23,70364
2026-01-20 14:42:36,94.57,95.02,93.6,94.71,177367
2026-01-20 14:52:36,91.4,91.56,91.26,91.56,137060
2026-01-20 15:02:36,88.38,88.91,88.24,88.91,58249
2026-01-20 15:12:36,85.6,86.06,84.92,85.85,360873
2026-01-20 15:22:36,80.24,80.29,79.95,80.29,233951
2026-01-20 15:32:36,78.38,78.41,78.04,78.27,311251
2026-01-20 15:42:36,82.34,82.45,81.72,81.72,408109
2026-01-20 15:52:36,74.43,74.98,74.43,74.49,327286
2026-01-21 09:32:36,70.79,71.48,70.71,70.84,216887
2026-01-21 09:42:36,68.72,69.14,68.2,69.01,201463
2026-01-21 09:52:36,72.22,72.36,72.08,72.08,422334
2026-01-21 10:02:36,72.81,73.01,72.59,72.59,232804
2026-01-21 10:12:36,71.6,72.39,71.56,71.98,391068
2026-01-21 10:22:36,74.24,75.15,74.24,75.15,444533
2026-01-21 10:32:36,67.11,67.24,66.97,67.21,502505
2026-01-21 10:42:36,61.92,61.92,61.22,61.45,365795
2026-01-21 10:52:36,56.44,56.62,56.31,56.62,507505
2026-01-21 11:02:36,84.14,84.63,83.46,84.25,287553
2026-01-21 11:12:36,86.55,86.75,86.48,86.48,150369
2026-01-21 11:22:36,89.38,89.47,89.11,89.17,254015
2026-01-21 11:32:36,88.69,89.48,87.89,89.0,238386
2026-01-21 11:42:36,88.83,89.54,88.62,88.89,225603
2026-01-21 11:52:36,90.52,90.89,90.4,90.49,227673
2026-01-21 12:02:36,98.01,98.83,97.65,98.04,128050
2026-01-21 12:12:36,97.58,97.91,97.58,97.84,86434
2026-01-21 12:22:36,96.72,97.1,95.94,97.1,219392
2026-01-21 12:32:36,93.65,94.73,93.65,94.15,345984
2026-01-21 12:42:36,93.64,93.84,93.55,93.55,407079
2026-01-21 12:52:36,93.54,94.36,93.47,94.14,337242
2026-01-21 13:02:36,94.12,94.12,93.27,93.91,318811
2026-01-21 13:12:36,94.83,95.09,93.77,94.38,312883
2026-01-21 13:22:36,92.82,92.82,91.98,92.45,131390
2026-01-21 13:32:36,96.18,96.73,95.6,96.73,215280
2026-01-21 13:42:36,91.38,92.13,90.67,91.94,125853
2026-01-21 13:52:36,88.33,88.81,88.27,88.6,216714
2026-01-21 14:02:36,62.39,62.78,61.94,62.65,528559
2026-01-21 14:12:36,70.85,71.2,70.52,71.2,443441
2026-01-21 14:22:36,74.93,75.37,74.93,75.16,145576
2026-01-21 14:32:36,68.13,68.13,67.57,67.97,343401
2026-01-21 14:42:36,63.09,63.58,62.96,63.17,479358
2026-01-21 14:52:36,64.25,64.59,64.08,64.35,266020
2026-01-21 15:02:36,67.93,68.51,67.43,67.64,195656
2026-01-21 15:12:36,72.7,73.02,72.03,72.86,308269
2026-01-21 15:22:36,68.81,69.07,68.64,69.07,582006
2026-01-21 15:32:36,65.45,65.57,65.07,65.07,135475
2026-01-21 15:42:36,71.64,72.47,71.64,72.17,231607
2026-01-21 15:52:36,69.92,70.61,69.57,70.04,334586
2026-01-22 09:32:36,79.3,79.39,78.56,79.39,450641
2026-01-22 09:42:36,78.05,78.63,77.36,78.23,315850
2026-01-22 09:52:36,83.05,83.31,82.59,83.12,450943
2026-01-22 10:02:36,79.64,80.27,79.64,80.13,480233
2026-01-22 10:12:36,80.25,80.49,79.94,80.38,244143
2026-01-22 10:22:36,79.39,79.39,78.97,79.25,240825
2026-01-22 10:32:36,78.54,78.75,77.95,78.59,192196
2026-01-22 10:42:36,76.67,77.34,76.67,76.86,389340
2026-01-22 10:52:36,80.47,81.7,80.27,80.73,491251
2026-01-22 11:02:36,99.97,100.2,99.71,100.2,361447
2026-01-22 11:12:36,106.61,107.15,106.09,106.91,223522
2026-01-22 11:22:36,103.7,104.22,103.22,103.86,114627
2026-01-22 11:32:36,102.0,102.19,101.21,102.03,289430
2026-01-22 11:42:36,103.55,103.78,103.4,103.61,232803
2026-01-22 11:52:36,104.18,104.36,103.63,104.36,275319
2026-01-22 12:02:36,102.19,102.51,102.19,102.36,161882
2026-01-22 12:12:36,101.72,102.92,101.22,101.82,56408
2026-01-22 12:22:36,100.55,100.55,99.99,100.54,121165
2026-01-22 12:32:36,105.61,105.62,104.78,105.26,289626
2026-01-22 12:42:36,108.56,109.35,108.38,108.76,114401
2026-01-22 12:52:36,107.31,107.31,106.26,106.62,184763
2026-01-22 13:02:36,105.41,105.41,104.33,105.34,218233
2026-01-22 13:12:36,105.92,105.96,105.41,105.41,341472
2026-01-22 13:22:36,100.79,100.79,100.17,100.62,110211
2026-01-22 13:32:36,94.81,95.46,94.72,95.11,54154
2026-01-22 13:42:36,97.69,98.14,97.46,98.12,179061
2026-01-22 13:52:36,98.95,99.36,98.91,99.36,261246
2026-01-22 14:02:36,78.95,79.36,78.36,78.93,329784
2026-01-22 14:12:36,80.64,80.71,80.27,80.39,171197
2026-01-22 14:22:36,85.09,85.46,83.95,84.95,490667
2026-01-22 14:32:36,83.88,84.03,83.64,84.03,467110
2026-01-22 14:42:36,88.28,88.79,88.28,88.58,462603
2026-01-22 14:52:36,91.69,92.09,91.41,91.85,379070
2026-01-22 15:02:36,90.94,91.71,90.94,91.54,170222
2026-01-22 15:12:36,102.33,102.53,102.17,102.49,358215
2026-01-22 15:22:36,103.62,103.93,103.62,103.82,212755
2026-01-22 15:32:36,100.93,101.57,100.23,100.93,157416
2026-01-22 15:42:36,102.0,102.58,102.0,102.58,201650
2026-01-22 15:52:36,97.58,98.1,96.54,97.41,114581
2026-01-23 09:32:36,105.71,105.93,105.0,105.1,312279
2026-01-23 09:42:36,102.64,102.64,101.66,101.8,367017
2026-01-23 09:52:36,94.19,94.91,93.74,94.91,129645
2026-01-23 10:02:36,102.44,102.46,101.62,101.99,236135
2026-01-23 10:12:36,105.32,105.93,105.07,105.11,143491
2026-01-23 10:22:36,102.62,103.64,102.6,102.78,265953
2026-01-23 10:32:36,97.06,97.48,96.58,96.85,65656
2026-01-23 10:42:36,93.03,93.18,92.75,93.18,168452
2026-01-23 10:52:36,102.15,102.75,101.92,101.93,290796
2026-01-23 11:02:36,113.04,113.66,112.58,113.45,65194
2026-01-23 11:12:36,111.63,112.01,111.63,111.93,51438
2026-01-23 11:22:36,116.07,116.07,115.54,115.54,46717
2026-01-23 11:32:36,116.47,116.95,116.04,116.95,94327
2026-01-23 11:42:36,118.48,118.95,117.79,118.89,170716
2026-01-23 11:52:36,121.35,122.27,121.35,121.72,125105
2026-01-23 12:02:36,120.58,121.63,120.58,120.62,68314
2026-01-23 12:12:36,119.57,120.93,118.66,119.04,193307
2026-01-23 12:22:36,119.29,119.91,118.49,119.08,170840
2026-01-23 12:32:36,115.54,116.0,115.24,115.24,73647
2026-01-23 12:42:36,113.72,114.05,113.34,113.95,128449
2026-01-23 12:52:36,109.05,109.9,109.05,109.47,80466
2026-01-23 13:02:36,108.41,108.95,107.31,108.13,103275
2026-01-23 13:12:36,107.04,107.78,106.34,106.67,45083
2026-01-23 13:22:36,111.64,112.21,110.79,112.14,156205
2026-01-23 13:32:36,111.06,112.2,111.06,111.45,34200
2026-01-23 13:42:36,110.16,110.79,109.57,110.05,238960
2026-01-23 13:52:36,110.62,110.99,109.73,110.36,121757
2026-01-23 14:02:36,98.49,98.49,98.18,98.48,181472
2026-01-23 14:12:36,100.71,100.99,100.24,100.99,371080
2026-01-23 14:22:36,101.74,102.08,101.22,101.5,342710
2026-01-23 14:32:36,98.18,99.44,97.26,98.48,335446
2026-01-23 14:42:36,97.4,97.66,96.18,97.14,50726
2026-01-23 14:52:36,97.97,98.7,97.89,98.12,167619
2026-01-23 15:02:36,99.51,99.51,98.88,98.96,61222
2026-01-23 15:12:36,107.87,108.83,107.82,108.56,272774
2026-01-23 15:22:36,105.85,106.25,105.21,105.37,256269
2026-01-23 15:32:36,103.56,104.45,103.46,103.46,161717
2026-01-23 15:42:36,109.44,110.15,109.44,109.64,105622
2026-01-23 15:52:36,106.27,107.43,105.84,105.84,149220
2026-01-26 09:32:36,101.38,102.04,100.9,101.17,147480
2026-01-26 09:42:36,107.14,107.68,107.08,107.23,83303
2026-01-26 09:52:36,105.15,106.07,105.15,105.84,170957
2026-01-26 10:02:36,98.4,98.59,97.54,97.95,88027
2026-01-26 10:12:36,101.69,102.74,100.08,101.8,193944
2026-01-26 10:22:36,104.67,104.78,103.05,104.38,89129
2026-01-26 10:32:36,106.02,106.02,104.65,105.42,56913
2026-01-26 10:42:36,104.08,104.77,103.96,103.98,39782
2026-01-26 10:52:36,104.18,104.37,103.47,104.12,136247
2026-01-26 11:02:36,115.06,115.17,114.55,115.03,247846
2026-01-26 11:12:36,115.9,116.05,115.68,116.05,161200
2026-01-26 11:22:36,117.49,117.49,117.2,117.2,219340
2026-01-26 11:32:36,118.12,118.54,117.65,118.12,212556
2026-01-26 11:42:36,116.76,116.76,115.77,116.22,170030
2026-01-26 11:52:36,120.38,120.79,119.31,120.08,91415
2026-01-26 12:02:36,118.27,118.86,117.11,118.23,116578
2026-01-26 12:12:36,119.5,120.06,119.1,119.45,203098
2026-01-26 12:22:36,119.2,119.74,119.2,119.5,245576
2026-01-26 12:32:36,118.59,118.89,117.77,118.89,232149
2026-01-26 12:42:36,119.26,119.81,118.52,119.22,55262
2026-01-26 12:52:36,118.58,119.55,118.58,118.8,158139
2026-01-26 13:02:36,115.86,116.58,114.55,115.5,206541
2026-01-26 13:12:36,116.23,117.77,116.23,116.94,63169
2026-01-26 13:22:36,119.43,119.81,119.43,119.61,215184
2026-01-26 13:32:36,116.89,118.07,116.86,117.8,84900
2026-01-26 13:42:36,115.91,116.97,115.57,115.9,53986
2026-01-26 13:52:36,117.02,117.51,116.76,117.51,62688
2026-01-26 14:02:36,102.31,102.83,102.23,102.6,146768
2026-01-26 14:12:36,105.77,106.4,105.45,106.26,93995
2026-01-26 14:22:36,110.1,110.66,109.67,110.16,250542
2026-01-26 14:32:36,112.88,114.02,112.8,113.41,119461
2026-01-26 14:42:36,113.53,113.96,113.0,113.59,257983
2026-01-26 14:52:36,117.14,117.48,116.76,117.15,243203
2026-01-26 15:02:36,117.33,117.72,116.89,117.0,123165
2026-01-26 15:12:36,117.12,117.58,117.12,117.58,129176
2026-01-26 15:22:36,117.17,118.06,116.48,117.08,170825
2026-01-26 15:32:36,123.85,124.06,123.22,124.06,165363
2026-01-26 15:42:36,112.02,112.02,111.26,111.57,83668
2026-01-26 15:52:36,118.82,118.95,117.84,118.76,152864
2026-01-27 09:32:36,115.75,117.2,115.75,116.63,191194
2026-01-27 09:42:36,113.37,114.12,112.9,114.12,70897
2026-01-27 09:52:36,117.41,118.68,116.09,118.0,44028
2026-01-27 10:02:36,116.82,117.29,116.13,116.41,60903
2026-01-27 10:12:36,116.82,117.22,116.61,116.71,214236
2026-01-27 10:22:36,116.8,116.8,116.0,116.7,121793
2026-01-27 10:32:36,119.78,120.63,119.78,120.5,99310
2026-01-27 10:42:36,124.99,125.34,124.71,124.78,86809
2026-01-27 10:52:36,125.42,126.0,125.42,125.84,155518
2026-01-27 11:02:36,130.8,131.52,130.16,130.9,62206
2026-01-27 11:12:36,128.53,128.92,128.05,128.05,103827
2026-01-27 11:22:36,128.03,128.24,127.25,127.86,55083
2026-01-27 11:32:36,128.0,128.89,126.81,127.88,56903
2026-01-27 11:42:36,128.37,128.39,127.78,128.39,73891
2026-01-27 11:52:36,126.89,127.24,126.24,126.95,140292
2026-01-27 12:02:36,125.39,126.05,125.39,125.5,146714
2026-01-27 12:12:36,119.52,119.98,118.79,119.56,225802
2026-01-27 12:22:36,123.43,123.59,123.09,123.16,90080
2026-01-27 12:32:36,125.21,125.87,124.09,124.99,117124
2026-01-27 12:42:36,123.86,124.38,122.64,123.71,163554
2026-01-27 12:52:36,120.5,121.61,120.16,120.66,180088
2026-01-27 13:02:36,120.66,121.61,120.17,120.17,84926
2026-01-27 13:12:36,118.78,119.26,118.34,118.98,220935
2026-01-27 13:22:36,119.37,119.78,118.68,119.6,146617
2026-01-27 13:32:36,113.72,113.72,112.77,113.28,251415
2026-01-27 13:42:36,112.75,113.55,112.75,113.18,227412
2026-01-27 13:52:36,114.03,115.0,113.73,114.25,280681
2026-01-27 14:02:36,95.3,95.74,94.73,95.16,305761
2026-01-27 14:12:36,91.45,92.21,90.46,90.89,98399
2026-01-27 14:22:36,99.37,99.64,99.37,99.64,313251
2026-01-27 14:32:36,102.27,102.27,101.86,101.94,237756
2026-01-27 14:42:36,100.13,100.49,99.8,100.34,176463
2026-01-27 14:52:36,98.29,98.59,97.68,98.34,56371
2026-01-27 15:02:36,103.16,103.51,103.13,103.25,148234
2026-01-27 15:12:36,104.52,105.13,104.27,104.92,171733
2026-01-27 15:22:36,103.21,103.83,103.21,103.83,249270
2026-01-27 15:32:36,100.9,101.23,100.43,100.64,121036
2026-01-27 15:42:36,103.33,103.65,103.15,103.46,228287
2026-01-27 15:52:36,107.78,108.87,107.32,107.52,216612
2026-01-28 09:32:36,104.9,105.4,104.53,105.17,231454
2026-01-28 09:42:36,107.32,107.7,107.32,107.68,229334
2026-01-28 09:52:36,99.55,99.92,99.26,99.92,273523
2026-01-28 10:02:36,107.01,107.4,106.78,107.29,202833
2026-01-28 10:12:36,109.7,110.13,109.7,109.73,71718
2026-01-28 10:22:36,104.08,104.32,104.08,104.31,123173
2026-01-28 10:32:36,113.57,114.17,113.06,113.06,126235
2026-01-28 10:42:36,102.95,103.39,102.41,103.07,145318
2026-01-28 10:52:36,92.43,93.13,92.2,92.41,309326
2026-01-28 11:02:36,106.72,106.84,106.07,106.17,226014
2026-01-28 11:12:36,107.86,107.89,107.09,107.18,80960
2026-01-28 11:22:36,106.47,107.07,106.23,106.5,148623
2026-01-28 11:32:36,108.42,108.58,108.27,108.27,320900
2026-01-28 11:42:36,104.7,104.7,103.11,104.45,197162
2026-01-28 11:52:36,101.09,101.26,101.09,101.26,257778
2026-01-28 12:02:36,98.9,98.99,98.1,98.1,254761
2026-01-28 12:12:36,98.34,98.41,98.15,98.15,390514
2026-01-28 12:22:36,95.06,95.73,95.06,95.72,110422
2026-01-28 12:32:36,93.64,93.85,93.17,93.59,211170
2026-01-28 12:42:36,95.29,95.5,94.63,95.08,320866
2026-01-28 12:52:36,97.52,97.9,97.3,97.83,190880
2026-01-28 13:02:36,102.68,103.13,102.55,103.05,106693
2026-01-28 13:12:36,100.35,101.28,100.35,100.48,166043
2026-01-28 13:22:36,99.83,99.91,99.34,99.47,134797
2026-01-28 13:32:36,102.22,103.1,102.22,102.55,237597
2026-01-28 13:42:36,100.71,102.04,100.7,100.87,372571
2026-01-28 13:52:36,102.3,102.41,101.77,102.41,204101
2026-01-28 14:02:36,81.59,81.59,80.7,81.03,343055
2026-01-28 14:12:36,86.19,86.37,86.12,86.22,408415
2026-01-28 14:22:36,87.43,87.67,87.0,87.36,448476
2026-01-28 14:32:36,88.47,88.75,87.52,88.75,148155
2026-01-28 14:42:36,84.23,85.04,84.13,84.68,286376
2026-01-28 14:52:36,78.85,79.77,78.74,78.96,387709
2026-01-28 15:02:36,80.5,80.5,80.05,80.05,480113
2026-01-28 15:12:36,80.0,80.61,79.46,79.5,104101
2026-01-28 15:22:36,83.65,84.0,83.65,83.7,419999
2026-01-28 15:32:36,88.61,89.1,88.38,88.53,233322
2026-01-28 15:42:36,85.53,86.08,85.36,85.73,162128
2026-01-28 15:52:36,79.64,80.25,79.5,79.85,528050
2026-01-29 09:32:36,79.02,79.2,78.55,78.55,67470
2026-01-29 09:42:36,81.34,81.34,80.72,81.09,469335
2026-01-29 09:52:36,85.02,85.15,84.07,85.15,351327
2026-01-29 10:02:36,81.8,82.32,81.8,82.26,237898
2026-01-29 10:12:36,83.95,84.0,83.44,83.51,146480
2026-01-29 10:22:36,82.63,83.38,82.37,82.37,361196
2026-01-29 10:32:36,83.64,83.95,83.36,83.36,461304
2026-01-29 10:42:36,89.06,89.75,88.86,89.16,207512
2026-01-29 10:52:36,85.67,85.67,85.08,85.18,303995
2026-01-29 11:02:36,102.21,102.45,101.1,101.91,172935
2026-01-29 11:12:36,99.64,100.18,99.25,99.39,61083
2026-01-29 11:22:36,94.63,95.22,94.23,95.04,254737
2026-01-29 11:32:36,95.55,96.65,94.45,95.96,407617
2026-01-29 11:42:36,95.3,95.33,94.66,94.66,289808
2026-01-29 11:52:36,98.54,98.76,98.03,98.35,242598
2026-01-29 12:02:36,98.73,99.7,97.95,98.23,371182
2026-01-29 12:12:36,93.74,94.73,93.73,93.86,374710
2026-01-29 12:22:36,97.71,97.71,96.67,97.41,41122
2026-01-29 12:32:36,96.44,96.68,96.22,96.5,359517
2026-01-29 12:42:36,94.13,94.53,93.51,94.09,368805
2026-01-29 12:52:36,94.49,95.11,94.0,94.93,327064
2026-01-29 13:02:36,96.28,96.58,95.88,96.58,113883
2026-01-29 13:12:36,95.16,95.93,95.08,95.68,73070
2026-01-29 13:22:36,99.33,99.55,98.79,98.94,86009
2026-01-29 13:32:36,99.35,99.69,98.56,99.49,236642
2026-01-29 13:42:36,100.67,100.67,100.0,100.29,380371
2026-01-29 13:52:36,96.76,96.87,95.65,96.87,354293
2026-01-29 14:02:36,70.34,70.76,70.34,70.68,454633
2026-01-29 14:12:36,79.42,79.94,79.07,79.94,170515
2026-01-29 14:22:36,76.1,76.53,75.62,75.94,182929
2026-01-29 14:32:36,77.43,78.38,77.43,77.81,173778
2026-01-29 14:42:36,67.85,68.07,67.72,67.91,505821
2026-01-29 14:52:36,69.93,70.68,69.51,69.81,382805
2026-01-29 15:02:36,79.06,79.11,78.91,78.93,453380
2026-01-29 15:12:36,82.13,82.13,81.52,81.89,280222
2026-01-29 15:22:36,89.14,89.38,88.82,89.25,127985
2026-01-29 15:32:36,91.33,91.5,91.06,91.5,433093
2026-01-29 15:42:36,91.53,91.63,91.23,91.23,110335
2026-01-29 15:52:36,92.1,92.62,92.1,92.62,288856
2026-01-30 09:32:36,92.25,92.56,91.92,92.22,241255
2026-01-30 09:42:36,95.85,95.95,95.59,95.86,324132
2026-01-30 09:52:36,102.83,103.13,102.63,102.94,293930
2026-01-30 10:02:36,104.48,104.48,103.66,103.66,37875
2026-01-30 10:12:36,104.82,105.65,104.59,105.11,138057
2026-01-30 10:22:36,100.7,101.49,100.31,100.66,342818
2026-01-30 10:32:36,104.73,104.85,104.38,104.38,335963
2026-01-30 10:42:36,102.74,103.21,101.56,102.63,58814
2026-01-30 10:52:36,101.57,102.25,100.9,101.75,361948
2026-01-30 11:02:36,108.55,109.14,108.55,109.05,289977
2026-01-30 11:12:36,113.25,113.25,111.52,112.71,275437
2026-01-30 11:22:36,110.89,110.98,110.75,110.76,126910
2026-01-30 11:32:36,109.55,110.26,109.2,109.91,143661
2026-01-30 11:42:36,112.02,112.36,111.67,112.19,119534
2026-01-30 11:52:36,109.39,109.93,109.24,109.93,287624
2026-01-30 12:02:36,107.4,108.21,107.4,107.75,303380
2026-01-30 12:12:36,105.77,105.88,104.76,105.29,81606
2026-01-30 12:22:36,106.85,107.63,106.16,107.63,302243
2026-01-30 12:32:36,106.81,106.81,105.5,106.05,119439
2026-01-30 12:42:36,104.9,105.37,104.81,104.81,58327
2026-01-30 12:52:36,106.87,107.83,106.44,107.83,44766
2026-01-30 13:02:36,103.09,103.76,102.6,102.91,283414
2026-01-30 13:12:36,100.16,100.49,99.72,100.22,355086
2026-01-30 13:22:36,103.58,104.12,103.3,104.05,168427
2026-01-30 13:32:36,106.93,107.35,106.29,107.35,40230
2026-01-30 13:42:36,107.19,108.02,106.34,107.46,121129
2026-01-30 13:52:36,107.64,108.3,107.64,107.65,70460
2026-01-30 14:02:36,92.8,93.87,92.65,92.81,346373
2026-01-30 14:12:36,92.54,93.27,92.54,92.86,104500
2026-01-30 14:22:36,91.33,91.64,91.24,91.64,158410
2026-01-30 14:32:36,95.21,95.91,94.41,95.13,341020
2026-01-30 14:42:36,92.79,93.1,92.62,93.1,415181
2026-01-30 14:52:36,88.19,88.99,88.03,88.03,364500
2026-01-30 15:02:36,83.93,83.97,83.52,83.97,189796
2026-01-30 15:12:36,89.3,89.68,89.3,89.48,62957
2026-01-30 15:22:36,94.75,95.79,94.75,95.46,256967
2026-01-30 15:32:36,94.16,94.74,93.6,94.37,281339
2026-01-30 15:42:36,101.45,102.12,101.45,102.12,64757
2026-01-30 15:52:36,103.19,103.27,103.14,103.27,284207
2026-02-02 09:32:36,106.0,106.28,105.49,105.49,75222
2026-02-02 09:42:36,104.25,104.8,103.82,104.41,73131
2026-02-02 09:52:36,106.02,106.13,105.61,105.61,160927
2026-02-02 10:02:36,105.11,105.36,104.69,105.24,261638
2026-02-02 10:12:36,96.37,96.86,96.34,96.86,139303
2026-02-02 10:22:36,93.21,93.21,92.52,92.8,44143
2026-02-02 10:32:36,96.48,96.88,95.15,96.42,289507
2026-02-02 10:42:36,94.33,94.47,93.18,94.19,414713
2026-02-02 10:52:36,91.76,92.88,91.25,91.69,150109
2026-02-02 11:02:36,109.06,110.3,108.52,109.14,271513
2026-02-02 11:12:36,108.32,108.76,107.94,108.36,34749
2026-02-02 11:22:36,111.82,111.84,110.9,111.75,269275
2026-02-02 11:32:36,110.26,110.55,109.36,110.22,178116
2026-02-02 11:42:36,112.33,112.33,111.39,112.23,152786
2026-02-02 11:52:36,112.55,112.64,111.91,111.92,226599
2026-02-02 12:02:36,112.18,113.64,112.18,112.88,58980
2026-02-02 12:12:36,111.52,111.59,111.38,111.38,198063
2026-02-02 12:22:36,115.26,115.55,115.05,115.05,110796
2026-02-02 12:32:36,112.53,112.53,111.42,112.01,57320
2026-02-02 12:42:36,110.97,111.33,110.15,110.15,151201
2026-02-02 12:52:36,108.29,108.29,107.39,107.47,158786
2026-02-02 13:02:36,104.13,104.22,103.69,103.89,195190
2026-02-02 13:12:36,104.43,104.66,104.38,104.38,46889
2026-02-02 13:22:36,106.61,107.04,106.61,106.77,318339
2026-02-02 13:32:36,111.46,111.66,111.3,111.66,37463
2026-02-02 13:42:36,118.02,119.36,117.93,118.06,114308
2026-02-02 13:52:36,114.51,114.91,114.36,114.91,54829
2026-02-02 14:02:36,103.05,103.18,102.05,102.53,234043
2026-02-02 14:12:36,109.26,110.62,109.26,109.31,293563
2026-02-02 14:22:36,108.69,108.73,108.18,108.18,292834
2026-02-02 14:32:36,109.8,110.16,109.8,109.85,112825
2026-02-02 14:42:36,111.62,113.11,111.13,111.97,234056
2026-02-02 14:52:36,105.41,105.89,104.95,104.95,166021
2026-02-02 15:02:36,110.21,110.53,109.93,110.53,116328
2026-02-02 15:12:36,109.49,110.03,109.01,109.01,287238
2026-02-02 15:22:36,113.04,113.09,112.2,113.09,164930
2026-02-02 15:32:36,120.39,120.82,120.13,120.49,219019
2026-02-02 15:42:36,123.13,123.13,122.85,122.94,95201
2026-02-02 15:52:36,116.87,117.16,116.56,116.56,191028
2026-02-03 09:32:36,118.4,118.95,117.7,118.32,199002
2026-02-03 09:42:36,111.74,112.24,111.74,111.93,257061
2026-02-03 09:52:36,112.62,113.57,112.06,112.58,207814
2026-02-03 10:02:36,115.24,116.37,114.56,115.65,31269
2026-02-03 10:12:36,117.52,118.09,117.52,117.78,69942
2026-02-03 10:22:36,117.26,117.65,116.95,116.95,241004
2026-02-03 10:32:36,113.3,113.3,111.79,112.4,64223
2026-02-03 10:42:36,109.52,110.2,108.81,109.3,235880
2026-02-03 10:52:36,109.87,110.81,109.87,110.54,48448
2026-02-03 11:02:36,121.28,121.37,120.73,121.37,141079
2026-02-03 11:12:36,118.65,119.8,118.18,119.34,42806
2026-02-03 11:22:36,114.25,115.74,113.99,114.44,236837
2026-02-03 11:32:36,115.75,116.22,115.28,115.28,56674
2026-02-03 11:42:36,113.26,113.86,112.85,113.1,236541
2026-02-03 11:52:36,118.78,119.15,118.78,118.81,28466
2026-02-03 12:02:36,123.04,123.63,122.73,123.02,216198
2026-02-03 12:12:36,113.91,114.4,113.65,114.4,124220
2026-02-03 12:22:36,111.43,112.34,111.34,111.77,64373
2026-02-03 12:32:36,111.13,111.94,110.87,110.87,305455
2026-02-03 12:42:36,109.63,110.14,109.6,110.05,179054
2026-02-03 12:52:36,112.47,112.47,111.5,111.5,83200
2026-02-03 13:02:36,115.67,116.8,115.67,116.31,64482
2026-02-03 13:12:36,117.72,117.72,116.15,117.47,258332
2026-02-03 13:22:36,112.03,112.52,111.75,111.75,167600
2026-02-03 13:32:36,105.98,107.1,105.98,106.49,303852
2026-02-03 13:42:36,110.98,111.93,110.98,111.8,283629
2026-02-03 13:52:36,109.47,109.53,108.78,108.78,45305
2026-02-03 14:02:36,89.41,89.7,89.32,89.51,250003
2026-02-03 14:12:36,86.49,86.81,86.16,86.16,307522
2026-02-03 14:22:36,95.67,96.34,95.6,95.6,297805
2026-02-03 14:32:36,95.19,95.19,94.5,95.1,196193
2026-02-03 14:42:36,91.91,92.14,91.89,91.98,141029
2026-02-03 14:52:36,94.47,94.53,93.63,94.28,97512
2026-02-03 15:02:36,99.39,100.08,98.6,99.69,140304
2026-02-03 15:12:36,99.16,99.21,98.91,99.15,208678
2026-02-03 15:22:36,93.78,94.41,93.28,93.28,359811
2026-02-03 15:32:36,93.54,94.31,93.54,93.9,356046
2026-02-03 15:42:36,99.67,100.37,99.67,100.37,163437
2026-02-03 15:52:36,99.45,99.71,99.4,99.48,378460
2026-02-04 09:32:36,99.33,99.65,98.91,99.18,140637
2026-02-04 09:42:36,98.15,98.56,97.38,98.33,371433
2026-02-04 09:52:36,95.51,95.88,94.58,95.28,267929
2026-02-04 10:02:36,91.0,91.28,89.96,91.28,423766
2026-02-04 10:12:36,94.6,95.09,94.2,94.86,215495
2026-02-04 10:22:36,89.25,89.74,89.25,89.5,407983
2026-02-04 10:32:36,87.34,87.82,87.01,87.56,140012
2026-02-04 10:42:36,91.09,91.34,90.66,91.22,307237
2026-02-04 10:52:36,90.34,90.49,89.95,90.22,126491
2026-02-04 11:02:36,109.57,109.9,109.37,109.8,240834
2026-02-04 11:12:36,108.3,108.67,107.95,108.67,215948
2026-02-04 11:22:36,111.25,111.25,110.67,111.23,47320
2026-02-04 11:32:36,106.75,106.89,106.69,106.89,60702
2026-02-04 11:42:36,104.13,105.14,104.09,104.66,201304
2026-02-04 11:52:36,100.76,101.09,100.14,100.8,365453
2026-02-04 12:02:36,105.32,105.89,105.03,105.87,100448
2026-02-04 12:12:36,108.48,109.07,107.79,108.4,266034
2026-02-04 12:22:36,104.11,104.5,104.01,104.01,224122
2026-02-04 12:32:36,110.66,110.71,110.25,110.68,181919
2026-02-04 12:42:36,106.69,106.7,105.96,106.36,315621
2026-02-04 12:52:36,106.1,107.13,105.99,105.99,174534
2026-02-04 13:02:36,106.58,106.78,105.08,106.72,92843
2026-02-04 13:12:36,106.9,107.81,106.37,106.83,310227
2026-02-04 13:22:36,103.25,104.32,103.25,103.52,338306
2026-02-04 13:32:36,104.71,104.71,104.02,104.39,347145
2026-02-04 13:42:36,104.91,105.76,104.31,105.29,306996
2026-02-04 13:52:36,102.62,102.62,102.2,102.2,264192
2026-02-04 14:02:36,82.55,82.87,82.52,82.69,272087
2026-02-04 14:12:36,84.88,85.06,84.65,84.65,70560
2026-02-04 14:22:36,81.04,81.26,81.0,81.08,92373
2026-02-04 14:32:36,79.4,79.81,78.95,79.3,253372
2026-02-04 14:42:36,77.19,77.24,76.8,76.92,236036
2026-02-04 14:52:36,76.85,76.86,76.29,76.65,549071
2026-02-04 15:02:36,80.24,81.11,80.0,80.0,253631
2026-02-04 15:12:36,80.92,81.2,80.92,81.1,142209
2026-02-04 15:22:36,85.89,86.39,85.55,86.39,354020
2026-02-04 15:32:36,83.46,83.52,83.16,83.44,434498
2026-02-04 15:42:36,74.04,74.24,73.99,74.12,254852
2026-02-04 15:52:36,80.6,81.01,80.51,81.01,269266
2026-02-05 09:32:36,84.89,84.89,84.5,84.51,64947
2026-02-05 09:42:36,92.72,92.72,91.21,92.31,277738
2026-02-05 09:52:36,89.52,90.13,89.17,89.17,136049
2026-02-05 10:02:36,91.83,91.83,91.25,91.75,205214
2026-02-05 10:12:36,87.59,88.17,87.59,88.17,431109
2026-02-05 10:22:36,88.91,89.55,88.66,89.34,151257
2026-02-05 10:32:36,90.27,90.38,89.85,89.85,136517
2026-02-05 10:42:36,86.5,86.84,86.5,86.84,230743
2026-02-05 10:52:36,82.57,82.79,82.43,82.43,218072
2026-02-05 11:02:36,103.53,103.83,103.24,103.55,246508
2026-02-05 11:12:36,98.94,99.59,98.47,98.47,323809
2026-02-05 11:22:36,98.83,99.45,98.19,98.77,355478
2026-02-05 11:32:36,95.83,96.03,95.1,95.84,404251
2026-02-05 11:42:36,93.84,94.75,93.65,94.21,69605
2026-02-05 11:52:36,91.98,92.26,90.4,92.02,178254
2026-02-05 12:02:36,90.46,90.63,89.97,90.08,135341
2026-02-05 12:12:36,88.85,89.31,88.52,88.52,133225
2026-02-05 12:22:36,92.01,92.07,91.77,91.96,103066
2026-02-05 12:32:36,94.25,94.77,93.79,94.1,93072
2026-02-05 12:42:36,92.65,93.48,92.61,93.48,200974
2026-02-05 12:52:36,97.44,97.44,96.98,97.44,172885
2026-02-05 13:02:36,98.89,99.17,98.65,99.17,194918
2026-02-05 13:12:36,97.3,98.34,97.3,97.48,243937
2026-02-05 13:22:36,100.38,100.59,99.3,100.23,323228
2026-02-05 13:32:36,101.55,101.55,100.91,101.24,182802
2026-02-05 13:42:36,100.31,100.95,100.21,100.95,59331
2026-02-05 13:52:36,100.86,100.86,99.87,100.72,175899
2026-02-05 14:02:36,85.45,85.89,85.3,85.55,439766
2026-02-05 14:12:36,83.71,84.39,83.71,84.22,435851
2026-02-05 14:22:36,78.66,79.0,78.18,78.61,517579
2026-02-05 14:32:36,81.33,82.05,81.18,82.05,515689
2026-02-05 14:42:36,81.85,81.85,81.31,81.69,177037
2026-02-05 14:52:36,76.84,77.24,76.06,76.69,324031
2026-02-05 15:02:36,80.13,80.3,79.99,80.29,357473
2026-02-05 15:12:36,83.48,83.56,83.28,83.48,284687
2026-02-05 15:22:36,83.48,83.84,82.9,82.9,405241
2026-02-05 15:32:36,85.46,85.61,84.85,85.61,152170
2026-02-05 15:42:36,90.69,90.87,90.36,90.36,244414
2026-02-05 15:52:36,91.82,91.97,91.41,91.69,187594
2026-02-06 09:32:36,98.98,99.49,98.64,99.49,224611
2026-02-06 09:42:36,96.88,96.88,96.37,96.59,370387
2026-02-06 09:52:36,108.09,108.64,107.67,108.03,285522
2026-02-06 10:02:36,105.91,106.37,105.4,105.69,334562
2026-02-06 10:12:36,101.56,101.91,101.33,101.91,169717
2026-02-06 10:22:36,99.45,100.1,99.01,99.17,261631
2026-02-06 10:32:36,95.3,95.72,94.91,95.72,175893
2026-02-06 10:42:36,101.86,102.2,101.26,102.05,229013
2026-02-06 10:52:36,97.26,97.72,97.1,97.1,365004
2026-02-06 11:02:36,109.04,109.53,108.55,109.53,199158
2026-02-06 11:12:36,108.99,109.31,108.62,108.65,186256
2026-02-06 11:22:36,109.59,109.77,108.28,109.55,153872
2026-02-06 11:32:36,109.43,109.84,109.43,109.84,235474
2026-02-06 11:42:36,111.01,111.39,110.67,111.08,169732
2026-02-06 11:52:36,106.67,107.05,106.5,106.57,187675
2026-02-06 12:02:36,104.86,104.86,104.1,104.59,300208
2026-02-06 12:12:36,106.23,106.23,105.15,105.98,188188
2026-02-06 12:22:36,107.12,107.41,106.68,106.76,54244
2026-02-06 12:32:36,108.42,109.37,108.16,108.48,239647
2026-02-06 12:42:36,105.48,105.87,104.87,105.87,64359
2026-02-06 12:52:36,102.92,104.16,102.21,102.56,281136
2026-02-06 13:02:36,101.71,102.26,101.59,102.26,333909
2026-02-06 13:12:36,101.16,101.28,100.76,100.81,301118
2026-02-06 13:22:36,98.69,98.96,98.53,98.93,323374
2026-02-06 13:32:36,103.61,104.16,103.61,103.62,124684
2026-02-06 13:42:36,106.83,107.36,105.32,106.68,291028
2026-02-06 13:52:36,106.91,107.16,106.81,106.81,231694
2026-02-06 14:02:36,78.56,78.56,78.06,78.27,276697
2026-02-06 14:12:36,81.33,81.44,81.0,81.44,348296
2026-02-06 14:22:36,80.1,80.48,79.38,79.9,312225
2026-02-06 14:32:36,85.2,85.23,84.81,85.23,442673
2026-02-06 14:42:36,81.83,81.9,80.94,81.39,228573
2026-02-06 14:52:36,79.07,79.09,78.81,79.09,397949
2026-02-06 15:02:36,81.72,81.95,81.08,81.61,151456
2026-02-06 15:12:36,78.45,79.47,78.29,78.67,293927
2026-02-06 15:22:36,86.05,86.27,85.95,85.95,126550
2026-02-06 15:32:36,89.0,89.46,89.0,89.27,287052
2026-02-06 15:42:36,92.92,93.84,92.49,92.92,183343
2026-02-06 15:52:36,96.95,97.25,96.95,97.25,235908
2026-02-09 09:32:36,92.89,93.0,92.37,92.99,404813
2026-02-09 09:42:36,98.17,98.27,97.72,97.99,87153
2026-02-09 09:52:36,95.65,96.05,95.27,95.27,98054
2026-02-09 10:02:36,103.94,104.52,103.66,103.9,85652
2026-02-09 10:12:36,102.89,103.39,102.37,102.77,245587
2026-02-09 10:22:36,108.57,108.94,107.33,107.54,69774
2026-02-09 10:32:36,108.06,108.06,107.65,107.78,159439
2026-02-09 10:42:36,108.33,108.55,107.6,107.9,45925
2026-02-09 10:52:36,112.49,113.11,111.54,113.11,247196
2026-02-09 11:02:36,123.47,123.66,122.82,123.08,131034
2026-02-09 11:12:36,124.28,125.01,124.28,124.29,147333
2026-02-09 11:22:36,120.18,120.79,119.84,120.52,222828
2026-02-09 11:32:36,118.96,119.54,118.77,118.79,90162
2026-02-09 11:42:36,115.53,117.76,115.39,116.01,253282
2026-02-09 11:52:36,117.1,117.14,115.81,116.49,85985
2026-02-09 12:02:36,118.0,118.83,117.67,118.45,55819
2026-02-09 12:12:36,123.19,123.26,122.62,122.83,69487
2026-02-09 12:22:36,120.86,121.02,120.81,120.89,154198
2026-02-09 12:32:36,117.7,118.48,117.23,118.0,185905
2026-02-09 12:42:36,110.36,110.73,109.14,110.44,150419
2026-02-09 12:52:36,111.6,112.29,110.99,111.77,161875
2026-02-09 13:02:36,110.82,111.59,110.69,111.01,267949
2026-02-09 13:12:36,110.17,110.57,109.87,109.87,78005
2026-02-09 13:22:36,113.98,114.76,113.7,113.7,256790
2026-02-09 13:32:36,113.98,114.27,112.56,114.15,145734
2026-02-09 13:42:36,113.79,114.75,112.88,114.75,167803
2026-02-09 13:52:36,114.34,114.89,114.34,114.59,46342
2026-02-09 14:02:36,108.77,109.29,108.63,109.29,152251
2026-02-09 14:12:36,115.62,116.09,115.62,115.69,227823
2026-02-09 14:22:36,109.37,110.3,108.33,108.79,126079
2026-02-09 14:32:36,112.88,113.3,112.84,113.3,226388
2026-02-09 14:42:36,108.33,109.2,107.8,108.68,77442
2026-02-09 14:52:36,114.69,114.69,113.57,113.73,280804
2026-02-09 15:02:36,115.12,115.92,113.97,114.06,68898
2026-02-09 15:12:36,119.75,121.31,119.29,120.53,142909
2026-02-09 15:22:36,111.88,112.6,111.75,111.97,50643
2026-02-09 15:32:36,115.26,116.45,115.06,115.28,176596
2026-02-09 15:42:36,117.23,117.23,115.86,116.76,224051
2026-02-09 15:52:36,116.0,116.48,115.54,116.3,77223
2026-02-10 09:32:36,115.41,115.81,115.13,115.13,212170
2026-02-10 09:42:36,112.4,112.84,111.99,112.41,267790
2026-02-10 09:52:36,116.57,117.22,116.04,116.36,26812
2026-02-10 10:02:36,115.47,115.88,115.06,115.23,262980
2026-02-10 10:12:36,118.39,118.89,118.39,118.89,105882
2026-02-10 10:22:36,122.01,122.52,121.57,122.52,146506
2026-02-10 10:32:36,121.0,121.26,120.7,121.26,231097
2026-02-10 10:42:36,126.24,126.56,125.65,126.27,97857
2026-02-10 10:52:36,127.64,127.64,126.7,127.22,127741
2026-02-10 11:02:36,126.66,127.97,125.95,125.95,172571
2026-02-10 11:12:36,129.42,129.55,128.96,129.39,166718
2026-02-10 11:22:36,126.84,127.4,126.66,126.91,26747
2026-02-10 11:32:36,127.22,128.02,127.22,127.86,98093
2026-02-10 11:42:36,129.66,130.39,129.27,129.93,44973
2026-02-10 11:52:36,125.79,126.73,125.79,126.63,148734
2026-02-10 12:02:36,128.02,128.02,126.95,127.46,68183
2026-02-10 12:12:36,126.03,126.95,126.01,126.37,98061
2026-02-10 12:22:36,127.93,128.7,126.87,126.87,116239
2026-02-10 12:32:36,130.61,131.2,129.66,130.44,135882
2026-02-10 12:42:36,135.08,135.24,133.33,134.36,73910
2026-02-10 12:52:36,131.01,131.66,131.01,131.66,127613
2026-02-10 13:02:36,132.34,132.36,131.16,131.94,82458
2026-02-10 13:12:36,128.82,128.82,128.09,128.43,137477
2026-02-10 13:22:36,132.2,132.94,132.2,132.41,33827
2026-02-10 13:32:36,132.79,134.74,132.13,132.89,74907
2026-02-10 13:42:36,128.26,128.81,128.26,128.81,56276
2026-02-10 13:52:36,120.33,120.72,120.33,120.49,44874
2026-02-10 14:02:36,108.16,109.1,108.16,108.39,319741
2026-02-10 14:12:36,109.31,111.23,108.61,108.98,194398
2026-02-10 14:22:36,112.98,113.35,112.5,113.35,153199
2026-02-10 14:32:36,107.81,107.81,106.99,107.78,98628
2026-02-10 14:42:36,107.6,108.38,106.73,107.52,95650
2026-02-10 14:52:36,105.61,105.66,104.82,104.82,271106
2026-02-10 15:02:36,105.38,105.38,104.6,105.24,245716
2026-02-10 15:12:36,102.94,103.67,102.14,102.98,343143
2026-02-10 15:22:36,104.99,105.25,104.73,105.21,186992
2026-02-10 15:32:36,101.95,101.95,101.02,101.37,341339
2026-02-10 15:42:36,97.4,98.27,97.11,97.24,114165
2026-02-10 15:52:36,95.57,96.16,95.57,95.8,211289
2026-02-11 09:32:36,97.36,97.45,97.22,97.36,356188
2026-02-11 09:42:36,97.71,98.3,97.57,97.57,225785
2026-02-11 09:52:36,97.68,98.07,97.34,97.77,168464
2026-02-11 10:02:36,96.75,96.88,96.05,96.39,362702
2026-02-11 10:12:36,96.51,97.24,96.26,96.59,245493
2026-02-11 10:22:36,101.69,102.5,101.52,101.81,140249
2026-02-11 10:32:36,100.8,100.8,100.06,100.8,261784
2026-02-11 10:42:36,100.96,101.04,100.71,100.73,219045
2026-02-11 10:52:36,100.83,101.17,100.46,100.77,376979
2026-02-11 11:02:36,112.87,114.15,112.46,113.44,282096
2026-02-11 11:12:36,114.02,114.29,113.93,114.25,57459
2026-02-11 11:22:36,114.96,114.96,114.42,114.63,84373
2026-02-11 11:32:36,115.34,115.48,114.77,115.0,267593
2026-02-11 11:42:36,118.12,118.12,117.81,117.81,100232
2026-02-11 11:52:36,117.52,118.49,117.15,117.58,227987
2026-02-11 12:02:36,119.46,120.6,118.94,119.32,51363
2026-02-11 12:12:36,117.91,118.69,117.85,118.23,185513
2026-02-11 12:22:36,122.24,123.01,121.61,122.52,167708
2026-02-11 12:32:36,121.7,122.35,121.51,122.35,101288
2026-02-11 12:42:36,127.92,127.92,126.59,127.8,67258
2026-02-11 12:52:36,127.36,127.51,125.9,127.51,109145
2026-02-11 13:02:36,130.62,130.88,129.14,130.63,54356
2026-02-11 13:12:36,128.54,129.17,128.53,128.53,157827
2026-02-11 13:22:36,132.29,133.31,131.79,132.07,68462
2026-02-11 13:32:36,133.01,133.48,132.35,132.77,136893
2026-02-11 13:42:36,133.24,133.83,133.05,133.46,22053
2026-02-11 13:52:36,127.14,127.7,125.99,127.09,114082
2026-02-11 14:02:36,124.85,125.08,124.83,124.83,116771
2026-02-11 14:12:36,123.6,124.49,122.49,123.45,108837
2026-02-11 14:22:36,120.25,121.42,119.97,120.92,93262
2026-02-11 14:32:36,109.74,110.47,109.14,109.38,139104
2026-02-11 14:42:36,106.53,106.53,105.95,105.95,119649
2026-02-11 14:52:36,97.13,97.41,96.75,97.11,297361
2026-02-11 15:02:36,101.54,102.27,101.53,101.59,97486
2026-02-11 15:12:36,102.91,103.85,102.89,103.71,127094
2026-02-11 15:22:36,102.99,103.6,102.73,102.94,56895
2026-02-11 15:32:36,104.89,105.63,104.36,104.92,114794
2026-02-11 15:42:36,103.88,104.09,103.34,103.34,150699
2026-02-11 15:52:36,101.48,102.14,101.48,101.75,272273
2026-02-12 09:32:36,95.26,95.45,94.67,94.97,114178
2026-02-12 09:42:36,99.94,100.52,99.6,100.36,188160
2026-02-12 09:52:36,104.45,104.86,104.45,104.61,172526
2026-02-12 10:02:36,107.15,107.15,106.68,107.15,260372
2026-02-12 10:12:36,105.2,105.97,105.03,105.82,171507
2026-02-12 10:22:36,108.86,109.19,108.74,108.74,173903
2026-02-12 10:32:36,102.03,102.74,100.93,102.03,265879
2026-02-12 10:42:36,105.63,105.93,105.21,105.61,272512
2026-02-12 10:52:36,107.77,108.5,107.77,107.88,75448
2026-02-12 11:02:36,119.68,119.9,119.46,119.56,120852
2026-02-12 11:12:36,120.03,120.3,119.59,120.0,48100
2026-02-12 11:22:36,121.49,121.79,120.45,121.61,160767
2026-02-12 11:32:36,121.38,123.0,121.34,121.75,141256
2026-02-12 11:42:36,119.6,119.97,119.19,119.97,89319
2026-02-12 11:52:36,120.08,121.92,120.0,120.08,151869
2026-02-12 12:02:36,114.81,115.74,114.38,114.88,244427
2026-02-12 12:12:36,116.34,116.49,115.54,115.88,80648
2026-02-12 12:22:36,118.78,119.0,118.39,119.0,149590
2026-02-12 12:32:36,117.0,117.83,117.0,117.22,88318
2026-02-12 12:42:36,116.91,116.99,115.7,116.51,32648
2026-02-12 12:52:36,116.61,116.88,116.19,116.19,199257
2026-02-12 13:02:36,116.82,117.45,116.82,117.23,169199
2026-02-12 13:12:36,113.74,114.01,113.64,113.69,94434
2026-02-12 13:22:36,109.84,110.21,109.43,109.54,33533
2026-02-12 13:32:36,111.78,112.37,111.67,112.37,275778
2026-02-12 13:42:36,107.34,108.12,106.18,107.34,216423
2026-02-12 13:52:36,103.86,104.01,103.23,103.39,155069
2026-02-12 14:02:36,75.09,75.49,74.9,75.22,168768
2026-02-12 14:12:36,75.61,75.94,75.44,75.78,397037
2026-02-12 14:22:36,77.67,77.89,77.43,77.59,149724
2026-02-12 14:32:36,68.45,68.45,68.05,68.21,161978
2026-02-12 14:42:36,69.8,69.83,69.43,69.43,442686
2026-02-12 14:52:36,65.92,65.92,65.32,65.58,408114
2026-02-12 15:02:36,68.45,68.81,68.03,68.03,73196
2026-02-12 15:12:36,60.44,60.96,60.14,60.38,594312
2026-02-12 15:22:36,62.91,62.91,62.53,62.63,458712
2026-02-12 15:32:36,58.37,58.93,58.27,58.54,199626
2026-02-12 15:42:36,50.78,50.95,50.78,50.89,420063
2026-02-12 15:52:36,52.18,52.29,51.92,52.29,568318
2026-02-13 09:32:36,45.78,45.78,45.05,45.6,488584
2026-02-13 09:42:36,38.02,38.24,37.96,38.05,161508
2026-02-13 09:52:36,37.71,37.79,37.55,37.69,460876
2026-02-13 10:02:36,31.8,31.83,31.65,31.65,250924
2026-02-13 10:12:36,32.58,32.72,32.49,32.49,455494
2026-02-13 10:22:36,45.09,45.16,44.94,45.16,149799
2026-02-13 10:32:36,42.3,42.93,42.22,42.33,564806
2026-02-13 10:42:36,41.85,42.04,41.64,41.68,500067
2026-02-13 10:52:36,48.48,48.98,48.43,48.68,477279
2026-02-13 11:02:36,78.01,78.38,77.75,77.95,72741
2026-02-13 11:12:36,76.77,76.85,76.08,76.33,267203
2026-02-13 11:22:36,74.65,75.04,74.32,74.76,461986
2026-02-13 11:32:36,72.19,72.68,72.19,72.28,296311
2026-02-13 11:42:36,71.52,71.58,71.31,71.31,191951
2026-02-13 11:52:36,71.03,71.03,70.69,70.69,301352
2026-02-13 12:02:36,70.29,70.72,70.18,70.25,183951
2026-02-13 12:12:36,71.06,71.24,70.91,70.91,380684
2026-02-13 12:22:36,67.69,67.95,67.52,67.65,215298
2026-02-13 12:32:36,67.33,67.5,67.33,67.45,371263
2026-02-13 12:42:36,70.95,71.27,70.37,70.72,476244
2026-02-13 12:52:36,73.86,73.86,73.41,73.69,442297
2026-02-13 13:02:36,69.61,70.1,69.49,69.83,269489
2026-02-13 13:12:36,74.91,75.13,74.58,75.13,493315
2026-02-13 13:22:36,76.84,76.92,76.11,76.58,173254
2026-02-13 13:32:36,78.51,78.7,78.15,78.15,177778
2026-02-13 13:42:36,78.46,78.79,77.85,78.79,116553
2026-02-13 13:52:36,76.6,77.02,75.55,76.32,260739
2026-02-13 14:02:36,34.29,34.43,34.19,34.33,454169
2026-02-13 14:12:36,38.27,38.33,38.2,38.25,427002
2026-02-13 14:22:36,37.48,37.48,36.96,37.41,592476
2026-02-13 14:32:36,36.98,37.27,36.87,36.93,533865
2026-02-13 14:42:36,37.6,37.73,37.41,37.43,173066
2026-02-13 14:52:36,36.17,36.17,35.96,36.07,690127
2026-02-13 15:02:36,29.2,29.36,28.88,29.12,471013
2026-02-13 15:12:36,29.45,29.59,29.29,29.47,114199
2026-02-13 15:22:36,27.88,28.0,27.71,27.8,576221
2026-02-13 15:32:36,28.2,28.44,28.03,28.35,521628
2026-02-13 15:42:36,35.53,35.81,35.35,35.56,320135
2026-02-13 15:52:36,36.44,36.85,36.39,36.72,248178
2026-02-16 09:32:36,32.5,32.71,32.44,32.66,366181
2026-02-16 09:42:36,27.45,27.56,27.36,27.56,319858
2026-02-16 09:52:36,29.86,30.04,29.77,29.93,202257
2026-02-16 10:02:36,27.38,27.41,27.26,27.39,721316
2026-02-16 10:12:36,23.85,23.98,23.75,23.84,286591
2026-02-16 10:22:36,20.82,21.01,20.82,20.98,422411
2026-02-16 10:32:36,16.44,16.53,16.36,16.36,591483
2026-02-16 10:42:36,14.02,14.05,13.99,13.99,215749
2026-02-16 10:52:36,12.71,12.88,12.71,12.76,772426
2026-02-16 11:02:36,51.43,52.11,51.43,51.81,427681
2026-02-16 11:12:36,54.9,54.9,54.74,54.84,194763
2026-02-16 11:22:36,52.53,52.53,51.93,52.41,177614
2026-02-16 11:32:36,52.89,53.12,52.31,52.82,259442
2026-02-16 11:42:36,45.7,45.92,45.54,45.81,358631
2026-02-16 11:52:36,49.34,49.34,49.03,49.23,342300
2026-02-16 12:02:36,47.62,47.7,47.35,47.65,293246
2026-02-16 12:12:36,52.27,52.6,51.95,52.38,111301
2026-02-16 12:22:36,51.32,51.5,51.32,51.5,607421
2026-02-16 12:32:36,51.99,52.32,51.61,51.9,542768
2026-02-16 12:42:36,48.56,48.69,48.53,48.54,646770
2026-02-16 12:52:36,50.69,50.69,50.55,50.62,146108
2026-02-16 13:02:36,54.38,54.71,54.16,54.46,445969
2026-02-16 13:12:36,50.97,51.12,50.92,51.11,383259
2026-02-16 13:22:36,51.94,51.94,51.51,51.73,695792
2026-02-16 13:32:36,48.62,48.75,48.61,48.75,665875
2026-02-16 13:42:36,46.02,46.34,46.02,46.34,239419
2026-02-16 13:52:36,45.64,45.64,45.09,45.46,609114
2026-02-16 14:02:36,-15.81,-15.81,-15.85,-15.85,402916
2026-02-16 14:12:36,-9.02,-8.99,-9.02,-8.99,1150506
2026-02-16 14:22:36,-5.75,-5.75,-5.75,-5.75,529838
2026-02-16 14:32:36,-5.83,-5.79,-5.83,-5.79,1031072
2026-02-16 14:42:36,-10.18,-10.18,-10.18,-10.18,1035078
2026-02-16 14:52:36,-10.12,-10.11,-10.12,-10.11,1017107
2026-02-16 15:02:36,-5.2,-5.2,-5.21,-5.21,831242
2026-02-16 15:12:36,-1.68,-1.66,-1.68,-1.66,879723
2026-02-16 15:22:36,7.37,7.39,7.37,7.39,660841
2026-02-16 15:32:36,16.97,16.97,16.71,16.93,467493
2026-02-16 15:42:36,16.65,16.79,16.58,16.64,578470
2026-02-16 15:52:36,12.46,12.61,12.46,12.5,832458
2026-02-17 09:32:36,10.12,10.15,10.05,10.1,750866
2026-02-17 09:42:36,9.38,9.4,9.33,9.37,668573
2026-02-17 09:52:36,12.72,12.79,12.69,12.79,829399
2026-02-17 10:02:36,12.06,12.12,11.96,12.03,348981
2026-02-17 10:12:36,10.75,10.82,10.75,10.81,486393
2026-02-17 10:22:36,10.53,10.63,10.53,10.56,552380
2026-02-17 10:32:36,7.65,7.65,7.61,7.61,410320
2026-02-17 10:42:36,5.68,5.77,5.68,5.71,347077
2026-02-17 10:52:36,6.14,6.17,6.12,6.14,764538
2026-02-17 11:02:36,51.5,51.73,51.09,51.22,91290
2026-02-17 11:12:36,51.39,51.58,51.22,51.33,581474
2026-02-17 11:22:36,48.86,48.86,48.59,48.73,559678
2026-02-17 11:32:36,45.25,45.75,45.23,45.31,551239
2026-02-17 11:42:36,51.38,51.55,50.95,51.27,303480
2026-02-17 11:52:36,49.63,50.31,49.63,49.77,538282
2026-02-17 12:02:36,48.47,48.93,48.34,48.92,413499
2026-02-17 12:12:36,45.76,45.86,45.63,45.64,151358
2026-02-17 12:22:36,45.3,45.45,45.26,45.45,321920
2026-02-17 12:32:36,36.64,36.78,36.61,36.78,173110
2026-02-17 12:42:36,31.9,31.93,31.74,31.8,628565
2026-02-17 12:52:36,30.57,30.72,30.57,30.72,495543
2026-02-17 13:02:36,34.88,34.88,34.7,34.72,665553
2026-02-17 13:12:36,40.39,40.53,40.17,40.52,319896
2026-02-17 13:22:36,37.78,38.12,37.75,37.75,347250
2026-02-17 13:32:36,34.37,34.37,34.21,34.33,753758
2026-02-17 13:42:36,34.94,35.16,34.94,35.15,269445
2026-02-17 13:52:36,38.47,38.47,38.0,38.39,308131
2026-02-17 14:02:36,-17.39,-17.29,-17.39,-17.29,737103
2026-02-17 14:12:36,-13.26,-13.26,-13.27,-13.27,396948
2026-02-17 14:22:36,-8.28,-8.28,-8.28,-8.28,425755
2026-02-17 14:32:36,-11.09,-11.09,-11.1,-11.1,745790
2026-02-17 14:42:36,-9.89,-9.89,-9.9,-9.9,831489
2026-02-17 14:52:36,-11.16,-11.15,-11.16,-11.15,762774
2026-02-17 15:02:36,-14.38,-14.38,-14.47,-14.47,547944
2026-02-17 15:12:36,-11.46,-11.46,-11.46,-11.46,811581
2026-02-17 15:22:36,-19.43,-19.43,-19.44,-19.44,983567
2026-02-17 15:32:36,-22.06,-21.98,-22.06,-21.98,1046559
2026-02-17 15:42:36,-22.76,-22.71,-22.76,-22.71,222478
2026-02-17 15:52:36,-21.12,-21.11,-21.12,-21.11,703521
2026-02-18 09:32:36,-16.85,-16.84,-16.85,-16.84,642746
2026-02-18 09:42:36,-15.61,-15.59,-15.61,-15.59,997620
2026-02-18 09:52:36,-18.13,-18.13,-18.26,-18.26,1111354
2026-02-18 10:02:36,-19.37,-19.36,-19.37,-19.36,263405
2026-02-18 10:12:36,-25.33,-25.33,-25.48,-25.48,1062427
2026-02-18 10:22:36,-20.79,-20.79,-20.81,-20.81,956621
2026-02-18 10:32:36,-23.67,-23.65,-23.67,-23.65,1051355
2026-02-18 10:42:36,-30.88,-30.81,-30.88,-30.86,478433
2026-02-18 10:52:36,-28.64,-28.64,-28.66,-28.66,268710
2026-02-18 11:02:36,30.54,30.58,30.44,30.58,724063
2026-02-18 11:12:36,32.05,32.08,31.91,32.07,149207
2026-02-18 11:22:36,30.57,30.65,30.51,30.61,435735
2026-02-18 11:32:36,30.91,31.28,30.76,30.76,161070
2026-02-18 11:42:36,34.14,34.14,33.84,33.94,791531
2026-02-18 11:52:36,31.14,31.16,31.06,31.16,338009
2026-02-18 12:02:36,30.41,30.51,30.29,30.29,175995
2026-02-18 12:12:36,33.34,33.42,33.3,33.3,621739
2026-02-18 12:22:36,30.41,30.62,30.38,30.38,389398
2026-02-18 12:32:36,27.4,27.43,27.18,27.41,738628
2026-02-18 12:42:36,28.92,28.95,28.76,28.76,491882
2026-02-18 12:52:36,27.73,27.84,27.63,27.84,777179
2026-02-18 13:02:36,26.23,26.45,25.94,26.24,519938
2026-02-18 13:12:36,27.44,27.7,27.44,27.56,426124
2026-02-18 13:22:36,31.21,31.5,31.06,31.5,706321
2026-02-18 13:32:36,31.05,31.11,31.03,31.03,243898
2026-02-18 13:42:36,32.92,33.13,32.88,32.88,806949
2026-02-18 13:52:36,38.08,38.35,37.97,38.35,689742
2026-02-18 14:02:36,-15.12,-15.12,-15.15,-15.12,466933
2026-02-18 14:12:36,-17.58,-17.58,-17.63,-17.63,177867
2026-02-18 14:22:36,-20.81,-20.81,-20.82,-20.82,235365
2026-02-18 14:32:36,-16.12,-16.12,-16.2,-16.2,776288
2026-02-18 14:42:36,-20.77,-20.77,-20.83,-20.83,979358
2026-02-18 14:52:36,-23.82,-23.82,-23.94,-23.94,474721
2026-02-18 15:02:36,-30.14,-30.09,-30.14,-30.09,574408
2026-02-18 15:12:36,-28.98,-28.89,-28.98,-28.89,464292
2026-02-18 15:22:36,-28.8,-28.8,-28.99,-28.99,1297429
2026-02-18 15:32:36,-20.39,-20.34,-20.39,-20.34,860219
2026-02-18 15:42:36,-24.93,-24.88,-24.93,-24.88,506034
2026-02-18 15:52:36,-23.54,-23.45,-23.54,-23.45,1187159
2026-02-19 09:32:36,-22.47,-22.45,-22.47,-22.45,1077502
2026-02-19 09:42:36,-20.08,-20.06,-20.08,-20.06,742962
2026-02-19 09:52:36,-18.05,-17.97,-18.05,-17.97,742842
2026-02-19 10:02:36,-18.85,-18.85,-18.85,-18.85,1149221
2026-02-19 10:12:36,-21.67,-21.67,-21.68,-21.68,1066868
2026-02-19 10:22:36,-32.13,-32.13,-32.13,-32.13,220166
2026-02-19 10:32:36,-35.0,-35.0,-35.21,-35.21,1348075
2026-02-19 10:42:36,-30.05,-30.05,-30.14,-30.14,984523
2026-02-19 10:52:36,-30.78,-30.61,-30.78,-30.61,765438
2026-02-19 11:02:36,36.08,36.3,35.82,36.1,322765
2026-02-19 11:12:36,34.58,34.76,34.58,34.59,309783
2026-02-19 11:22:36,32.72,32.88,32.4,32.75,437270
2026-02-19 11:32:36,30.6,30.89,30.6,30.68,772086
2026-02-19 11:42:36,30.53,30.62,30.51,30.59,630906
2026-02-19 11:52:36,26.62,26.74,26.61,26.63,651978
2026-02-19 12:02:36,23.64,23.69,23.57,23.69,328060
2026-02-19 12:12:36,20.55,20.57,20.41,20.56,309677
2026-02-19 12:22:36,22.04,22.19,22.0,22.19,576279
2026-02-19 12:32:36,18.3,18.55,18.27,18.32,697639
2026-02-19 12:42:36,22.84,23.06,22.58,22.81,316746
2026-02-19 12:52:36,15.69,15.74,15.69,15.69,174350
2026-02-19 13:02:36,13.42,13.46,13.35,13.41,989176
2026-02-19 13:12:36,12.57,12.62,12.55,12.59,214459
2026-02-19 13:22:36,13.81,13.81,13.67,13.72,855325
2026-02-19 13:32:36,19.56,19.65,19.4,19.63,923989
2026-02-19 13:42:36,19.17,19.25,19.12,19.25,432309
2026-02-19 13:52:36,17.9,18.05,17.84,17.9,367693
2026-02-19 14:02:36,-45.96,-45.96,-46.21,-46.21,911346
2026-02-19 14:12:36,-41.98,-41.98,-42.17,-42.17,960393
2026-02-19 14:22:36,-42.76,-42.72,-42.76,-42.72,238940
2026-02-19 14:32:36,-41.12,-41.12,-41.22,-41.22,435184
2026-02-19 14:42:36,-42.18,-41.91,-42.18,-41.91,747438
2026-02-19 14:52:36,-42.06,-42.05,-42.06,-42.05,358234
2026-02-19 15:02:36,-40.8,-40.8,-40.97,-40.97,881753
2026-02-19 15:12:36,-44.19,-44.19,-44.34,-44.34,956867
2026-02-19 15:22:36,-50.07,-49.83,-50.07,-49.83,586209
2026-02-19 15:32:36,-53.34,-53.34,-53.59,-53.59,1444632
2026-02-19 15:42:36,-53.75,-53.75,-54.07,-54.07,1479294
2026-02-19 15:52:36,-44.25,-44.11,-44.25,-44.11,517157
2026-02-20 09:32:36,-44.47,-44.31,-44.47,-44.31,804890
2026-02-20 09:42:36,-47.05,-47.05,-47.1,-47.1,896854
2026-02-20 09:52:36,-48.65,-48.49,-48.65,-48.49,903211
2026-02-20 10:02:36,-49.51,-49.51,-49.55,-49.55,1288517
2026-02-20 10:12:36,-52.41,-52.41,-52.63,-52.63,710052
2026-02-20 10:22:36,-52.29,-52.04,-52.29,-52.04,1424508
2026-02-20 10:32:36,-51.07,-51.07,-51.13,-51.13,252561
2026-02-20 10:42:36,-48.55,-48.54,-48.55,-48.54,495948
2026-02-20 10:52:36,-46.12,-45.82,-46.12,-45.82,368386
2026-02-20 11:02:36,16.68,16.72,16.64,16.72,759481
2026-02-20 11:12:36,16.04,16.22,15.88,16.05,379964
2026-02-20 11:22:36,19.53,19.53,19.36,19.44,941981
2026-02-20 11:32:36,20.31,20.43,20.28,20.33,724468
2026-02-20 11:42:36,18.1,18.24,18.1,18.21,228185
2026-02-20 11:52:36,22.06,22.32,21.97,22.06,896233
2026-02-20 12:02:36,21.98,21.98,21.83,21.98,613828
2026-02-20 12:12:36,17.3,17.5,17.27,17.43,759537
2026-02-20 12:22:36,16.05,16.13,16.05,16.07,372029
2026-02-20 12:32:36,11.83,11.86,11.83,11.86,646330
2026-02-20 12:42:36,7.24,7.24,7.17,7.19,307167
2026-02-20 12:52:36,-3.38,-3.37,-3.38,-3.37,555089
2026-02-20 13:02:36,-7.03,-7.02,-7.03,-7.02,398831
2026-02-20 13:12:36,-5.41,-5.39,-5.41,-5.39,472624
2026-02-20 13:22:36,-5.0,-5.0,-5.02,-5.02,1046894
2026-02-20 13:32:36,-2.5,-2.48,-2.5,-2.48,852894
2026-02-20 13:42:36,-5.39,-5.38,-5.39,-5.38,162188
2026-02-20 13:52:36,-3.12,-3.12,-3.13,-3.13,145356
2026-02-20 14:02:36,-70.74,-70.56,-70.77,-70.77,1085819
2026-02-20 14:12:36,-73.25,-73.23,-73.25,-73.23,801696
2026-02-20 14:22:36,-75.97,-75.97,-76.05,-76.05,1030488
2026-02-20 14:32:36,-81.02,-81.02,-81.53,-81.53,1632908
2026-02-20 14:42:36,-74.07,-73.94,-74.07,-73.94,1313079
2026-02-20 14:52:36,-85.7,-85.53,-85.7,-85.53,1641171
2026-02-20 15:02:36,-88.73,-88.73,-88.79,-88.79,1622747
2026-02-20 15:12:36,-91.8,-91.43,-91.83,-91.83,1591605
2026-02-20 15:22:36,-88.78,-88.78,-89.28,-89.28,1051123
2026-02-20 15:32:36,-84.35,-83.87,-84.35,-83.87,1209008
2026-02-20 15:42:36,-81.23,-81.23,-81.3,-81.3,197364
2026-02-20 15:52:36,-83.0,-83.0,-83.05,-83.04,362653
2026-02-23 09:32:36,-83.85,-83.61,-83.85,-83.61,288063
2026-02-23 09:42:36,-80.42,-80.42,-81.05,-81.05,1671733
2026-02-23 09:52:36,-85.74,-85.74,-86.15,-86.15,1422289
2026-02-23 10:02:36,-79.52,-79.1,-79.52,-79.1,771243
2026-02-23 10:12:36,-80.54,-80.0,-80.54,-80.0,617204
2026-02-23 10:22:36,-82.07,-81.37,-82.07,-81.37,1121207
2026-02-23 10:32:36,-79.48,-78.76,-79.48,-78.76,645969
2026-02-23 10:42:36,-84.6,-84.6,-84.84,-84.84,841032
2026-02-23 10:52:36,-85.89,-85.89,-86.42,-86.42,1556869
2026-02-23 11:02:36,-8.65,-8.65,-8.65,-8.65,280521
2026-02-23 11:12:36,-6.64,-6.64,-6.65,-6.65,818062
2026-02-23 11:22:36,-7.6,-7.6,-7.62,-7.62,793842
2026-02-23 11:32:36,-3.94,-3.92,-3.94,-3.92,876162
2026-02-23 11:42:36,1.36,1.37,1.35,1.36,333457
2026-02-23 11:52:36,-1.76,-1.76,-1.77,-1.77,691833
2026-02-23 12:02:36,-6.59,-6.59,-6.59,-6.59,174962
2026-02-23 12:12:36,-8.26,-8.23,-8.26,-8.23,848527
2026-02-23 12:22:36,-10.32,-10.32,-10.35,-10.35,874081
2026-02-23 12:32:36,-11.47,-11.47,-11.51,-11.5,598995
2026-02-23 12:42:36,-10.69,-10.68,-10.69,-10.68,740326
2026-02-23 12:52:36,-12.38,-12.35,-12.38,-12.35,306107
2026-02-23 13:02:36,-8.38,-8.38,-8.44,-8.44,859511
2026-02-23 13:12:36,-10.33,-10.29,-10.33,-10.29,118553
2026-02-23 13:22:36,-7.77,-7.77,-7.78,-7.78,592433
2026-02-23 13:32:36,-7.09,-7.09,-7.1,-7.1,224919
2026-02-23 13:42:36,-10.2,-10.2,-10.25,-10.25,557611
2026-02-23 13:52:36,-10.15,-10.12,-10.15,-10.12,966962
2026-02-23 14:02:36,-87.28,-86.88,-87.28,-86.88,326398
2026-02-23 14:12:36,-85.1,-85.1,-85.36,-85.36,1653544
2026-02-23 14:22:36,-86.64,-86.64,-87.22,-87.22,962788
2026-02-23 14:32:36,-85.56,-85.56,-85.67,-85.67,1482697
2026-02-23 14:42:36,-84.37,-84.27,-84.37,-84.27,1595536
2026-02-23 14:52:36,-86.16,-86.16,-86.21,-86.21,244772
2026-02-23 15:02:36,-88.2,-88.2,-88.4,-88.4,938316
2026-02-23 15:12:36,-83.86,-83.86,-84.37,-84.37,192720
2026-02-23 15:22:36,-81.87,-81.87,-82.07,-82.07,1486574
2026-02-23 15:32:36,-82.63,-82.32,-82.63,-82.39,1064391
2026-02-23 15:42:36,-81.6,-81.35,-81.6,-81.35,529503
2026-02-23 15:52:36,-79.96,-79.96,-80.06,-80.06,423597
2026-02-24 09:32:36,-78.05,-77.84,-78.05,-77.84,1014745
2026-02-24 09:42:36,-71.61,-71.61,-71.71,-71.71,653851
2026-02-24 09:52:36,-75.32,-75.29,-75.32,-75.29,1400251
2026-02-24 10:02:36,-85.91,-85.91,-86.15,-86.15,727884
2026-02-24 10:12:36,-94.14,-93.54,-94.14,-93.54,1691457
2026-02-24 10:22:36,-92.75,-92.75,-92.75,-92.75,625025
2026-02-24 10:32:36,-96.23,-96.06,-96.23,-96.06,398216
2026-02-24 10:42:36,-98.75,-98.75,-99.29,-99.29,1711602
2026-02-24 10:52:36,-95.66,-95.52,-95.66,-95.52,434293
2026-02-24 11:02:36,-12.1,-12.1,-12.16,-12.14,562317
2026-02-24 11:12:36,-12.28,-12.26,-12.28,-12.26,476907
2026-02-24 11:22:36,-9.86,-9.85,-9.86,-9.85,1064699
2026-02-24 11:32:36,-5.6,-5.6,-5.62,-5.62,922412
2026-02-24 11:42:36,-6.38,-6.38,-6.38,-6.38,716566
2026-02-24 11:52:36,-6.16,-6.16,-6.21,-6.21,494575
2026-02-24 12:02:36,-8.99,-8.97,-8.99,-8.97,386555
2026-02-24 12:12:36,-7.1,-7.1,-7.11,-7.11,1069072
2026-02-24 12:22:36,-3.3,-3.3,-3.3,-3.3,957693
2026-02-24 12:32:36,-1.41,-1.41,-1.41,-1.41,1002495
2026-02-24 12:42:36,-6.45,-6.45,-6.45,-6.45,309129
2026-02-24 12:52:36,-6.33,-6.33,-6.36,-6.36,848260
2026-02-24 13:02:36,-9.24,-9.24,-9.26,-9.26,240967
2026-02-24 13:12:36,-9.51,-9.51,-9.54,-9.54,162081
2026-02-24 13:22:36,-11.83,-11.83,-11.83,-11.83,351549
2026-02-24 13:32:36,-15.77,-15.74,-15.77,-15.76,1156502
2026-02-24 13:42:36,-14.79,-14.76,-14.8,-14.76,650861
2026-02-24 13:52:36,-18.02,-17.99,-18.02,-17.99,722646
2026-02-24 14:02:36,-99.44,-99.44,-100.27,-100.27,1240880
2026-02-24 14:12:36,-93.52,-92.9,-93.52,-92.9,1231237
2026-02-24 14:22:36,-93.76,-93.76,-94.0,-94.0,328578
2026-02-24 14:32:36,-102.11,-101.96,-102.12,-101.96,1417335
2026-02-24 14:42:36,-107.5,-106.86,-107.5,-106.86,712622
2026-02-24 14:52:36,-111.54,-111.54,-112.1,-112.1,713477
2026-02-24 15:02:36,-106.94,-106.64,-106.94,-106.64,1071405
2026-02-24 15:12:36,-102.84,-102.84,-103.17,-103.17,1442415
2026-02-24 15:22:36,-101.98,-101.2,-101.98,-101.2,658956
2026-02-24 15:32:36,-99.16,-98.59,-99.16,-98.59,787364
2026-02-24 15:42:36,-99.17,-98.46,-99.17,-98.46,295552
2026-02-24 15:52:36,-100.46,-100.31,-100.46,-100.31,1663054
2026-02-25 09:32:36,-101.53,-101.53,-101.99,-101.99,988869
2026-02-25 09:42:36,-104.11,-104.01,-104.11,-104.01,1775616
2026-02-25 09:52:36,-101.13,-101.13,-101.61,-101.61,1485785
2026-02-25 10:02:36,-106.43,-106.07,-106.43,-106.07,1360549
2026-02-25 10:12:36,-108.06,-107.81,-108.06,-107.81,1233402
2026-02-25 10:22:36,-106.74,-106.23,-106.74,-106.23,1062360
2026-02-25 10:32:36,-101.71,-101.71,-101.88,-101.88,1189154
2026-02-25 10:42:36,-107.42,-107.18,-107.42,-107.18,1563790
2026-02-25 10:52:36,-110.25,-109.96,-110.25,-109.96,1294374
2026-02-25 11:02:36,-27.23,-27.17,-27.23,-27.17,451280
2026-02-25 11:12:36,-28.62,-28.62,-28.74,-28.74,1274548
2026-02-25 11:22:36,-24.73,-24.72,-24.73,-24.72,299499
2026-02-25 11:32:36,-23.73,-23.64,-23.73,-23.64,942995
2026-02-25 11:42:36,-22.59,-22.49,-22.59,-22.49,135495
2026-02-25 11:52:36,-17.47,-17.47,-17.59,-17.59,830646
2026-02-25 12:02:36,-16.1,-16.09,-16.1,-16.09,658688
2026-02-25 12:12:36,-12.93,-12.92,-12.93,-12.92,514594
2026-02-25 12:22:36,-8.65,-8.65,-8.65,-8.65,486937
2026-02-25 12:32:36,-9.29,-9.29,-9.32,-9.32,250948
2026-02-25 12:42:36,-10.3,-10.3,-10.34,-10.34,1013622
2026-02-25 12:52:36,-11.83,-11.82,-11.83,-11.82,807177
2026-02-25 13:02:36,-16.48,-16.46,-16.48,-16.46,941370
2026-02-25 13:12:36,-18.73,-18.72,-18.73,-18.72,675040
2026-02-25 13:22:36,-14.36,-14.36,-14.36,-14.36,742056
2026-02-25 13:32:36,-15.18,-15.18,-15.19,-15.19,325583
2026-02-25 13:42:36,-18.5,-18.4,-18.5,-18.4,660793
2026-02-25 13:52:36,-16.42,-16.34,-16.42,-16.34,175050
2026-02-25 14:02:36,-91.76,-91.57,-91.76,-91.57,752986
2026-02-25 14:12:36,-88.35,-88.35,-88.54,-88.54,534301
2026-02-25 14:22:36,-88.85,-88.85,-89.16,-89.16,1625220
2026-02-25 14:32:36,-86.51,-86.5,-86.51,-86.5,253812
2026-02-25 14:42:36,-82.82,-82.82,-82.95,-82.95,1014835
2026-02-25 14:52:36,-87.3,-86.89,-87.3,-86.89,361068
2026-02-25 15:02:36,-84.65,-84.45,-84.65,-84.45,578663
2026-02-25 15:12:36,-95.08,-95.08,-95.72,-95.72,1497480
2026-02-25 15:22:36,-94.83,-94.83,-95.03,-95.03,207223
2026-02-25 15:32:36,-95.9,-95.9,-96.02,-96.02,1451039
2026-02-25 15:42:36,-104.13,-103.9,-104.13,-103.99,427506
2026-02-25 15:52:36,-99.68,-99.12,-99.68,-99.12,865753
2026-02-26 09:32:36,-108.54,-108.54,-108.82,-108.82,297667
2026-02-26 09:42:36,-103.68,-103.68,-103.77,-103.77,490252
2026-02-26 09:52:36,-105.36,-105.36,-105.55,-105.55,1100962
2026-02-26 10:02:36,-109.27,-109.27,-109.28,-109.28,635857
2026-02-26 10:12:36,-112.59,-112.59,-112.67,-112.67,192815
2026-02-26 10:22:36,-117.69,-117.69,-118.15,-118.15,1525093
2026-02-26 10:32:36,-115.02,-114.89,-115.02,-114.89,673484
2026-02-26 10:42:36,-116.63,-116.63,-117.02,-117.02,240113
2026-02-26 10:52:36,-116.96,-116.96,-117.21,-117.21,796068
2026-02-26 11:02:36,-27.33,-27.33,-27.33,-27.33,383887
2026-02-26 11:12:36,-27.62,-27.62,-27.66,-27.66,317023
2026-02-26 11:22:36,-25.57,-25.52,-25.57,-25.52,363117
2026-02-26 11:32:36,-22.79,-22.79,-22.84,-22.84,707792
2026-02-26 11:42:36,-23.7,-23.7,-23.83,-23.81,996286
2026-02-26 11:52:36,-23.18,-23.18,-23.28,-23.28,411447
2026-02-26 12:02:36,-20.8,-20.76,-20.8,-20.76,584023
2026-02-26 12:12:36,-18.61,-18.61,-18.61,-18.61,146782
2026-02-26 12:22:36,-24.31,-24.31,-24.4,-24.4,282136
2026-02-26 12:32:36,-24.28,-24.28,-24.4,-24.4,138993
2026-02-26 12:42:36,-27.59,-27.59,-27.68,-27.68,730105
2026-02-26 12:52:36,-29.11,-29.11,-29.18,-29.18,286497
2026-02-26 13:02:36,-23.81,-23.81,-23.82,-23.82,365504
2026-02-26 13:12:36,-20.19,-20.19,-20.22,-20.22,139489
2026-02-26 13:22:36,-21.39,-21.37,-21.39,-21.37,198672
2026-02-26 13:32:36,-21.62,-21.62,-21.63,-21.63,411094
2026-02-26 13:42:36,-22.22,-22.18,-22.22,-22.18,711320
2026-02-26 13:52:36,-20.32,-20.32,-20.39,-20.39,338782
2026-02-26 14:02:36,-110.07,-110.07,-110.07,-110.07,734120
2026-02-26 14:12:36,-111.75,-111.14,-111.75,-111.14,1727043
2026-02-26 14:22:36,-110.5,-110.13,-110.5,-110.13,1161495
2026-02-26 14:32:36,-111.73,-111.22,-111.73,-111.22,948227
2026-02-26 14:42:36,-111.02,-110.82,-111.02,-110.82,1744844
2026-02-26 14:52:36,-111.47,-111.47,-111.88,-111.88,1668041
2026-02-26 15:02:36,-112.06,-111.89,-112.06,-111.89,781936
2026-02-26 15:12:36,-109.26,-109.06,-109.26,-109.06,681088
2026-02-26 15:22:36,-104.07,-104.07,-104.3,-104.27,1182055
2026-02-26 15:32:36,-96.43,-96.43,-96.9,-96.9,558791
2026-02-26 15:42:36,-97.91,-97.65,-97.91,-97.65,1336830
2026-02-26 15:52:36,-92.8,-92.68,-92.88,-92.88,819105
2026-02-27 09:32:36,-98.35,-98.35,-98.53,-98.53,1498193
2026-02-27 09:42:36,-99.92,-99.92,-100.01,-100.01,1094242
2026-02-27 09:52:36,-102.99,-102.83,-102.99,-102.83,1737567
2026-02-27 10:02:36,-95.95,-95.95,-96.13,-96.13,950013
2026-02-27 10:12:36,-91.9,-91.78,-91.9,-91.78,1059964
2026-02-27 10:22:36,-91.88,-91.88,-91.98,-91.98,185258
2026-02-27 10:32:36,-94.63,-94.3,-94.63,-94.3,1411580
2026-02-27 10:42:36,-98.97,-98.86,-98.97,-98.86,798668
2026-02-27 10:52:36,-97.82,-97.25,-97.82,-97.25,459889
2026-02-27 11:02:36,-15.29,-15.29,-15.34,-15.34,443516
2026-02-27 11:12:36,-15.16,-15.16,-15.22,-15.22,628904
2026-02-27 11:22:36,-21.39,-21.39,-21.44,-21.44,924209
2026-02-27 11:32:36,-22.84,-22.71,-22.84,-22.71,715857
2026-02-27 11:42:36,-22.45,-22.4,-22.45,-22.4,1128225
2026-02-27 11:52:36,-18.69,-18.69,-18.74,-18.74,695188
2026-02-27 12:02:36,-17.18,-17.15,-17.18,-17.15,988785
2026-02-27 12:12:36,-17.66,-17.66,-17.67,-17.67,309736
2026-02-27 12:22:36,-20.15,-20.1,-20.15,-20.1,716999
2026-02-27 12:32:36,-19.28,-19.17,-19.28,-19.17,436207
2026-02-27 12:42:36,-17.99,-17.96,-17.99,-17.96,292878
2026-02-27 12:52:36,-16.59,-16.59,-16.63,-16.63,238669
2026-02-27 13:02:36,-14.9,-14.89,-14.9,-14.89,1006667
2026-02-27 13:12:36,-17.24,-17.21,-17.24,-17.21,956967
2026-02-27 13:22:36,-20.04,-20.01,-20.06,-20.06,510756
2026-02-27 13:32:36,-18.95,-18.95,-19.01,-19.01,534961
2026-02-27 13:42:36,-19.21,-19.14,-19.21,-19.14,332272
2026-02-27 13:52:36,-13.7,-13.59,-13.7,-13.59,231930
2026-02-27 14:02:36,-90.51,-90.17,-90.73,-90.17,711731
2026-02-27 14:12:36,-91.73,-91.73,-92.13,-92.13,1726005
2026-02-27 14:22:36,-84.73,-84.73,-85.16,-85.16,1537496
2026-02-27 14:32:36,-80.45,-80.26,-80.45,-80.34,265093
2026-02-27 14:42:36,-78.47,-78.22,-78.47,-78.22,306103
2026-02-27 14:52:36,-81.3,-80.71,-81.3,-80.71,1226643
2026-02-27 15:02:36,-74.56,-74.2,-74.56,-74.2,1302249
2026-02-27 15:12:36,-80.14,-79.91,-80.14,-79.91,1557114
2026-02-27 15:22:36,-84.12,-84.12,-84.47,-84.47,1231716
2026-02-27 15:32:36,-81.59,-81.09,-81.59,-81.09,1337658
2026-02-27 15:42:36,-83.31,-83.17,-83.31,-83.17,610319
2026-02-27 15:52:36,-81.24,-80.99,-81.24,-80.99,1153180
2026-03-02 09:32:36,-79.41,-79.41,-79.84,-79.84,410167
2026-03-02 09:42:36,-84.24,-84.08,-84.24,-84.08,1103438
2026-03-02 09:52:36,-84.18,-84.05,-84.18,-84.05,1121156
2026-03-02 10:02:36,-88.76,-88.76,-88.95,-88.95,1293405
2026-03-02 10:12:36,-86.62,-86.21,-86.62,-86.21,373217
2026-03-02 10:22:36,-88.26,-88.26,-88.77,-88.77,1389029
2026-03-02 10:32:36,-85.21,-84.83,-85.21,-84.83,931546
2026-03-02 10:42:36,-79.02,-78.97,-79.02,-78.97,1115754
2026-03-02 10:52:36,-75.47,-75.47,-75.81,-75.81,1422571
2026-03-02 11:02:36,-5.78,-5.78,-5.8,-5.8,300429
2026-03-02 11:12:36,-3.26,-3.24,-3.26,-3.24,230501
2026-03-02 11:22:36,-0.6,-0.6,-0.6,-0.6,248461
2026-03-02 11:32:36,1.85,1.86,1.84,1.84,557460
2026-03-02 11:42:36,2.78,2.78,2.78,2.78,276137
2026-03-02 11:52:36,1.85,1.85,1.83,1.84,529471
2026-03-02 12:02:36,-3.07,-3.05,-3.07,-3.05,1074910
2026-03-02 12:12:36,1.94,1.95,1.94,1.95,1079009
2026-03-02 12:22:36,5.79,5.83,5.74,5.83,828739
2026-03-02 12:32:36,0.85,0.85,0.84,0.84,723454
2026-03-02 12:42:36,-3.64,-3.63,-3.64,-3.63,687658
2026-03-02 12:52:36,-7.14,-7.11,-7.14,-7.11,458493
2026-03-02 13:02:36,-9.1,-9.03,-9.1,-9.03,630347
2026-03-02 13:12:36,-13.64,-13.59,-13.64,-13.59,750320
2026-03-02 13:22:36,-7.66,-7.65,-7.66,-7.65,245563
2026-03-02 13:32:36,-7.87,-7.86,-7.87,-7.87,499512
2026-03-02 13:42:36,-11.0,-10.99,-11.0,-10.99,991655
2026-03-02 13:52:36,-14.25,-14.2,-14.25,-14.2,557670
2026-03-02 14:02:36,-94.59,-94.5,-94.59,-94.5,1190817
2026-03-02 14:12:36,-91.39,-91.39,-91.57,-91.57,763285
2026-03-02 14:22:36,-86.78,-86.78,-87.17,-87.17,992750
2026-03-02 14:32:36,-92.18,-91.36,-92.18,-91.36,1257792
2026-03-02 14:42:36,-95.64,-95.64,-95.77,-95.77,542502
2026-03-02 14:52:36,-88.15,-88.15,-88.16,-88.16,971661
2026-03-02 15:02:36,-98.94,-98.94,-99.03,-99.03,383055
2026-03-02 15:12:36,-99.16,-98.89,-99.16,-98.89,1367552
2026-03-02 15:22:36,-99.57,-99.0,-99.57,-99.0,713260
2026-03-02 15:32:36,-99.6,-99.49,-99.6,-99.49,1156690
2026-03-02 15:42:36,-91.93,-91.93,-92.18,-92.18,694574
2026-03-02 15:52:36,-97.86,-97.77,-97.86,-97.77,1420366
2026-03-03 09:32:36,-99.22,-99.22,-99.28,-99.28,1026716
2026-03-03 09:42:36,-101.18,-101.18,-101.37,-101.37,1764312
2026-03-03 09:52:36,-103.88,-103.8,-103.93,-103.93,1009987
2026-03-03 10:02:36,-109.79,-109.46,-109.84,-109.46,217053
2026-03-03 10:12:36,-112.26,-112.26,-112.72,-112.72,303566
2026-03-03 10:22:36,-120.45,-119.64,-120.45,-119.64,291903
2026-03-03 10:32:36,-119.86,-119.86,-119.99,-119.88,408219
2026-03-03 10:42:36,-116.71,-116.51,-116.71,-116.51,1221385
2026-03-03 10:52:36,-121.72,-121.55,-121.72,-121.63,456879
2026-03-03 11:02:36,-44.62,-44.57,-44.67,-44.67,427070
2026-03-03 11:12:36,-45.1,-45.09,-45.13,-45.13,192957
2026-03-03 11:22:36,-49.04,-48.9,-49.04,-48.9,919891
2026-03-03 11:32:36,-50.79,-50.79,-50.8,-50.8,360814
2026-03-03 11:42:36,-44.15,-43.97,-44.15,-43.97,1335733
2026-03-03 11:52:36,-46.08,-46.08,-46.2,-46.2,284780
2026-03-03 12:02:36,-44.51,-44.29,-44.51,-44.29,1199330
2026-03-03 12:12:36,-42.9,-42.89,-42.9,-42.89,1173392
2026-03-03 12:22:36,-45.06,-44.99,-45.06,-44.99,1087835
2026-03-03 12:32:36,-45.32,-45.31,-45.32,-45.31,1321992
2026-03-03 12:42:36,-42.23,-42.23,-42.41,-42.41,1269256
2026-03-03 12:52:36,-43.65,-43.5,-43.65,-43.5,329420
2026-03-03 13:02:36,-44.48,-44.48,-44.89,-44.89,293509
2026-03-03 13:12:36,-47.35,-47.35,-47.48,-47.4,826347
2026-03-03 13:22:36,-47.35,-47.29,-47.35,-47.29,1129071
2026-03-03 13:32:36,-45.63,-45.63,-45.66,-45.66,237447
2026-03-03 13:42:36,-42.49,-42.49,-42.57,-42.57,240022
2026-03-03 13:52:36,-42.09,-41.94,-42.09,-41.94,744287
2026-03-03 14:02:36,-129.43,-129.43,-130.25,-130.25,693654
2026-03-03 14:12:36,-134.15,-133.49,-134.15,-133.49,1198119
2026-03-03 14:22:36,-125.41,-125.41,-126.1,-126.1,1119054
2026-03-03 14:32:36,-130.5,-130.5,-130.8,-130.8,268781
2026-03-03 14:42:36,-124.14,-124.14,-124.33,-124.33,1880051
2026-03-03 14:52:36,-125.4,-125.06,-125.4,-125.06,1764004
2026-03-03 15:02:36,-134.6,-134.31,-134.6,-134.31,1275121
2026-03-03 15:12:36,-137.0,-136.58,-137.0,-136.58,1634852
2026-03-03 15:22:36,-128.14,-127.51,-128.14,-127.51,878775
2026-03-03 15:32:36,-126.4,-125.65,-126.4,-125.65,1972592
2026-03-03 15:42:36,-127.43,-127.4,-127.43,-127.4,482427
2026-03-03 15:52:36,-132.9,-132.62,-132.9,-132.62,1247777
2026-03-04 09:32:36,-126.17,-125.8,-126.17,-125.8,1469136
2026-03-04 09:42:36,-130.38,-129.38,-130.38,-129.38,1737194
2026-03-04 09:52:36,-123.92,-123.92,-124.26,-124.26,1891040
2026-03-04 10:02:36,-125.0,-124.45,-125.0,-124.72,633164
2026-03-04 10:12:36,-124.87,-124.2,-124.87,-124.2,1762099
2026-03-04 10:22:36,-123.98,-123.64,-123.98,-123.64,878338
2026-03-04 10:32:36,-122.33,-122.06,-122.33,-122.06,355396
2026-03-04 10:42:36,-130.72,-130.72,-130.75,-130.75,460798
2026-03-04 10:52:36,-137.38,-137.38,-138.18,-138.18,1354577
2026-03-04 11:02:36,-42.33,-42.33,-42.43,-42.43,974749
2026-03-04 11:12:36,-39.46,-39.46,-39.48,-39.48,722286
2026-03-04 11:22:36,-37.84,-37.56,-37.84,-37.56,441731
2026-03-04 11:32:36,-36.74,-36.59,-36.74,-36.59,1032616
2026-03-04 11:42:36,-30.98,-30.81,-30.98,-30.81,714279
2026-03-04 11:52:36,-33.64,-33.64,-33.64,-33.64,1235403
2026-03-04 12:02:36,-35.87,-35.87,-36.05,-36.05,1106437
2026-03-04 12:12:36,-36.1,-36.07,-36.1,-36.07,542276
2026-03-04 12:22:36,-35.84,-35.75,-35.84,-35.75,991220
2026-03-04 12:32:36,-34.43,-34.23,-34.43,-34.23,1122739
2026-03-04 12:42:36,-37.44,-37.26,-37.44,-37.26,351832
2026-03-04 12:52:36,-36.12,-36.12,-36.12,-36.12,1229031
2026-03-04 13:02:36,-37.66,-37.66,-37.8,-37.8,478214
2026-03-04 13:12:36,-35.56,-35.56,-35.62,-35.62,310429
2026-03-04 13:22:36,-36.95,-36.95,-36.97,-36.97,1261089
2026-03-04 13:32:36,-35.12,-35.12,-35.27,-35.27,157795
2026-03-04 13:42:36,-36.65,-36.65,-36.86,-36.86,1027271
2026-03-04 13:52:36,-33.91,-33.91,-33.97,-33.97,158323
2026-03-04 14:02:36,-119.23,-119.23,-119.55,-119.55,1088761
2026-03-04 14:12:36,-123.83,-123.83,-124.27,-124.27,324580
2026-03-04 14:22:36,-117.66,-117.66,-117.92,-117.92,1216268
2026-03-04 14:32:36,-118.67,-118.07,-118.67,-118.07,344925
2026-03-04 14:42:36,-110.81,-110.36,-110.81,-110.36,425481
2026-03-04 14:52:36,-110.67,-110.67,-111.08,-111.08,1412961
2026-03-04 15:02:36,-119.05,-119.05,-119.25,-119.25,1202691
2026-03-04 15:12:36,-115.11,-115.11,-115.55,-115.55,235017
2026-03-04 15:22:36,-114.9,-114.9,-115.07,-115.0,888860
2026-03-04 15:32:36,-118.93,-118.91,-118.93,-118.91,325814
2026-03-04 15:42:36,-126.19,-125.66,-126.19,-125.66,1102701
2026-03-04 15:52:36,-124.21,-124.21,-124.41,-124.41,579788
2026-03-05 09:32:36,-123.99,-123.25,-123.99,-123.25,756793
2026-03-05 09:42:36,-125.59,-124.47,-125.59,-124.47,766046
2026-03-05 09:52:36,-129.63,-128.55,-129.63,-128.55,349649
2026-03-05 10:02:36,-134.57,-134.57,-134.9,-134.9,873381
2026-03-05 10:12:36,-135.4,-134.97,-135.4,-134.97,1739628
2026-03-05 10:22:36,-135.4,-135.29,-135.4,-135.29,1225183
2026-03-05 10:32:36,-134.85,-134.33,-134.85,-134.41,1299113
2026-03-05 10:42:36,-144.36,-143.98,-144.36,-143.98,1723050
2026-03-05 10:52:36,-148.81,-148.81,-149.83,-149.83,269788
2026-03-05 11:02:36,-53.38,-53.13,-53.38,-53.13,1088487
2026-03-05 11:12:36,-55.76,-55.76,-56.12,-56.12,288501
2026-03-05 11:22:36,-57.16,-57.16,-57.18,-57.18,531644
2026-03-05 11:32:36,-53.66,-53.49,-53.66,-53.49,503873
2026-03-05 11:42:36,-59.57,-59.57,-59.6,-59.6,280833
2026-03-05 11:52:36,-61.81,-61.81,-62.03,-62.03,1000628
2026-03-05 12:02:36,-65.26,-65.16,-65.33,-65.16,865475
2026-03-05 12:12:36,-64.79,-64.64,-64.79,-64.64,1504861
2026-03-05 12:22:36,-63.73,-63.47,-63.73,-63.47,422428
2026-03-05 12:32:36,-65.17,-65.17,-65.34,-65.34,1289820
2026-03-05 12:42:36,-64.36,-64.36,-64.4,-64.4,487563
2026-03-05 12:52:36,-64.74,-64.57,-64.74,-64.57,1209806
2026-03-05 13:02:36,-66.35,-66.35,-66.59,-66.59,1355031
2026-03-05 13:12:36,-63.07,-63.07,-63.27,-63.27,1377721
2026-03-05 13:22:36,-67.57,-67.22,-67.57,-67.26,1279998
2026-03-05 13:32:36,-65.25,-65.25,-65.51,-65.51,937333
2026-03-05 13:42:36,-69.45,-69.34,-69.45,-69.34,844298
2026-03-05 13:52:36,-67.1,-67.1,-67.21,-67.21,1470489
2026-03-05 14:02:36,-176.3,-175.78,-176.3,-175.78,2027137
2026-03-05 14:12:36,-174.49,-174.49,-174.52,-174.52,1609430
2026-03-05 14:22:36,-173.14,-173.14,-173.34,-173.34,2292567
2026-03-05 14:32:36,-176.09,-175.88,-176.46,-176.46,1813499
2026-03-05 14:42:36,-181.65,-181.65,-182.15,-182.15,2061537
2026-03-05 14:52:36,-184.99,-184.57,-184.99,-184.57,1343919
2026-03-05 15:02:36,-182.36,-182.11,-182.36,-182.11,1694373
2026-03-05 15:12:36,-186.31,-186.31,-186.47,-186.47,1717636
2026-03-05 15:22:36,-183.23,-183.23,-183.54,-183.38,1235402
2026-03-05 15:32:36,-180.71,-180.71,-180.99,-180.99,883990
2026-03-05 15:42:36,-173.69,-172.44,-173.69,-172.44,993479
2026-03-05 15:52:36,-172.69,-172.08,-172.69,-172.08,780294
2026-03-06 09:32:36,-170.25,-170.25,-170.69,-170.69,1917067
2026-03-06 09:42:36,-175.95,-175.37,-175.95,-175.37,1984896
2026-03-06 09:52:36,-179.21,-178.32,-179.21,-178.32,1755932
2026-03-06 10:02:36,-179.85,-179.55,-179.85,-179.55,2314010
2026-03-06 10:12:36,-177.8,-177.8,-177.95,-177.95,1277203
2026-03-06 10:22:36,-175.85,-175.85,-176.14,-176.14,1781821
2026-03-06 10:32:36,-169.6,-169.6,-169.75,-169.75,1813776
2026-03-06 10:42:36,-164.33,-164.33,-164.85,-164.85,1031271
2026-03-06 10:52:36,-163.92,-163.36,-163.92,-163.36,963180
2026-03-06 11:02:36,-63.15,-63.15,-63.19,-63.19,561474
2026-03-06 11:12:36,-64.08,-63.89,-64.08,-63.89,1448455
2026-03-06 11:22:36,-65.65,-65.65,-65.7,-65.7,1023532
2026-03-06 11:32:36,-70.94,-70.94,-71.23,-71.23,681780
2026-03-06 11:42:36,-69.8,-69.8,-69.93,-69.93,1263083
2026-03-06 11:52:36,-67.8,-67.8,-67.98,-67.98,271063
2026-03-06 12:02:36,-70.47,-70.47,-70.5,-70.5,1177661
2026-03-06 12:12:36,-67.61,-67.56,-67.61,-67.56,1576308
2026-03-06 12:22:36,-64.47,-64.02,-64.47,-64.02,501011
2026-03-06 12:32:36,-58.74,-58.74,-58.82,-58.82,991098
2026-03-06 12:42:36,-59.53,-59.53,-59.71,-59.71,242425
2026-03-06 12:52:36,-57.77,-57.77,-57.83,-57.83,632581
2026-03-06 13:02:36,-55.28,-55.28,-55.48,-55.48,1156272
2026-03-06 13:12:36,-53.74,-53.74,-54.02,-54.02,497651
2026-03-06 13:22:36,-52.78,-52.78,-52.83,-52.83,1453802
2026-03-06 13:32:36,-48.82,-48.82,-49.16,-49.16,605992
2026-03-06 13:42:36,-53.28,-53.11,-53.28,-53.11,572674
2026-03-06 13:52:36,-54.75,-54.57,-54.75,-54.57,235121
2026-03-06 14:02:36,-154.86,-154.86,-155.74,-155.74,2188245
2026-03-06 14:12:36,-158.78,-158.66,-158.78,-158.66,1682324
2026-03-06 14:22:36,-160.2,-160.2,-160.22,-160.22,1722464
2026-03-06 14:32:36,-154.51,-153.86,-154.51,-153.86,2122551
2026-03-06 14:42:36,-149.78,-149.78,-150.07,-150.07,1883143
2026-03-06 14:52:36,-149.96,-149.76,-149.96,-149.76,844558
2026-03-06 15:02:36,-146.68,-146.36,-146.68,-146.36,1025549
2026-03-06 15:12:36,-143.39,-143.23,-143.39,-143.23,1628825
2026-03-06 15:22:36,-134.49,-134.42,-134.51,-134.42,1297870
2026-03-06 15:32:36,-137.03,-136.35,-137.03,-136.35,1503757
2026-03-06 15:42:36,-129.94,-129.78,-129.94,-129.78,421338
2026-03-06 15:52:36,-129.15,-129.15,-129.18,-129.18,1862321
2026-03-09 09:32:36,-130.49,-130.25,-130.49,-130.25,1178362
2026-03-09 09:42:36,-130.72,-130.72,-131.13,-131.13,1556185
2026-03-09 09:52:36,-126.15,-126.15,-126.57,-126.57,1620202
2026-03-09 10:02:36,-127.39,-127.39,-127.55,-127.55,1702747
2026-03-09 10:12:36,-125.06,-125.06,-125.14,-125.14,1161779
2026-03-09 10:22:36,-125.13,-125.13,-125.76,-125.76,1550243
2026-03-09 10:32:36,-120.94,-120.94,-121.82,-121.82,619730
2026-03-09 10:42:36,-126.22,-125.23,-126.22,-125.23,1092963
2026-03-09 10:52:36,-125.38,-125.32,-125.38,-125.32,404424
2026-03-09 11:02:36,-31.9,-31.89,-31.9,-31.89,988944
2026-03-09 11:12:36,-31.03,-31.01,-31.04,-31.01,966182
2026-03-09 11:22:36,-29.33,-29.33,-29.45,-29.45,326731
2026-03-09 11:32:36,-30.49,-30.46,-30.49,-30.46,911531
2026-03-09 11:42:36,-30.67,-30.67,-30.7,-30.7,456806
2026-03-09 11:52:36,-28.21,-28.18,-28.21,-28.18,234774
2026-03-09 12:02:36,-32.45,-32.35,-32.45,-32.35,550689
2026-03-09 12:12:36,-26.27,-26.19,-26.27,-26.19,781027
2026-03-09 12:22:36,-28.88,-28.81,-28.88,-28.81,677236
2026-03-09 12:32:36,-26.97,-26.97,-26.99,-26.99,406236
2026-03-09 12:42:36,-28.87,-28.75,-28.87,-28.75,1055755
2026-03-09 12:52:36,-32.61,-32.48,-32.61,-32.49,824985
2026-03-09 13:02:36,-34.11,-33.88,-34.11,-33.88,551359
2026-03-09 13:12:36,-37.37,-37.37,-37.38,-37.38,313136
2026-03-09 13:22:36,-33.85,-33.74,-33.85,-33.74,441551
2026-03-09 13:32:36,-30.97,-30.97,-31.0,-31.0,494927
2026-03-09 13:42:36,-32.58,-32.58,-32.62,-32.62,1095368
2026-03-09 13:52:36,-31.61,-31.61,-31.79,-31.79,1052880
2026-03-09 14:02:36,-119.84,-119.63,-119.84,-119.63,637465
2026-03-09 14:12:36,-119.24,-119.11,-119.24,-119.11,217324
2026-03-09 14:22:36,-120.45,-120.27,-120.45,-120.27,1881519
2026-03-09 14:32:36,-129.25,-129.25,-129.27,-129.27,1012192
2026-03-09 14:42:36,-130.03,-129.24,-130.03,-129.24,1663647
2026-03-09 14:52:36,-131.93,-131.6,-131.93,-131.6,521863
2026-03-09 15:02:36,-138.1,-138.1,-138.45,-138.45,1215655
2026-03-09 15:12:36,-133.59,-133.59,-133.76,-133.76,513924
2026-03-09 15:22:36,-130.29,-130.29,-130.68,-130.68,312916
2026-03-09 15:32:36,-124.36,-123.99,-124.36,-123.99,1735241
2026-03-09 15:42:36,-119.77,-119.27,-119.77,-119.27,1047522
2026-03-09 15:52:36,-126.18,-125.89,-126.18,-125.89,1070694
2026-03-10 09:32:36,-132.73,-132.42,-132.73,-132.42,1126142
2026-03-10 09:42:36,-129.1,-129.1,-129.91,-129.91,488246
2026-03-10 09:52:36,-126.62,-126.62,-127.28,-127.28,1521344
2026-03-10 10:02:36,-128.85,-128.85,-128.96,-128.96,1639096
2026-03-10 10:12:36,-131.56,-130.94,-131.56,-130.94,1290360
2026-03-10 10:22:36,-129.98,-129.54,-129.98,-129.54,1033877
2026-03-10 10:32:36,-137.44,-137.44,-137.98,-137.98,1322867
2026-03-10 10:42:36,-142.86,-142.86,-143.02,-143.02,2085164
2026-03-10 10:52:36,-149.24,-149.24,-149.69,-149.69,564134
2026-03-10 11:02:36,-55.31,-55.12,-55.31,-55.12,593229
2026-03-10 11:12:36,-56.83,-56.6,-56.83,-56.6,1436500
2026-03-10 11:22:36,-52.42,-52.42,-52.54,-52.54,1141802
2026-03-10 11:32:36,-53.79,-53.73,-53.79,-53.73,258069
2026-03-10 11:42:36,-57.82,-57.82,-57.98,-57.98,1393946
2026-03-10 11:52:36,-57.96,-57.72,-57.96,-57.72,500362
2026-03-10 12:02:36,-62.24,-62.16,-62.24,-62.16,255164
2026-03-10 12:12:36,-59.65,-59.65,-59.74,-59.74,1390513
2026-03-10 12:22:36,-62.65,-62.38,-62.65,-62.38,1278131
2026-03-10 12:32:36,-61.51,-61.51,-61.56,-61.56,445551
2026-03-10 12:42:36,-63.38,-63.3,-63.51,-63.3,850809
2026-03-10 12:52:36,-65.2,-65.2,-65.44,-65.44,781974
2026-03-10 13:02:36,-58.87,-58.87,-59.1,-59.1,809277
2026-03-10 13:12:36,-57.07,-57.04,-57.1,-57.04,1269495
2026-03-10 13:22:36,-60.57,-60.57,-60.76,-60.76,340115
2026-03-10 13:32:36,-65.05,-65.05,-65.38,-65.38,843310
2026-03-10 13:42:36,-63.62,-63.4,-63.62,-63.4,313945
2026-03-10 13:52:36,-62.72,-62.54,-62.72,-62.54,822284
2026-03-10 14:02:36,-170.84,-170.31,-170.84,-170.31,1559936
2026-03-10 14:12:36,-167.64,-167.64,-167.79,-167.79,963661
2026-03-10 14:22:36,-164.47,-164.47,-165.05,-165.05,1677627
2026-03-10 14:32:36,-169.7,-169.7,-170.03,-170.03,2202022
2026-03-10 14:42:36,-170.32,-169.67,-170.32,-169.67,1943894
2026-03-10 14:52:36,-170.91,-169.82,-170.91,-169.82,1772368
2026-03-10 15:02:36,-169.27,-169.27,-169.65,-169.65,718650
2026-03-10 15:12:36,-168.02,-166.94,-168.02,-166.94,408874
2026-03-10 15:22:36,-170.63,-170.63,-170.93,-170.93,837938
2026-03-10 15:32:36,-173.18,-172.65,-173.18,-172.65,1567858
2026-03-10 15:42:36,-175.76,-175.76,-176.24,-176.24,1450374
2026-03-10 15:52:36,-180.11,-180.11,-180.36,-180.36,1717003
2026-03-11 09:32:36,-181.82,-181.37,-181.82,-181.37,1404279
2026-03-11 09:42:36,-186.29,-185.95,-186.29,-185.95,1629008
2026-03-11 09:52:36,-176.58,-176.58,-176.61,-176.61,1685274
2026-03-11 10:02:36,-182.27,-182.27,-183.39,-183.39,2116734
2026-03-11 10:12:36,-179.24,-179.11,-179.24,-179.11,2113135
2026-03-11 10:22:36,-181.78,-181.78,-181.88,-181.88,268087
2026-03-11 10:32:36,-188.22,-188.22,-189.16,-189.16,658571
2026-03-11 10:42:36,-187.19,-187.19,-187.44,-187.44,510538
2026-03-11 10:52:36,-184.08,-184.08,-184.26,-184.26,790833
2026-03-11 11:02:36,-76.18,-75.78,-76.18,-75.78,833368
2026-03-11 11:12:36,-73.31,-73.31,-73.59,-73.59,1175531
2026-03-11 11:22:36,-72.61,-72.61,-72.65,-72.65,1346921
2026-03-11 11:32:36,-70.17,-69.97,-70.17,-69.97,542230
2026-03-11 11:42:36,-69.06,-68.84,-69.06,-68.84,940726
2026-03-11 11:52:36,-69.71,-69.67,-69.78,-69.78,397833
2026-03-11 12:02:36,-68.12,-68.1,-68.12,-68.1,233540
2026-03-11 12:12:36,-62.85,-62.85,-63.2,-63.2,890572
2026-03-11 12:22:36,-61.17,-61.17,-61.21,-61.21,606541
2026-03-11 12:32:36,-62.05,-61.96,-62.05,-61.96,523878
2026-03-11 12:42:36,-59.91,-59.91,-60.12,-60.12,930980
2026-03-11 12:52:36,-59.39,-59.35,-59.39,-59.35,1452983
2026-03-11 13:02:36,-61.48,-61.36,-61.48,-61.36,1045379
2026-03-11 13:12:36,-60.24,-60.1,-60.24,-60.1,835531
2026-03-11 13:22:36,-58.24,-58.09,-58.24,-58.09,1016934
2026-03-11 13:32:36,-60.25,-60.17,-60.25,-60.17,682702
2026-03-11 13:42:36,-61.99,-61.85,-61.99,-61.85,1130822
2026-03-11 13:52:36,-65.4,-65.2,-65.42,-65.2,1347588
2026-03-11 14:02:36,-168.68,-168.2,-168.68,-168.2,2224667
2026-03-11 14:12:36,-173.08,-172.62,-173.08,-172.62,417722
2026-03-11 14:22:36,-163.0,-163.0,-163.68,-163.68,720073
2026-03-11 14:32:36,-164.13,-164.13,-164.38,-164.38,820866
2026-03-11 14:42:36,-166.17,-166.17,-166.37,-166.37,906026
2026-03-11 14:52:36,-167.19,-167.19,-167.57,-167.57,1109910
2026-03-11 15:02:36,-166.97,-166.27,-166.97,-166.27,420522
2026-03-11 15:12:36,-170.31,-170.17,-170.31,-170.17,1066099
2026-03-11 15:22:36,-172.95,-172.72,-172.95,-172.72,1813352
2026-03-11 15:32:36,-172.47,-172.47,-172.73,-172.73,1428050
2026-03-11 15:42:36,-171.47,-171.47,-172.6,-172.6,678483
2026-03-11 15:52:36,-169.68,-169.68,-171.04,-171.04,269321
2026-03-12 09:32:36,-175.54,-175.54,-175.77,-175.77,1617272
2026-03-12 09:42:36,-172.09,-172.09,-172.85,-172.85,416322
2026-03-12 09:52:36,-176.4,-176.37,-176.4,-176.37,280016
2026-03-12 10:02:36,-180.44,-179.11,-180.44,-179.11,447323
2026-03-12 10:12:36,-183.85,-183.85,-184.2,-184.2,736394
2026-03-12 10:22:36,-184.2,-184.2,-185.54,-185.54,1083633
2026-03-12 10:32:36,-175.69,-175.69,-176.0,-175.91,1513471
2026-03-12 10:42:36,-177.59,-177.19,-177.59,-177.19,1862209
2026-03-12 10:52:36,-177.85,-177.85,-178.21,-178.21,488758
2026-03-12 11:02:36,-73.16,-72.82,-73.16,-72.82,764561
2026-03-12 11:12:36,-75.74,-75.74,-75.8,-75.8,1461751
2026-03-12 11:22:36,-73.52,-73.21,-73.52,-73.21,425828
2026-03-12 11:32:36,-74.31,-73.95,-74.31,-74.23,557288
2026-03-12 11:42:36,-72.87,-72.62,-72.87,-72.62,1036718
2026-03-12 11:52:36,-72.09,-72.09,-72.24,-72.24,1155190
2026-03-12 12:02:36,-72.77,-72.77,-73.08,-73.08,673535
2026-03-12 12:12:36,-74.89,-74.75,-74.89,-74.75,768941
2026-03-12 12:22:36,-74.3,-74.05,-74.3,-74.05,1389689
2026-03-12 12:32:36,-71.42,-71.42,-71.53,-71.53,1077534
2026-03-12 12:42:36,-69.4,-69.4,-69.47,-69.47,1541598
2026-03-12 12:52:36,-65.58,-65.58,-65.6,-65.6,672492
2026-03-12 13:02:36,-64.26,-64.26,-64.33,-64.33,492363
2026-03-12 13:12:36,-68.02,-67.95,-68.02,-67.95,870352
2026-03-12 13:22:36,-68.53,-68.53,-68.58,-68.58,702408
2026-03-12 13:32:36,-68.71,-68.71,-69.19,-69.19,950922
2026-03-12 13:42:36,-68.52,-68.52,-68.91,-68.91,1479619
2026-03-12 13:52:36,-70.01,-70.01,-70.12,-70.12,741589
2026-03-12 14:02:36,-181.87,-181.02,-181.87,-181.02,811997
2026-03-12 14:12:36,-179.99,-179.35,-179.99,-179.35,2012481
2026-03-12 14:22:36,-180.33,-180.33,-180.55,-180.55,2140435
2026-03-12 14:32:36,-179.99,-179.99,-180.25,-180.25,2100665
2026-03-12 14:42:36,-173.62,-173.62,-174.4,-174.4,611466
2026-03-12 14:52:36,-165.83,-165.83,-165.94,-165.94,871413
2026-03-12 15:02:36,-167.32,-167.32,-167.36,-167.36,1421987
2026-03-12 15:12:36,-164.62,-164.61,-164.62,-164.61,518152
2026-03-12 15:22:36,-164.31,-163.48,-164.31,-163.48,2201342
2026-03-12 15:32:36,-164.34,-164.02,-164.34,-164.14,1437163
2026-03-12 15:42:36,-172.44,-172.44,-172.76,-172.76,1082793
2026-03-12 15:52:36,-170.08,-170.08,-170.95,-170.95,995590
2026-03-13 09:32:36,-170.93,-170.93,-171.3,-171.3,2195099
2026-03-13 09:42:36,-174.08,-173.91,-174.08,-173.91,555411
2026-03-13 09:52:36,-170.83,-170.83,-171.16,-171.16,1468358
2026-03-13 10:02:36,-165.51,-165.47,-165.51,-165.47,2090254
2026-03-13 10:12:36,-163.33,-163.15,-163.33,-163.15,644607
2026-03-13 10:22:36,-161.95,-160.88,-161.95,-160.88,1242220
2026-03-13 10:32:36,-165.73,-165.73,-166.88,-166.88,1628540
2026-03-13 10:42:36,-166.04,-166.04,-166.22,-166.22,2147281
2026-03-13 10:52:36,-163.4,-162.96,-163.4,-163.38,558252
2026-03-13 11:02:36,-63.36,-63.33,-63.36,-63.33,242418
2026-03-13 11:12:36,-63.98,-63.98,-64.06,-64.06,690784
2026-03-13 11:22:36,-66.23,-66.23,-66.53,-66.53,1074558
2026-03-13 11:32:36,-65.54,-65.4,-65.54,-65.4,1008309
2026-03-13 11:42:36,-69.08,-68.86,-69.08,-68.86,1426108
2026-03-13 11:52:36,-68.13,-68.07,-68.13,-68.07,1257628
2026-03-13 12:02:36,-62.93,-62.83,-62.93,-62.83,823884
2026-03-13 12:12:36,-62.18,-62.18,-62.47,-62.47,1523085
2026-03-13 12:22:36,-62.19,-62.19,-62.19,-62.19,969067
2026-03-13 12:32:36,-62.48,-62.35,-62.48,-62.35,718229
2026-03-13 12:42:36,-60.53,-60.53,-60.59,-60.59,340294
2026-03-13 12:52:36,-65.09,-65.09,-65.32,-65.32,749046
2026-03-13 13:02:36,-66.28,-66.28,-66.79,-66.79,765709
2026-03-13 13:12:36,-67.63,-67.63,-68.04,-68.04,889152
2026-03-13 13:22:36,-68.75,-68.63,-68.75,-68.63,1559236
2026-03-13 13:32:36,-69.04,-68.69,-69.04,-68.69,827900
2026-03-13 13:42:36,-74.21,-74.21,-74.43,-74.33,1270401
2026-03-13 13:52:36,-74.48,-74.48,-74.87,-74.87,1379108
2026-03-13 14:02:36,-180.2,-179.59,-180.2,-179.59,1752148
2026-03-13 14:12:36,-172.4,-171.83,-172.4,-171.83,978877
2026-03-13 14:22:36,-169.16,-168.46,-169.16,-168.46,2254523
2026-03-13 14:32:36,-171.14,-170.38,-171.14,-170.38,1361028
2026-03-13 14:42:36,-179.22,-178.34,-179.22,-178.34,503643
2026-03-13 14:52:36,-181.43,-181.43,-182.03,-182.03,2200135
2026-03-13 15:02:36,-186.78,-186.08,-186.78,-186.08,1423390
2026-03-13 15:12:36,-182.12,-181.58,-182.12,-181.58,962283
2026-03-13 15:22:36,-183.1,-182.98,-183.1,-182.98,2344399
2026-03-13 15:32:36,-181.01,-181.01,-181.36,-181.28,624126
2026-03-13 15:42:36,-181.96,-181.59,-181.96,-181.85,1341767
2026-03-13 15:52:36,-177.14,-176.72,-177.14,-176.72,980055
2026-03-16 09:32:36,-171.71,-171.71,-172.02,-172.02,1034694
2026-03-16 09:42:36,-171.31,-171.31,-172.36,-172.36,2040197
2026-03-16 09:52:36,-176.14,-175.9,-176.14,-176.06,2292421
2026-03-16 10:02:36,-182.97,-182.68,-182.97,-182.68,1070556
2026-03-16 10:12:36,-180.89,-180.89,-181.29,-181.29,1581579
2026-03-16 10:22:36,-184.39,-184.23,-184.39,-184.23,431197
2026-03-16 10:32:36,-179.77,-179.77,-180.62,-180.62,1343213
2026-03-16 10:42:36,-180.24,-180.24,-180.58,-180.58,705121
2026-03-16 10:52:36,-180.71,-179.66,-180.71,-179.66,2066596
2026-03-16 11:02:36,-73.8,-73.74,-73.83,-73.83,613867
2026-03-16 11:12:36,-76.63,-76.63,-76.67,-76.65,794909
2026-03-16 11:22:36,-72.89,-72.89,-73.16,-73.16,713994
2026-03-16 11:32:36,-73.25,-73.25,-73.28,-73.28,1182314
2026-03-16 11:42:36,-70.5,-70.5,-70.65,-70.65,519138
2026-03-16 11:52:36,-72.88,-72.73,-72.88,-72.73,299389
2026-03-16 12:02:36,-74.72,-74.53,-74.72,-74.53,638355
2026-03-16 12:12:36,-77.45,-77.45,-77.47,-77.47,1078712
2026-03-16 12:22:36,-77.72,-77.57,-77.72,-77.57,1369030
2026-03-16 12:32:36,-75.4,-75.21,-75.41,-75.41,1105957
2026-03-16 12:42:36,-78.79,-78.79,-78.93,-78.93,1303004
2026-03-16 12:52:36,-79.06,-79.02,-79.06,-79.02,1114725
2026-03-16 13:02:36,-79.82,-79.82,-80.07,-80.07,482237
2026-03-16 13:12:36,-78.59,-78.11,-78.59,-78.11,215650
2026-03-16 13:22:36,-80.97,-80.97,-81.04,-81.04,733571
2026-03-16 13:32:36,-76.82,-76.82,-77.02,-77.02,876312
2026-03-16 13:42:36,-75.97,-75.96,-75.99,-75.99,1568009
2026-03-16 13:52:36,-73.1,-73.1,-73.31,-73.31,312692
2026-03-16 14:02:36,-179.32,-179.02,-179.64,-179.64,1705147
2026-03-16 14:12:36,-171.09,-171.09,-171.43,-171.43,552096
2026-03-16 14:22:36,-171.38,-171.38,-172.15,-172.15,1053158
2026-03-16 14:32:36,-175.4,-174.0,-175.4,-174.0,1994082
2026-03-16 14:42:36,-168.9,-168.64,-168.9,-168.64,1421283
2026-03-16 14:52:36,-161.57,-161.57,-161.63,-161.63,1086608
2026-03-16 15:02:36,-158.52,-158.52,-159.33,-159.33,1014585
2026-03-16 15:12:36,-164.64,-164.35,-164.64,-164.35,1390547
2026-03-16 15:22:36,-157.76,-157.3,-157.76,-157.3,1280863
2026-03-16 15:32:36,-157.3,-157.12,-157.3,-157.12,1026076
2026-03-16 15:42:36,-154.66,-154.57,-154.66,-154.57,533803
2026-03-16 15:52:36,-159.26,-158.85,-159.26,-158.85,785484
2026-03-17 09:32:36,-165.15,-164.93,-165.15,-164.93,1639639
2026-03-17 09:42:36,-155.16,-155.16,-156.61,-156.61,1949451
2026-03-17 09:52:36,-157.43,-156.81,-157.43,-156.81,889707
2026-03-17 10:02:36,-154.96,-154.96,-155.37,-155.37,1184739
2026-03-17 10:12:36,-158.42,-158.42,-159.27,-159.27,324406
2026-03-17 10:22:36,-156.14,-155.97,-156.14,-155.97,2188744
2026-03-17 10:32:36,-157.26,-157.26,-157.27,-157.27,2203677
2026-03-17 10:42:36,-154.54,-154.07,-154.54,-154.07,545956
2026-03-17 10:52:36,-155.59,-155.59,-155.81,-155.81,1058256
2026-03-17 11:02:36,-57.42,-57.1,-57.42,-57.1,923214
2026-03-17 11:12:36,-54.52,-54.52,-54.56,-54.56,447784
2026-03-17 11:22:36,-55.38,-55.38,-55.77,-55.77,1218974
2026-03-17 11:32:36,-58.37,-58.28,-58.37,-58.28,811252
2026-03-17 11:42:36,-59.46,-59.46,-59.47,-59.47,707838
2026-03-17 11:52:36,-53.72,-53.62,-53.72,-53.62,452456
2026-03-17 12:02:36,-53.95,-53.95,-54.23,-54.23,565815
2026-03-17 12:12:36,-52.58,-52.58,-52.64,-52.64,312370
2026-03-17 12:22:36,-50.65,-50.65,-50.75,-50.75,1224765
2026-03-17 12:32:36,-49.19,-49.13,-49.22,-49.13,1186440
2026-03-17 12:42:36,-50.93,-50.47,-50.93,-50.47,520848
2026-03-17 12:52:36,-49.7,-49.63,-49.73,-49.73,457109
2026-03-17 13:02:36,-49.98,-49.98,-50.01,-50.01,881642
2026-03-17 13:12:36,-44.28,-44.28,-44.5,-44.5,237724
2026-03-17 13:22:36,-44.33,-44.33,-44.46,-44.44,625845
2026-03-17 13:32:36,-40.78,-40.75,-40.78,-40.75,1187217
2026-03-17 13:42:36,-39.21,-39.21,-39.26,-39.26,933799
2026-03-17 13:52:36,-39.6,-39.6,-39.72,-39.72,1378809
2026-03-17 14:02:36,-138.57,-138.57,-139.23,-139.23,366688
2026-03-17 14:12:36,-135.35,-135.09,-135.35,-135.09,1099860
2026-03-17 14:22:36,-139.54,-139.54,-139.65,-139.57,1512549
2026-03-17 14:32:36,-142.59,-142.59,-142.6,-142.6,1879014
2026-03-17 14:42:36,-140.45,-140.45,-140.82,-140.82,436508
2026-03-17 14:52:36,-141.76,-141.76,-142.26,-142.26,714148
2026-03-17 15:02:36,-145.58,-145.55,-145.58,-145.55,282454
2026-03-17 15:12:36,-150.17,-150.17,-150.89,-150.89,837104
2026-03-17 15:22:36,-148.77,-148.36,-148.77,-148.36,233762
2026-03-17 15:32:36,-149.14,-148.19,-149.14,-148.19,1013420
2026-03-17 15:42:36,-154.02,-154.02,-154.35,-154.35,346733
2026-03-17 15:52:36,-159.39,-159.14,-159.39,-159.14,397569
2026-03-18 09:32:36,-157.85,-157.7,-157.94,-157.7,1285491
2026-03-18 09:42:36,-155.36,-155.36,-156.18,-156.18,1003284
2026-03-18 09:52:36,-156.46,-156.46,-156.63,-156.63,1582845
2026-03-18 10:02:36,-153.01,-153.01,-153.12,-153.12,1631621
2026-03-18 10:12:36,-151.23,-151.23,-151.66,-151.66,2032102
2026-03-18 10:22:36,-154.0,-153.23,-154.0,-153.23,527734
2026-03-18 10:32:36,-158.07,-158.07,-158.18,-158.18,1617664
2026-03-18 10:42:36,-156.56,-156.34,-156.56,-156.34,1411468
2026-03-18 10:52:36,-161.26,-161.26,-161.85,-161.85,2096483
2026-03-18 11:02:36,-58.28,-58.28,-58.35,-58.35,1403015
2026-03-18 11:12:36,-59.76,-59.76,-60.02,-60.02,1255797
2026-03-18 11:22:36,-54.55,-54.41,-54.55,-54.41,207640
2026-03-18 11:32:36,-56.06,-56.06,-56.12,-56.12,1316853
2026-03-18 11:42:36,-60.83,-60.8,-60.83,-60.8,1089961
2026-03-18 11:52:36,-56.92,-56.9,-56.92,-56.9,385363
2026-03-18 12:02:36,-59.45,-59.41,-59.45,-59.41,1481662
2026-03-18 12:12:36,-60.18,-60.18,-60.19,-60.19,181046
2026-03-18 12:22:36,-61.78,-61.68,-61.78,-61.68,431663
2026-03-18 12:32:36,-62.86,-62.86,-62.86,-62.86,1259015
2026-03-18 12:42:36,-63.05,-63.05,-63.07,-63.07,207350
2026-03-18 12:52:36,-60.83,-60.64,-60.83,-60.64,700854
2026-03-18 13:02:36,-56.75,-56.58,-56.75,-56.58,988129
2026-03-18 13:12:36,-61.06,-60.83,-61.06,-60.93,343315
2026-03-18 13:22:36,-59.24,-59.18,-59.24,-59.18,768494
2026-03-18 13:32:36,-56.93,-56.92,-56.93,-56.92,355077
2026-03-18 13:42:36,-59.2,-59.19,-59.24,-59.19,680400
2026-03-18 13:52:36,-59.47,-59.47,-59.47,-59.47,550313
2026-03-18 14:02:36,-165.78,-165.78,-166.16,-166.16,884697
2026-03-18 14:12:36,-169.7,-169.7,-170.13,-170.13,547401
2026-03-18 14:22:36,-171.36,-171.36,-172.63,-172.63,2197929
2026-03-18 14:32:36,-173.03,-173.03,-173.52,-173.52,1927168
2026-03-18 14:42:36,-174.07,-173.3,-174.07,-173.3,1649067
2026-03-18 14:52:36,-170.98,-170.98,-171.57,-171.57,1758156
2026-03-18 15:02:36,-169.63,-169.63,-169.85,-169.85,307513
2026-03-18 15:12:36,-168.51,-168.38,-168.51,-168.38,463976
2026-03-18 15:22:36,-163.0,-162.97,-163.0,-162.97,1242515
2026-03-18 15:32:36,-165.83,-165.83,-166.38,-166.19,1888976
2026-03-18 15:42:36,-171.16,-171.16,-171.28,-171.28,1258011
2026-03-18 15:52:36,-170.73,-170.73,-171.22,-171.22,1410294
2026-03-19 09:32:36,-167.44,-166.42,-167.44,-166.86,1162472
2026-03-19 09:42:36,-166.23,-165.27,-166.23,-165.27,1376512
2026-03-19 09:52:36,-169.58,-169.58,-169.64,-169.64,1266416
2026-03-19 10:02:36,-165.05,-165.02,-165.05,-165.02,738214
2026-03-19 10:12:36,-160.4,-160.1,-160.4,-160.1,584996
2026-03-19 10:22:36,-158.23,-158.23,-158.85,-158.85,278921
2026-03-19 10:32:36,-159.74,-159.56,-159.74,-159.56,2136819
2026-03-19 10:42:36,-154.96,-154.73,-154.96,-154.94,782514
2026-03-19 10:52:36,-148.26,-148.26,-149.15,-149.15,389387
2026-03-19 11:02:36,-48.86,-48.63,-48.86,-48.63,860619
2026-03-19 11:12:36,-45.67,-45.63,-45.67,-45.66,1176808
2026-03-19 11:22:36,-49.52,-49.52,-49.63,-49.63,638320
2026-03-19 11:32:36,-48.26,-48.26,-48.46,-48.46,666800
2026-03-19 11:42:36,-45.73,-45.71,-45.73,-45.71,1326849
2026-03-19 11:52:36,-49.1,-49.1,-49.2,-49.2,1154531
2026-03-19 12:02:36,-45.56,-45.45,-45.56,-45.45,1313378
2026-03-19 12:12:36,-45.34,-45.34,-45.6,-45.6,477864
2026-03-19 12:22:36,-45.82,-45.82,-46.05,-46.05,160048
2026-03-19 12:32:36,-49.81,-49.81,-50.1,-50.1,577848
2026-03-19 12:42:36,-55.06,-55.06,-55.12,-55.12,1084958
2026-03-19 12:52:36,-58.6,-58.55,-58.61,-58.55,1431398
2026-03-19 13:02:36,-54.82,-54.71,-54.82,-54.71,1123210
2026-03-19 13:12:36,-54.52,-54.52,-54.95,-54.95,293203
2026-03-19 13:22:36,-58.12,-58.12,-58.65,-58.65,1378797
2026-03-19 13:32:36,-63.64,-63.61,-63.64,-63.61,692430
2026-03-19 13:42:36,-61.96,-61.96,-62.07,-62.07,803872
2026-03-19 13:52:36,-62.96,-62.96,-62.96,-62.96,1377886
2026-03-19 14:02:36,-164.28,-163.88,-164.28,-163.88,620376
2026-03-19 14:12:36,-167.23,-167.13,-167.23,-167.13,242920
2026-03-19 14:22:36,-170.2,-170.2,-170.61,-170.61,950542
2026-03-19 14:32:36,-175.59,-175.59,-176.43,-176.43,1742077
2026-03-19 14:42:36,-175.51,-175.25,-175.51,-175.25,1797579
2026-03-19 14:52:36,-170.72,-170.72,-171.06,-171.06,270887
2026-03-19 15:02:36,-166.51,-166.14,-166.51,-166.14,538747
2026-03-19 15:12:36,-169.52,-168.98,-169.52,-168.98,1483941
2026-03-19 15:22:36,-177.14,-176.48,-177.14,-176.48,2082604
2026-03-19 15:32:36,-174.08,-172.72,-174.08,-172.72,365078
2026-03-19 15:42:36,-178.23,-176.44,-178.23,-176.44,1252237
2026-03-19 15:52:36,-180.97,-180.97,-181.25,-181.25,1091655
2026-03-20 09:32:36,-179.98,-179.6,-179.98,-179.6,805097
2026-03-20 09:42:36,-176.93,-176.9,-177.36,-177.36,338097
2026-03-20 09:52:36,-176.71,-176.71,-177.06,-176.83,2169630
2026-03-20 10:02:36,-176.65,-176.4,-176.65,-176.4,879634
2026-03-20 10:12:36,-178.23,-178.23,-178.77,-178.77,2246553
2026-03-20 10:22:36,-173.71,-173.71,-173.75,-173.75,1464827
2026-03-20 10:32:36,-170.51,-168.98,-170.51,-168.98,1430179
2026-03-20 10:42:36,-160.62,-160.62,-161.01,-160.93,1698098
2026-03-20 10:52:36,-156.73,-156.73,-156.96,-156.96,1056696
2026-03-20 11:02:36,-58.16,-58.16,-58.53,-58.53,1382634
2026-03-20 11:12:36,-59.09,-59.06,-59.18,-59.06,1246005
2026-03-20 11:22:36,-61.33,-61.15,-61.33,-61.24,805526
2026-03-20 11:32:36,-61.97,-61.64,-61.97,-61.64,397735
2026-03-20 11:42:36,-65.12,-65.12,-65.43,-65.43,989021
2026-03-20 11:52:36,-66.23,-65.99,-66.23,-65.99,271627
2026-03-20 12:02:36,-67.15,-66.91,-67.15,-66.91,1147600
2026-03-20 12:12:36,-64.32,-64.32,-64.59,-64.59,985509
2026-03-20 12:22:36,-63.96,-63.96,-64.07,-64.07,593753
2026-03-20 12:32:36,-63.23,-63.15,-63.23,-63.15,795465
2026-03-20 12:42:36,-61.61,-61.61,-61.94,-61.94,1213393
2026-03-20 12:52:36,-69.18,-68.84,-69.18,-68.84,514049
2026-03-20 13:02:36,-70.18,-70.16,-70.18,-70.16,1365656
2026-03-20 13:12:36,-68.45,-68.32,-68.45,-68.32,348401
2026-03-20 13:22:36,-68.86,-68.86,-69.04,-69.04,1034959
2026-03-20 13:32:36,-66.75,-66.75,-66.87,-66.87,1432287
2026-03-20 13:42:36,-66.0,-65.47,-66.0,-65.47,919868
2026-03-20 13:52:36,-63.1,-62.8,-63.1,-62.8,190714
2026-03-20 14:02:36,-168.96,-168.89,-168.96,-168.89,1364762
2026-03-20 14:12:36,-165.76,-165.09,-165.76,-165.09,1338619
2026-03-20 14:22:36,-170.0,-169.89,-170.0,-169.89,647394
2026-03-20 14:32:36,-165.1,-165.1,-165.76,-165.76,529405
2026-03-20 14:42:36,-167.63,-167.63,-168.32,-168.32,708817
2026-03-20 14:52:36,-171.29,-170.81,-171.29,-170.81,1424735
2026-03-20 15:02:36,-169.03,-169.03,-169.7,-169.7,1073435
2026-03-20 15:12:36,-172.05,-171.93,-172.05,-171.93,2213926
2026-03-20 15:22:36,-173.36,-173.36,-173.91,-173.91,394033
2026-03-20 15:32:36,-175.75,-175.75,-176.51,-176.51,1016217
2026-03-20 15:42:36,-183.29,-182.85,-183.29,-182.85,652902
2026-03-20 15:52:36,-186.87,-186.8,-187.11,-186.8,947124
2026-03-23 09:32:36,-186.97,-186.97,-187.14,-187.14,733657
2026-03-23 09:42:36,-179.89,-179.89,-179.91,-179.91,1599535
2026-03-23 09:52:36,-180.72,-180.72,-181.5,-181.5,661014
2026-03-23 10:02:36,-186.71,-186.71,-186.97,-186.97,1912493
2026-03-23 10:12:36,-187.37,-186.99,-187.37,-186.99,1644098
2026-03-23 10:22:36,-182.36,-182.36,-182.66,-182.66,621305
2026-03-23 10:32:36,-181.07,-181.02,-181.12,-181.02,1068073
2026-03-23 10:42:36,-183.53,-182.55,-183.53,-182.55,759214
2026-03-23 10:52:36,-187.86,-187.86,-188.26,-188.26,2276054
2026-03-23 11:02:36,-79.21,-79.21,-79.43,-79.43,260173
2026-03-23 11:12:36,-78.94,-78.57,-78.94,-78.57,702858
2026-03-23 11:22:36,-80.29,-80.07,-80.29,-80.2,782197
2026-03-23 11:32:36,-81.27,-81.08,-81.27,-81.08,1023818
2026-03-23 11:42:36,-82.38,-82.38,-82.51,-82.51,849690
2026-03-23 11:52:36,-76.02,-75.72,-76.02,-75.72,1433470
2026-03-23 12:02:36,-78.22,-78.22,-78.56,-78.56,380802
2026-03-23 12:12:36,-83.16,-83.04,-83.16,-83.04,1012604
2026-03-23 12:22:36,-80.76,-80.62,-80.76,-80.62,728083
2026-03-23 12:32:36,-82.21,-82.07,-82.21,-82.07,1350238
2026-03-23 12:42:36,-82.21,-81.99,-82.21,-81.99,1056632
2026-03-23 12:52:36,-81.7,-81.53,-81.7,-81.53,1626909
2026-03-23 13:02:36,-85.46,-85.08,-85.46,-85.08,1168251
2026-03-23 13:12:36,-88.49,-88.2,-88.49,-88.2,1694232
2026-03-23 13:22:36,-91.16,-90.8,-91.16,-90.8,1419807
2026-03-23 13:32:36,-96.22,-96.13,-96.22,-96.13,1254720
2026-03-23 13:42:36,-94.77,-94.77,-95.0,-95.0,1497430
2026-03-23 13:52:36,-96.74,-96.56,-96.92,-96.56,202724
2026-03-23 14:02:36,-214.29,-214.29,-214.69,-214.69,1505025
2026-03-23 14:12:36,-217.91,-217.91,-218.42,-218.42,494593
2026-03-23 14:22:36,-215.12,-215.12,-217.18,-217.18,1262911
2026-03-23 14:32:36,-219.5,-219.5,-219.93,-219.93,1177336
2026-03-23 14:42:36,-227.83,-227.83,-229.4,-229.4,1630807
2026-03-23 14:52:36,-230.34,-229.3,-230.34,-229.3,2403936
2026-03-23 15:02:36,-236.01,-234.91,-236.01,-234.91,1441894
2026-03-23 15:12:36,-228.28,-228.28,-228.28,-228.28,500884
2026-03-23 15:22:36,-226.68,-226.52,-226.68,-226.52,1404551
2026-03-23 15:32:36,-226.35,-225.45,-226.35,-225.45,2652372
2026-03-23 15:42:36,-226.62,-226.29,-226.62,-226.29,609085
2026-03-23 15:52:36,-224.63,-224.63,-226.5,-226.5,2001440
2026-03-24 09:32:36,-229.69,-229.3,-229.69,-229.3,2460699
2026-03-24 09:42:36,-226.44,-226.44,-226.45,-226.45,419781
2026-03-24 09:52:36,-219.7,-219.24,-219.7,-219.24,625966
2026-03-24 10:02:36,-218.1,-218.1,-218.85,-218.85,2503792
2026-03-24 10:12:36,-217.34,-217.34,-218.15,-218.15,1653730
2026-03-24 10:22:36,-215.76,-214.55,-215.76,-214.55,812359
2026-03-24 10:32:36,-215.28,-215.28,-216.92,-216.92,1220775
2026-03-24 10:42:36,-217.22,-216.71,-217.22,-216.71,772091
2026-03-24 10:52:36,-204.61,-204.61,-204.88,-204.88,269349
2026-03-24 11:02:36,-87.57,-87.26,-87.57,-87.26,1722481
2026-03-24 11:12:36,-87.89,-87.56,-87.89,-87.56,1494700
2026-03-24 11:22:36,-80.68,-80.68,-80.99,-80.99,475139
2026-03-24 11:32:36,-80.48,-80.15,-80.48,-80.15,1078264
2026-03-24 11:42:36,-78.16,-78.06,-78.16,-78.06,940080
2026-03-24 11:52:36,-80.81,-80.81,-81.21,-81.21,1238097
2026-03-24 12:02:36,-76.18,-76.1,-76.24,-76.1,364691
2026-03-24 12:12:36,-77.14,-77.14,-77.16,-77.16,173319
2026-03-24 12:22:36,-79.39,-79.17,-79.39,-79.17,929082
2026-03-24 12:32:36,-80.01,-80.01,-80.16,-80.16,1323468
2026-03-24 12:42:36,-79.05,-79.05,-79.17,-79.17,886280
2026-03-24 12:52:36,-80.26,-80.26,-80.3,-80.3,738729
2026-03-24 13:02:36,-79.07,-79.02,-79.07,-79.07,881629
2026-03-24 13:12:36,-79.16,-78.89,-79.16,-79.12,199431
2026-03-24 13:22:36,-79.82,-79.31,-79.82,-79.42,253962
2026-03-24 13:32:36,-78.36,-78.21,-78.36,-78.21,1291842
2026-03-24 13:42:36,-77.11,-76.97,-77.11,-76.97,1422991
2026-03-24 13:52:36,-76.96,-76.42,-76.96,-76.42,1348851
2026-03-24 14:02:36,-186.59,-186.59,-186.97,-186.97,1232014
2026-03-24 14:12:36,-191.4,-190.65,-191.4,-190.65,465720
2026-03-24 14:22:36,-193.52,-192.47,-193.52,-192.47,1119482
2026-03-24 14:32:36,-188.98,-188.98,-189.58,-189.58,505267
2026-03-24 14:42:36,-188.65,-188.65,-189.02,-188.81,1212593
2026-03-24 14:52:36,-192.52,-191.97,-192.52,-191.97,1454148
2026-03-24 15:02:36,-196.78,-196.72,-196.78,-196.78,493851
2026-03-24 15:12:36,-198.57,-197.69,-198.57,-197.69,2388371
2026-03-24 15:22:36,-194.72,-194.72,-195.6,-195.6,365229
2026-03-24 15:32:36,-194.8,-192.91,-194.8,-192.91,790184
2026-03-24 15:42:36,-193.97,-193.97,-194.27,-194.27,1865207
2026-03-24 15:52:36,-192.28,-191.71,-192.28,-191.71,1460127
2026-03-25 09:32:36,-186.58,-186.21,-186.58,-186.21,391743
2026-03-25 09:42:36,-185.35,-185.14,-185.35,-185.14,688245
2026-03-25 09:52:36,-191.85,-191.23,-191.85,-191.23,1901831
2026-03-25 10:02:36,-189.07,-189.07,-189.3,-189.3,529059
2026-03-25 10:12:36,-180.32,-180.32,-181.22,-181.22,2071515
2026-03-25 10:22:36,-171.85,-171.81,-171.85,-171.81,1479630
2026-03-25 10:32:36,-171.98,-171.04,-171.98,-171.04,2308152
2026-03-25 10:42:36,-170.66,-170.11,-170.66,-170.11,1798160
2026-03-25 10:52:36,-169.16,-169.16,-169.9,-169.9,1281363
2026-03-25 11:02:36,-64.16,-64.16,-64.46,-64.46,1323195
2026-03-25 11:12:36,-64.91,-64.7,-64.91,-64.7,764766
2026-03-25 11:22:36,-65.72,-65.58,-65.72,-65.58,1173635
2026-03-25 11:32:36,-65.11,-64.97,-65.11,-64.97,1338676
2026-03-25 11:42:36,-60.86,-60.86,-60.88,-60.88,1506463
2026-03-25 11:52:36,-58.46,-58.35,-58.46,-58.35,199328
2026-03-25 12:02:36,-54.05,-53.92,-54.05,-53.92,1338120
2026-03-25 12:12:36,-56.4,-56.4,-56.55,-56.55,703193
2026-03-25 12:22:36,-55.08,-55.08,-55.38,-55.38,274680
2026-03-25 12:32:36,-56.94,-56.94,-57.22,-57.22,382711
2026-03-25 12:42:36,-51.89,-51.64,-51.89,-51.64,1109905
2026-03-25 12:52:36,-56.71,-56.56,-56.71,-56.56,747536
2026-03-25 13:02:36,-56.81,-56.81,-56.81,-56.81,1108311
2026-03-25 13:12:36,-57.61,-57.5,-57.61,-57.5,879797
2026-03-25 13:22:36,-58.02,-58.0,-58.09,-58.09,1133167
2026-03-25 13:32:36,-49.62,-49.62,-49.77,-49.77,1147506
2026-03-25 13:42:36,-46.56,-46.51,-46.72,-46.51,307357
2026-03-25 13:52:36,-44.86,-44.56,-44.86,-44.56,1257181
2026-03-25 14:02:36,-139.29,-138.82,-139.29,-138.82,409152
2026-03-25 14:12:36,-138.2,-138.2,-138.47,-138.47,1800348
2026-03-25 14:22:36,-136.27,-136.27,-136.62,-136.62,940247
2026-03-25 14:32:36,-133.65,-133.65,-134.68,-134.68,1709961
2026-03-25 14:42:36,-139.07,-139.07,-139.57,-139.57,815969
2026-03-25 14:52:36,-141.61,-141.61,-141.71,-141.71,259759
2026-03-25 15:02:36,-139.49,-139.49,-139.75,-139.75,669155
2026-03-25 15:12:36,-135.52,-135.46,-135.52,-135.46,1167488
2026-03-25 15:22:36,-138.08,-138.08,-138.29,-138.29,1499740
2026-03-25 15:32:36,-135.86,-135.36,-135.86,-135.36,943723
2026-03-25 15:42:36,-136.82,-136.82,-137.14,-137.14,1401735
2026-03-25 15:52:36,-140.24,-140.24,-140.78,-140.78,1181242
2026-03-26 09:32:36,-149.73,-149.73,-150.02,-150.02,2105666
2026-03-26 09:42:36,-153.58,-153.31,-153.58,-153.31,1954956
2026-03-26 09:52:36,-155.51,-155.2,-155.51,-155.2,1009890
2026-03-26 10:02:36,-151.2,-151.2,-151.66,-151.66,2120042
2026-03-26 10:12:36,-159.49,-159.49,-159.82,-159.82,1925714
2026-03-26 10:22:36,-167.77,-167.37,-167.77,-167.37,518225
2026-03-26 10:32:36,-167.57,-167.57,-168.09,-168.09,1761707
2026-03-26 10:42:36,-166.5,-166.5,-166.52,-166.52,1426310
2026-03-26 10:52:36,-154.98,-154.98,-155.78,-155.78,531982
2026-03-26 11:02:36,-55.45,-55.43,-55.45,-55.43,379667
2026-03-26 11:12:36,-56.36,-56.23,-56.36,-56.23,672744
2026-03-26 11:22:36,-59.87,-59.69,-59.87,-59.69,1431960
2026-03-26 11:32:36,-65.84,-65.74,-65.84,-65.74,216968
2026-03-26 11:42:36,-63.89,-63.89,-64.2,-64.2,1315914
2026-03-26 11:52:36,-65.53,-65.37,-65.53,-65.37,686718
2026-03-26 12:02:36,-68.88,-68.88,-68.96,-68.96,941838
2026-03-26 12:12:36,-63.85,-63.66,-63.85,-63.66,1443923
2026-03-26 12:22:36,-66.02,-65.82,-66.02,-65.82,227793
2026-03-26 12:32:36,-63.21,-62.94,-63.21,-62.94,936193
2026-03-26 12:42:36,-64.75,-64.75,-65.19,-65.19,1040845
2026-03-26 12:52:36,-59.96,-59.96,-59.98,-59.98,931577
2026-03-26 13:02:36,-55.09,-54.77,-55.09,-54.77,615675
2026-03-26 13:12:36,-51.91,-51.69,-51.91,-51.69,1201893
2026-03-26 13:22:36,-49.89,-49.33,-49.89,-49.33,1337052
2026-03-26 13:32:36,-50.75,-50.75,-50.91,-50.91,1461411
2026-03-26 13:42:36,-50.43,-50.43,-50.71,-50.71,1315068
2026-03-26 13:52:36,-52.24,-52.24,-52.46,-52.46,1082387
2026-03-26 14:02:36,-148.04,-147.87,-148.04,-147.87,614624
2026-03-26 14:12:36,-144.98,-144.98,-145.07,-145.07,1942284
2026-03-26 14:22:36,-146.09,-146.09,-146.36,-146.36,1925399
2026-03-26 14:32:36,-138.34,-138.34,-138.98,-138.98,210597
2026-03-26 14:42:36,-140.98,-140.98,-141.71,-141.71,1622548
2026-03-26 14:52:36,-148.04,-147.08,-148.04,-147.08,820085
2026-03-26 15:02:36,-144.9,-144.9,-145.01,-145.01,2097100
2026-03-26 15:12:36,-145.2,-144.95,-145.2,-145.07,257002
2026-03-26 15:22:36,-154.39,-154.39,-154.42,-154.42,460014
2026-03-26 15:32:36,-159.74,-159.74,-160.64,-160.64,1987795
2026-03-26 15:42:36,-154.87,-154.87,-155.23,-154.87,2152573
2026-03-26 15:52:36,-163.72,-163.3,-163.72,-163.3,2059894
2026-03-27 09:32:36,-160.84,-160.84,-161.42,-161.42,1655507
2026-03-27 09:42:36,-156.46,-156.11,-156.46,-156.11,248755
2026-03-27 09:52:36,-163.46,-162.23,-163.46,-162.23,554822
2026-03-27 10:02:36,-164.49,-164.04,-164.49,-164.04,1507799
2026-03-27 10:12:36,-166.35,-166.35,-167.15,-167.15,1562904
2026-03-27 10:22:36,-174.87,-174.32,-174.87,-174.32,414118
2026-03-27 10:32:36,-171.5,-170.94,-171.5,-170.94,1145283
2026-03-27 10:42:36,-171.65,-171.65,-172.28,-172.28,847600
2026-03-27 10:52:36,-174.79,-174.28,-174.79,-174.28,1330717
2026-03-27 11:02:36,-64.58,-64.54,-64.58,-64.54,651110
2026-03-27 11:12:36,-64.95,-64.95,-64.96,-64.96,918886
2026-03-27 11:22:36,-64.68,-64.21,-64.68,-64.21,1441602
2026-03-27 11:32:36,-62.81,-62.81,-62.81,-62.81,845183
2026-03-27 11:42:36,-62.83,-62.8,-62.85,-62.8,1328055
2026-03-27 11:52:36,-64.17,-64.17,-64.2,-64.2,1280356
2026-03-27 12:02:36,-69.02,-68.66,-69.02,-68.66,1307329
2026-03-27 12:12:36,-73.22,-73.22,-73.44,-73.44,1506405
2026-03-27 12:22:36,-72.78,-72.57,-72.78,-72.57,678097
2026-03-27 12:32:36,-69.67,-69.6,-69.67,-69.6,818259
2026-03-27 12:42:36,-67.99,-67.99,-68.46,-68.46,1020489
2026-03-27 12:52:36,-63.68,-63.68,-63.75,-63.75,855978
2026-03-27 13:02:36,-58.6,-58.29,-58.6,-58.29,1064692
2026-03-27 13:12:36,-61.82,-61.82,-61.82,-61.82,241236
2026-03-27 13:22:36,-65.15,-65.15,-65.35,-65.35,1413491
2026-03-27 13:32:36,-62.99,-62.99,-63.17,-63.17,1464208
2026-03-27 13:42:36,-65.37,-65.06,-65.37,-65.06,1228130
2026-03-27 13:52:36,-62.94,-62.94,-63.1,-63.1,595167
2026-03-27 14:02:36,-169.12,-168.75,-169.12,-168.75,1331690
2026-03-27 14:12:36,-171.06,-170.81,-171.06,-170.82,928902
2026-03-27 14:22:36,-164.37,-164.37,-164.45,-164.45,976149
2026-03-27 14:32:36,-166.27,-165.33,-166.27,-165.33,1311591
2026-03-27 14:42:36,-169.92,-169.73,-169.92,-169.73,1322770
2026-03-27 14:52:36,-167.7,-167.7,-167.84,-167.84,1504476
2026-03-27 15:02:36,-173.55,-172.86,-173.55,-172.86,973181
2026-03-27 15:12:36,-182.1,-181.87,-182.1,-181.87,589147
2026-03-27 15:22:36,-181.56,-181.38,-181.56,-181.38,1946346
2026-03-27 15:32:36,-181.3,-180.64,-181.3,-181.06,742837
2026-03-27 15:42:36,-171.08,-171.08,-172.28,-172.28,419713
2026-03-27 15:52:36,-172.81,-172.81,-172.96,-172.96,290005
2026-03-30 09:32:36,-175.53,-175.49,-175.53,-175.49,1409301
2026-03-30 09:42:36,-186.59,-185.92,-186.59,-185.93,1286720
2026-03-30 09:52:36,-182.55,-181.95,-182.55,-181.95,1639348
2026-03-30 10:02:36,-181.95,-181.95,-182.26,-182.26,2116971
2026-03-30 10:12:36,-186.21,-186.21,-186.68,-186.68,854890
2026-03-30 10:22:36,-185.65,-185.65,-186.99,-186.99,964649
2026-03-30 10:32:36,-192.73,-192.73,-193.15,-193.15,1290787
2026-03-30 10:42:36,-189.32,-188.87,-189.32,-188.87,951260
2026-03-30 10:52:36,-194.5,-193.42,-194.5,-193.42,2373742
2026-03-30 11:02:36,-79.68,-79.68,-79.75,-79.72,776355
2026-03-30 11:12:36,-78.11,-78.11,-78.4,-78.4,726546
2026-03-30 11:22:36,-85.84,-85.77,-85.84,-85.77,288205
2026-03-30 11:32:36,-85.57,-85.57,-86.37,-86.37,415612
2026-03-30 11:42:36,-82.62,-82.62,-82.91,-82.91,1037262
2026-03-30 11:52:36,-82.66,-82.66,-82.82,-82.82,970924
2026-03-30 12:02:36,-83.0,-82.99,-83.0,-82.99,1628996
2026-03-30 12:12:36,-83.42,-83.27,-83.42,-83.27,947064
2026-03-30 12:22:36,-82.56,-82.56,-82.9,-82.9,1457472
2026-03-30 12:32:36,-84.02,-84.02,-84.1,-84.1,1415764
2026-03-30 12:42:36,-82.07,-82.02,-82.07,-82.02,910814
2026-03-30 12:52:36,-79.02,-79.02,-79.38,-79.38,1194057
2026-03-30 13:02:36,-79.48,-79.07,-79.48,-79.07,590581
2026-03-30 13:12:36,-75.5,-75.5,-75.8,-75.8,625565
2026-03-30 13:22:36,-72.88,-72.83,-72.88,-72.86,1173718
2026-03-30 13:32:36,-72.01,-71.58,-72.01,-71.58,704611
2026-03-30 13:42:36,-69.54,-69.54,-70.02,-70.02,308806
2026-03-30 13:52:36,-71.05,-70.97,-71.05,-70.97,253530
2026-03-30 14:02:36,-171.96,-171.96,-172.05,-172.05,500001
2026-03-30 14:12:36,-175.64,-175.64,-176.59,-176.59,1316123
2026-03-30 14:22:36,-183.2,-183.03,-183.2,-183.03,1446908
2026-03-30 14:32:36,-183.56,-183.41,-183.56,-183.41,1088941
2026-03-30 14:42:36,-177.72,-177.09,-177.72,-177.09,714698
2026-03-30 14:52:36,-182.27,-182.27,-182.55,-182.55,298183
2026-03-30 15:02:36,-179.13,-179.13,-179.81,-179.81,1180956
2026-03-30 15:12:36,-180.15,-178.87,-180.15,-178.87,1146026
2026-03-30 15:22:36,-170.53,-170.17,-170.53,-170.17,694244
2026-03-30 15:32:36,-165.16,-165.16,-165.66,-165.66,516123
2026-03-30 15:42:36,-165.85,-164.67,-165.85,-164.67,1296094
2026-03-30 15:52:36,-161.76,-161.76,-162.03,-161.86,1255085
2026-03-31 09:32:36,-166.35,-166.35,-166.82,-166.82,459813
2026-03-31 09:42:36,-171.51,-170.3,-171.51,-170.3,525389
2026-03-31 09:52:36,-179.35,-178.78,-179.35,-178.78,489367
2026-03-31 10:02:36,-174.82,-174.1,-174.82,-174.1,296046
2026-03-31 10:12:36,-169.91,-169.91,-170.96,-170.96,564436
2026-03-31 10:22:36,-161.9,-161.9,-162.52,-162.52,1428857
2026-03-31 10:32:36,-160.88,-160.88,-161.0,-161.0,1734401
2026-03-31 10:42:36,-155.28,-155.28,-156.22,-156.22,633656
2026-03-31 10:52:36,-154.61,-154.61,-155.03,-154.9,1531849
2026-03-31 11:02:36,-60.23,-60.23,-60.23,-60.23,1498131
2026-03-31 11:12:36,-62.84,-62.58,-62.84,-62.58,538982
2026-03-31 11:22:36,-65.58,-65.38,-65.58,-65.38,1196899
2026-03-31 11:32:36,-70.11,-70.11,-70.34,-70.34,432506
2026-03-31 11:42:36,-74.93,-74.93,-75.21,-75.21,458640
2026-03-31 11:52:36,-72.36,-72.36,-72.42,-72.42,326885
2026-03-31 12:02:36,-72.38,-72.17,-72.38,-72.17,1195283
2026-03-31 12:12:36,-72.69,-72.22,-72.69,-72.22,1339124
2026-03-31 12:22:36,-70.91,-70.6,-70.91,-70.6,473340
2026-03-31 12:32:36,-69.68,-69.68,-69.81,-69.81,792846
2026-03-31 12:42:36,-72.0,-72.0,-72.24,-72.24,963955
2026-03-31 12:52:36,-79.12,-79.05,-79.12,-79.05,692672
2026-03-31 13:02:36,-83.26,-83.04,-83.26,-83.15,978086
2026-03-31 13:12:36,-86.74,-86.74,-86.82,-86.82,391253
2026-03-31 13:22:36,-89.31,-89.19,-89.33,-89.19,961503
2026-03-31 13:32:36,-89.27,-89.27,-89.75,-89.75,1693915
2026-03-31 13:42:36,-91.24,-91.24,-91.28,-91.28,448414
2026-03-31 13:52:36,-91.87,-91.76,-91.87,-91.76,605568
2026-03-31 14:02:36,-207.8,-207.08,-207.8,-207.27,1679994
2026-03-31 14:12:36,-206.72,-206.72,-206.79,-206.79,2299697
2026-03-31 14:22:36,-208.33,-208.33,-208.84,-208.84,880976
2026-03-31 14:32:36,-206.31,-206.31,-206.96,-206.96,1725421
2026-03-31 14:42:36,-205.72,-205.72,-205.99,-205.99,1655832
2026-03-31 14:52:36,-217.44,-216.82,-217.44,-216.82,780321
2026-03-31 15:02:36,-219.22,-217.5,-219.22,-217.5,2544233
2026-03-31 15:12:36,-211.01,-211.01,-211.94,-211.94,1752626
2026-03-31 15:22:36,-201.47,-201.43,-201.47,-201.43,1593562
2026-03-31 15:32:36,-194.81,-193.98,-194.81,-193.98,782810
2026-03-31 15:42:36,-191.11,-191.11,-191.3,-191.3,1376134
2026-03-31 15:52:36,-189.08,-189.05,-189.08,-189.05,2416289
2026-04-01 09:32:36,-193.03,-192.11,-193.03,-192.11,1379954
2026-04-01 09:42:36,-192.21,-192.21,-192.34,-192.34,1227887
2026-04-01 09:52:36,-185.29,-185.29,-186.33,-186.33,1173268
2026-04-01 10:02:36,-186.89,-186.83,-186.89,-186.83,2053503
2026-04-01 10:12:36,-186.26,-186.26,-186.3,-186.3,810988
2026-04-01 10:22:36,-185.59,-185.41,-185.59,-185.41,1088618
2026-04-01 10:32:36,-196.01,-195.98,-196.01,-195.98,292862
2026-04-01 10:42:36,-195.67,-195.26,-195.67,-195.26,2094097
2026-04-01 10:52:36,-197.99,-197.87,-197.99,-197.87,1619650
2026-04-01 11:02:36,-85.33,-85.27,-85.33,-85.27,1344561
2026-04-01 11:12:36,-84.23,-84.09,-84.23,-84.09,779510
2026-04-01 11:22:36,-89.06,-89.06,-89.64,-89.64,1685055
2026-04-01 11:32:36,-93.51,-93.16,-93.51,-93.16,1532650
2026-04-01 11:42:36,-89.53,-89.31,-89.53,-89.36,279835
2026-04-01 11:52:36,-89.59,-89.42,-89.59,-89.42,1075600
2026-04-01 12:02:36,-95.54,-95.54,-95.77,-95.77,392098
2026-04-01 12:12:36,-97.61,-97.61,-98.13,-98.13,797550
2026-04-01 12:22:36,-97.83,-97.83,-98.02,-98.02,1410121
2026-04-01 12:32:36,-96.48,-96.4,-96.48,-96.4,236290
2026-04-01 12:42:36,-98.71,-98.66,-98.87,-98.87,1611606
2026-04-01 12:52:36,-94.19,-94.19,-94.36,-94.36,1179796
2026-04-01 13:02:36,-97.19,-96.68,-97.19,-96.68,1253716
2026-04-01 13:12:36,-99.85,-99.66,-99.85,-99.66,1396810
2026-04-01 13:22:36,-99.93,-99.38,-99.93,-99.38,1410573
2026-04-01 13:32:36,-97.49,-97.37,-97.49,-97.37,1122348
2026-04-01 13:42:36,-96.71,-96.04,-96.71,-96.04,1374706
2026-04-01 13:52:36,-97.77,-97.77,-97.83,-97.83,790118
2026-04-01 14:02:36,-218.8,-218.42,-219.27,-218.42,1039706
2026-04-01 14:12:36,-221.5,-221.44,-221.82,-221.82,2495638
2026-04-01 14:22:36,-218.74,-218.74,-218.92,-218.92,1947321
2026-04-01 14:32:36,-224.14,-224.0,-224.14,-224.0,2269831
2026-04-01 14:42:36,-222.46,-222.31,-222.46,-222.31,470026
2026-04-01 14:52:36,-224.21,-224.15,-224.21,-224.15,2218672
2026-04-01 15:02:36,-224.51,-224.48,-224.51,-224.48,1568274
2026-04-01 15:12:36,-221.09,-221.09,-221.92,-221.92,1511029
2026-04-01 15:22:36,-226.8,-226.55,-226.8,-226.55,491490
2026-04-01 15:32:36,-228.09,-228.09,-229.15,-229.15,892209
2026-04-01 15:42:36,-228.67,-227.67,-228.67,-227.67,1956408
2026-04-01 15:52:36,-226.51,-226.51,-227.03,-227.03,1447455
2026-04-02 09:32:36,-227.94,-227.94,-227.96,-227.96,1708815
2026-04-02 09:42:36,-224.02,-222.39,-224.02,-222.39,733517
2026-04-02 09:52:36,-217.09,-216.91,-217.09,-216.91,1172823
2026-04-02 10:02:36,-217.4,-217.4,-217.71,-217.71,2554918
2026-04-02 10:12:36,-208.0,-207.73,-208.58,-207.73,2466149
2026-04-02 10:22:36,-203.22,-203.22,-203.51,-203.51,2489315
2026-04-02 10:32:36,-203.91,-203.6,-204.16,-204.16,755682
2026-04-02 10:42:36,-209.82,-209.82,-210.5,-210.5,2219312
2026-04-02 10:52:36,-206.77,-206.22,-206.77,-206.22,2562040
2026-04-02 11:02:36,-86.05,-85.85,-86.05,-85.85,1344088
2026-04-02 11:12:36,-84.5,-84.5,-84.63,-84.63,428426
2026-04-02 11:22:36,-86.26,-86.26,-86.28,-86.28,221227
2026-04-02 11:32:36,-85.29,-85.29,-85.72,-85.72,901429
2026-04-02 11:42:36,-87.52,-87.39,-87.52,-87.39,793689
2026-04-02 11:52:36,-87.58,-87.54,-87.58,-87.54,1695794
2026-04-02 12:02:36,-92.8,-92.21,-92.8,-92.21,1656518
2026-04-02 12:12:36,-85.81,-85.81,-85.93,-85.93,1574387
2026-04-02 12:22:36,-88.85,-88.85,-89.01,-89.01,752379
2026-04-02 12:32:36,-88.61,-88.61,-88.94,-88.94,1290831
2026-04-02 12:42:36,-88.71,-88.71,-89.11,-89.11,1326712
2026-04-02 12:52:36,-88.55,-88.55,-88.63,-88.63,1010089
2026-04-02 13:02:36,-91.31,-91.31,-91.5,-91.5,598965
2026-04-02 13:12:36,-93.34,-93.23,-93.34,-93.23,773491
2026-04-02 13:22:36,-95.11,-95.11,-95.22,-95.22,232041
2026-04-02 13:32:36,-91.84,-91.84,-91.97,-91.97,916798
2026-04-02 13:42:36,-95.79,-95.77,-95.94,-95.94,531412
2026-04-02 13:52:36,-92.6,-92.6,-92.93,-92.93,1580094
2026-04-02 14:02:36,-209.33,-209.33,-209.88,-209.88,988331
2026-04-02 14:12:36,-215.1,-213.7,-215.1,-213.7,1686376
2026-04-02 14:22:36,-218.83,-218.59,-218.83,-218.59,1754287
2026-04-02 14:32:36,-217.9,-217.6,-217.9,-217.6,741325
2026-04-02 14:42:36,-220.24,-220.24,-221.19,-221.19,1214057
2026-04-02 14:52:36,-223.5,-222.48,-223.5,-222.48,1854276
2026-04-02 15:02:36,-225.06,-225.06,-225.24,-225.24,2272195
2026-04-02 15:12:36,-225.89,-225.89,-226.04,-226.04,1759308
2026-04-02 15:22:36,-233.94,-233.94,-234.53,-234.53,960171
2026-04-02 15:32:36,-233.13,-232.11,-233.13,-232.11,1786102
2026-04-02 15:42:36,-232.18,-232.18,-232.89,-232.89,1916675
2026-04-02 15:52:36,-234.5,-233.85,-234.5,-233.85,1278431
2026-04-03 09:32:36,-233.55,-233.55,-233.77,-233.77,2269365
2026-04-03 09:42:36,-236.25,-236.25,-237.36,-237.36,2659966
2026-04-03 09:52:36,-242.69,-241.84,-242.76,-241.84,2142284
2026-04-03 10:02:36,-248.38,-247.97,-248.38,-247.97,400042
2026-04-03 10:12:36,-247.4,-247.4,-248.19,-248.19,2261143
2026-04-03 10:22:36,-253.3,-253.3,-253.58,-253.58,1483523
2026-04-03 10:32:36,-250.18,-250.18,-251.41,-251.41,1420744
2026-04-03 10:42:36,-252.04,-252.04,-252.77,-252.77,1751163
2026-04-03 10:52:36,-253.13,-253.13,-254.16,-254.16,413188
2026-04-03 11:02:36,-119.83,-119.65,-119.83,-119.65,1458435
2026-04-03 11:12:36,-119.51,-119.51,-120.13,-120.13,571343
2026-04-03 11:22:36,-118.81,-118.81,-118.89,-118.89,1355420
2026-04-03 11:32:36,-118.2,-118.2,-118.64,-118.64,252335
2026-04-03 11:42:36,-117.54,-117.54,-118.17,-118.17,1199500
2026-04-03 11:52:36,-122.55,-122.55,-122.66,-122.66,519417
2026-04-03 12:02:36,-122.49,-122.47,-122.49,-122.49,497262
2026-04-03 12:12:36,-121.86,-121.86,-122.01,-121.86,752880
2026-04-03 12:22:36,-121.23,-121.23,-121.46,-121.46,448165
2026-04-03 12:32:36,-118.92,-118.92,-118.93,-118.93,409403
2026-04-03 12:42:36,-121.69,-121.3,-122.0,-122.0,1420313
2026-04-03 12:52:36,-125.2,-124.75,-125.2,-124.75,846332
2026-04-03 13:02:36,-123.02,-122.33,-123.02,-122.33,867169
2026-04-03 13:12:36,-126.53,-125.6,-126.53,-125.6,1227507
2026-04-03 13:22:36,-125.19,-124.47,-125.19,-124.81,959653
2026-04-03 13:32:36,-129.16,-128.98,-129.16,-128.98,1823020
2026-04-03 13:42:36,-126.89,-126.82,-126.89,-126.82,214467
2026-04-03 13:52:36,-118.46,-118.46,-118.51,-118.51,1653991
2026-04-03 14:02:36,-241.78,-241.78,-243.24,-243.24,2022780
2026-04-03 14:12:36,-247.06,-247.06,-247.57,-247.57,873770
2026-04-03 14:22:36,-249.62,-249.62,-250.23,-250.23,1010307
2026-04-03 14:32:36,-240.26,-239.46,-240.26,-239.46,2487375
2026-04-03 14:42:36,-237.08,-236.19,-237.08,-236.19,2775390
2026-04-03 14:52:36,-238.37,-238.37,-239.91,-239.91,2557746
2026-04-03 15:02:36,-236.14,-235.8,-236.14,-235.8,1128640
2026-04-03 15:12:36,-230.61,-229.64,-230.61,-229.64,545847
2026-04-03 15:22:36,-232.23,-232.23,-232.24,-232.24,411489
2026-04-03 15:32:36,-229.54,-228.81,-229.54,-228.81,370682
2026-04-03 15:42:36,-220.95,-220.95,-221.0,-221.0,766882
2026-04-03 15:52:36,-223.15,-222.35,-223.15,-222.35,2580851
