timestamp,Open,High,Low,Close,Volume
2026-01-05 09:32:36,372.65,375.26,370.51,373.9,57782
2026-01-05 09:42:36,364.34,365.8,362.87,363.55,65104
2026-01-05 09:52:36,372.12,374.48,369.05,371.78,65820
2026-01-05 10:02:36,383.81,385.02,382.78,385.02,97754
2026-01-05 10:12:36,372.82,374.75,369.22,369.22,31957
2026-01-05 10:22:36,368.3,368.3,364.6,366.78,114370
2026-01-05 10:32:36,362.18,366.17,361.3,361.3,120331
2026-01-05 10:42:36,368.77,372.77,368.66,368.66,79487
2026-01-05 10:52:36,360.65,361.05,359.52,360.34,69454
2026-01-05 11:02:36,363.82,366.02,363.81,363.81,111932
2026-01-05 11:12:36,365.32,366.28,365.06,366.28,42017
2026-01-05 11:22:36,364.83,367.41,360.69,364.55,97327
2026-01-05 11:32:36,361.75,363.19,360.55,360.71,94227
2026-01-05 11:42:36,372.01,372.01,370.12,370.12,97111
2026-01-05 11:52:36,376.11,376.11,374.4,375.55,31215
2026-01-05 12:02:36,368.25,370.75,368.25,368.75,27811
2026-01-05 12:12:36,357.34,359.72,356.57,359.5,108178
2026-01-05 12:22:36,367.27,368.52,365.64,365.64,53355
2026-01-05 12:32:36,378.07,378.07,374.37,375.14,104665
2026-01-05 12:42:36,367.14,369.19,366.04,368.24,126497
2026-01-05 12:52:36,374.27,377.62,373.53,374.74,84326
2026-01-05 13:02:36,369.33,371.33,366.98,367.27,31758
2026-01-05 13:12:36,362.04,362.96,360.76,360.76,80199
2026-01-05 13:22:36,353.77,355.09,353.77,355.09,134131
2026-01-05 13:32:36,347.75,349.22,347.66,348.88,122455
2026-01-05 13:42:36,348.25,348.67,344.98,348.02,95093
2026-01-05 13:52:36,337.88,339.1,334.08,336.47,91364
2026-01-05 14:02:36,319.93,322.49,319.4,320.55,87117
2026-01-05 14:12:36,316.79,316.79,315.03,316.04,135341
2026-01-05 14:22:36,293.79,293.99,292.31,292.31,294065
2026-01-05 14:32:36,286.21,286.21,283.67,285.92,200167
2026-01-05 14:42:36,266.49,268.23,266.35,268.01,71653
2026-01-05 14:52:36,256.66,257.83,256.0,257.65,405938
2026-01-05 15:02:36,253.07,254.77,251.89,252.78,173139
2026-01-05 15:12:36,233.55,234.41,232.37,232.37,445411
2026-01-05 15:22:36,218.79,220.28,217.99,218.58,434207
2026-01-05 15:32:36,237.77,237.77,234.79,235.75,138813
2026-01-05 15:42:36,235.17,236.69,234.25,234.25,466478
2026-01-05 15:52:36,236.55,237.88,236.55,237.55,293147
2026-01-06 09:32:36,211.23,212.72,211.21,212.72,88978
2026-01-06 09:42:36,232.87,232.95,231.65,232.6,332352
2026-01-06 09:52:36,221.1,221.56,218.7,220.94,243345
2026-01-06 10:02:36,209.28,209.9,207.95,209.79,529404
2026-01-06 10:12:36,202.41,204.29,201.59,201.59,234362
2026-01-06 10:22:36,211.19,211.45,209.24,211.45,240601
2026-01-06 10:32:36,211.31,211.41,211.22,211.36,331803
2026-01-06 10:42:36,221.79,224.93,220.64,222.59,238496
2026-01-06 10:52:36,228.17,230.24,228.17,229.75,112059
2026-01-06 11:02:36,272.43,275.64,271.92,273.28,138957
2026-01-06 11:12:36,285.0,285.25,283.93,283.93,226333
2026-01-06 11:22:36,278.03,280.41,277.12,277.96,147020
2026-01-06 11:32:36,278.21,281.17,278.21,279.32,288836
2026-01-06 11:42:36,281.36,281.84,281.07,281.07,275680
2026-01-06 11:52:36,285.69,287.97,285.69,287.26,275343
2026-01-06 12:02:36,275.44,275.44,273.22,273.81,86904
2026-01-06 12:12:36,268.27,269.05,267.53,267.53,178323
2026-01-06 12:22:36,270.01,271.72,269.44,269.44,345884
2026-01-06 12:32:36,279.98,280.4,277.07,278.98,80193
2026-01-06 12:42:36,273.17,273.82,272.43,272.71,218871
2026-01-06 12:52:36,268.69,269.53,267.46,269.53,360036
2026-01-06 13:02:36,272.92,273.97,272.92,273.95,282214
2026-01-06 13:12:36,269.98,272.64,269.29,271.26,123899
2026-01-06 13:22:36,259.11,259.11,257.19,257.85,269417
2026-01-06 13:32:36,260.63,262.14,260.22,262.14,177343
2026-01-06 13:42:36,253.48,253.48,249.88,252.12,171152
2026-01-06 13:52:36,249.24,249.31,247.15,248.34,166621
2026-01-06 14:02:36,191.48,192.42,191.48,192.04,134283
2026-01-06 14:12:36,191.42,192.03,190.84,191.11,311838
2026-01-06 14:22:36,187.63,188.03,187.63,187.91,265888
2026-01-06 14:32:36,190.52,191.93,189.99,191.54,243208
2026-01-06 14:42:36,164.37,165.84,164.37,164.47,330058
2026-01-06 14:52:36,152.09,154.68,151.8,152.53,283643
2026-01-06 15:02:36,154.39,154.82,153.4,153.4,395623
2026-01-06 15:12:36,148.39,150.01,148.09,149.35,217720
2026-01-06 15:22:36,156.04,156.07,154.87,155.99,540815
2026-01-06 15:32:36,144.8,145.2,144.57,144.57,385526
2026-01-06 15:42:36,147.07,147.07,146.06,146.4,603503
2026-01-06 15:52:36,155.91,156.76,154.97,156.76,586076
2026-01-07 09:32:36,162.4,163.88,161.66,162.49,69666
2026-01-07 09:42:36,160.06,161.17,159.34,159.5,407367
2026-01-07 09:52:36,154.8,155.39,153.79,154.67,327595
2026-01-07 10:02:36,149.5,149.5,148.73,149.21,177823
2026-01-07 10:12:36,155.6,156.59,155.3,155.78,108314
2026-01-07 10:22:36,168.01,168.01,166.43,167.17,195957
2026-01-07 10:32:36,172.95,173.46,172.95,173.46,418735
2026-01-07 10:42:36,188.95,190.52,188.09,189.67,346542
2026-01-07 10:52:36,194.92,195.76,193.95,195.76,214115
2026-01-07 11:02:36,260.8,262.28,259.79,262.28,261927
2026-01-07 11:12:36,254.93,255.77,251.8,254.72,414392
2026-01-07 11:22:36,254.29,255.34,251.92,255.34,167136
2026-01-07 11:32:36,244.52,246.63,243.72,244.82,239767
2026-01-07 11:42:36,247.07,247.07,245.2,246.51,211054
2026-01-07 11:52:36,252.5,253.17,251.6,251.6,218234
2026-01-07 12:02:36,265.42,268.24,263.79,265.18,86615
2026-01-07 12:12:36,252.81,252.83,251.4,252.27,366834
2026-01-07 12:22:36,246.21,247.62,245.34,245.34,145308
2026-01-07 12:32:36,246.5,246.5,243.09,244.51,317472
2026-01-07 12:42:36,247.41,249.47,247.41,248.5,194337
2026-01-07 12:52:36,257.25,259.68,256.87,258.24,86076
2026-01-07 13:02:36,248.93,248.93,248.12,248.12,241572
2026-01-07 13:12:36,254.26,255.99,254.24,255.51,246150
2026-01-07 13:22:36,256.18,259.09,254.31,257.18,289613
2026-01-07 13:32:36,258.95,259.88,256.67,258.78,362155
2026-01-07 13:42:36,264.45,265.92,264.45,264.85,313712
2026-01-07 13:52:36,266.17,266.5,263.33,266.5,241280
2026-01-07 14:02:36,206.55,208.84,206.55,206.82,197043
2026-01-07 14:12:36,213.25,214.59,213.16,214.54,348830
2026-01-07 14:22:36,227.7,228.54,226.06,226.64,235967
2026-01-07 14:32:36,230.38,230.55,227.28,229.74,360512
2026-01-07 14:42:36,224.61,224.61,221.09,224.58,449181
2026-01-07 14:52:36,239.44,239.65,238.56,238.56,117200
2026-01-07 15:02:36,254.21,255.92,253.48,255.38,327483
2026-01-07 15:12:36,242.24,242.75,241.51,241.51,223830
2026-01-07 15:22:36,232.41,233.45,232.23,232.54,287004
2026-01-07 15:32:36,236.85,238.52,236.3,237.29,347514
2026-01-07 15:42:36,259.54,259.64,258.16,258.9,275291
2026-01-07 15:52:36,255.2,255.34,253.82,253.87,187531
2026-01-08 09:32:36,272.55,274.24,272.21,272.21,86494
2026-01-08 09:42:36,280.28,280.7,279.1,279.53,306907
2026-01-08 09:52:36,300.15,301.31,298.82,301.31,124382
2026-01-08 10:02:36,299.85,300.56,298.74,300.5,61431
2026-01-08 10:12:36,292.8,294.39,291.58,291.58,163368
2026-01-08 10:22:36,298.86,300.28,295.7,298.84,307711
2026-01-08 10:32:36,282.92,286.97,282.65,284.75,252681
2026-01-08 10:42:36,285.06,285.55,283.13,283.58,337803
2026-01-08 10:52:36,281.33,281.33,279.78,280.22,290408
2026-01-08 11:02:36,326.43,328.3,326.07,328.3,218051
2026-01-08 11:12:36,325.22,326.56,322.42,326.56,64849
2026-01-08 11:22:36,327.88,328.39,326.01,328.39,81236
2026-01-08 11:32:36,315.84,316.82,313.98,316.82,256844
2026-01-08 11:42:36,324.5,326.32,324.5,325.99,219647
2026-01-08 11:52:36,318.23,318.23,316.78,316.78,156588
2026-01-08 12:02:36,314.61,314.94,313.46,313.46,140764
2026-01-08 12:12:36,312.13,312.13,309.63,311.9,187266
2026-01-08 12:22:36,317.95,320.92,316.49,318.97,28338
2026-01-08 12:32:36,324.77,326.36,322.99,324.99,52637
2026-01-08 12:42:36,331.39,333.44,329.76,329.76,107467
2026-01-08 12:52:36,333.53,333.53,330.88,332.35,69701
2026-01-08 13:02:36,340.67,341.47,340.11,341.47,49228
2026-01-08 13:12:36,344.0,345.93,343.83,343.9,44550
2026-01-08 13:22:36,350.8,351.07,350.14,350.77,44942
2026-01-08 13:32:36,349.56,351.71,347.73,349.12,165233
2026-01-08 13:42:36,354.19,356.07,354.19,356.07,143958
2026-01-08 13:52:36,361.14,363.52,358.0,362.13,120608
2026-01-08 14:02:36,352.78,354.92,352.78,354.68,59062
2026-01-08 14:12:36,360.91,362.49,360.91,362.33,100780
2026-01-08 14:22:36,356.58,358.37,356.19,357.38,132059
2026-01-08 14:32:36,370.11,370.32,367.82,368.69,99818
2026-01-08 14:42:36,378.8,381.33,376.44,378.66,103109
2026-01-08 14:52:36,359.19,360.92,358.06,358.85,119009
2026-01-08 15:02:36,359.25,360.31,357.77,358.2,128174
2026-01-08 15:12:36,343.3,345.23,342.04,343.95,65955
2026-01-08 15:22:36,346.92,347.45,346.42,347.45,127550
2026-01-08 15:32:36,335.04,336.22,332.86,335.01,175157
2026-01-08 15:42:36,318.25,320.16,318.25,318.85,152595
2026-01-08 15:52:36,337.34,338.64,336.13,338.38,82778
2026-01-09 09:32:36,346.53,346.53,344.92,345.3,100182
2026-01-09 09:42:36,318.06,318.06,315.4,317.56,172240
2026-01-09 09:52:36,322.07,324.91,322.07,323.46,107136
2026-01-09 10:02:36,329.18,330.08,327.9,330.08,145371
2026-01-09 10:12:36,336.33,337.79,335.85,337.66,176349
2026-01-09 10:22:36,345.03,345.75,341.23,344.51,39335
2026-01-09 10:32:36,357.73,359.07,357.52,357.61,58580
2026-01-09 10:42:36,376.03,379.25,373.56,377.42,94134
2026-01-09 10:52:36,376.96,380.14,375.85,377.22,62048
2026-01-09 11:02:36,375.07,377.46,374.8,374.82,103479
2026-01-09 11:12:36,385.52,387.07,385.47,386.0,34623
2026-01-09 11:22:36,378.93,384.1,378.93,381.04,73345
2026-01-09 11:32:36,365.2,365.88,363.57,364.85,115659
2026-01-09 11:42:36,367.13,368.29,366.24,366.59,70913
2026-01-09 11:52:36,379.27,380.75,377.7,380.75,19220
2026-01-09 12:02:36,381.22,382.62,376.77,381.54,56415
2026-01-09 12:12:36,379.31,379.91,378.63,379.84,101166
2026-01-09 12:22:36,375.19,377.06,374.79,377.06,67379
2026-01-09 12:32:36,369.48,371.59,369.48,369.85,63788
2026-01-09 12:42:36,373.3,374.14,373.22,373.22,99937
2026-01-09 12:52:36,364.37,364.84,361.26,362.41,139274
2026-01-09 13:02:36,376.71,378.83,373.88,376.56,55185
2026-01-09 13:12:36,371.96,376.03,370.75,374.67,43915
2026-01-09 13:22:36,378.88,379.96,374.84,379.91,90792
2026-01-09 13:32:36,380.26,381.8,379.93,379.93,52945
2026-01-09 13:42:36,376.54,376.89,373.16,376.89,73934
2026-01-09 13:52:36,370.68,370.68,369.57,369.73,35688
2026-01-09 14:02:36,347.18,348.05,345.93,347.49,64776
2026-01-09 14:12:36,348.45,349.98,348.25,349.67,123870
2026-01-09 14:22:36,342.05,343.29,338.94,341.83,36030
2026-01-09 14:32:36,326.96,327.69,325.83,326.24,38178
2026-01-09 14:42:36,340.61,341.35,339.78,340.02,140526
2026-01-09 14:52:36,339.08,339.29,337.59,339.22,179382
2026-01-09 15:02:36,344.07,347.72,343.61,344.39,24880
2026-01-09 15:12:36,343.52,348.62,341.79,343.75,56680
2026-01-09 15:22:36,362.98,363.53,360.42,362.6,121754
2026-01-09 15:32:36,351.24,351.94,350.47,351.72,109490
2026-01-09 15:42:36,332.41,332.55,331.51,332.55,39833
2026-01-09 15:52:36,321.9,323.79,321.33,321.96,115485
2026-01-12 09:32:36,329.97,332.62,328.14,330.75,111927
2026-01-12 09:42:36,324.94,325.22,323.85,323.85,189445
2026-01-12 09:52:36,292.03,293.3,292.03,292.61,67220
2026-01-12 10:02:36,300.95,301.91,298.02,299.99,168813
2026-01-12 10:12:36,299.47,300.93,297.75,299.75,72796
2026-01-12 10:22:36,307.18,309.28,307.18,307.47,79699
2026-01-12 10:32:36,309.18,309.89,308.61,309.61,147288
2026-01-12 10:42:36,326.93,328.38,326.09,327.32,128418
2026-01-12 10:52:36,332.58,332.68,329.05,331.81,70127
2026-01-12 11:02:36,351.74,352.83,349.82,352.11,126009
2026-01-12 11:12:36,355.9,358.27,353.82,355.88,41947
2026-01-12 11:22:36,365.81,365.81,362.87,363.06,43796
2026-01-12 11:32:36,368.44,369.5,365.68,369.16,66839
2026-01-12 11:42:36,360.37,362.76,360.05,360.9,17601
2026-01-12 11:52:36,354.85,357.08,354.85,355.78,44654
2026-01-12 12:02:36,350.11,350.17,347.2,350.17,91368
2026-01-12 12:12:36,343.7,344.55,343.22,344.2,26110
2026-01-12 12:22:36,352.23,353.97,346.17,353.97,17212
2026-01-12 12:32:36,352.9,355.61,351.4,353.08,29881
2026-01-12 12:42:36,347.51,350.16,346.88,350.16,147976
2026-01-12 12:52:36,342.46,343.49,341.43,341.43,177041
2026-01-12 13:02:36,337.18,338.68,335.46,338.68,41863
2026-01-12 13:12:36,321.87,321.87,320.39,320.62,80522
2026-01-12 13:22:36,328.39,328.39,325.72,328.03,129558
2026-01-12 13:32:36,320.38,320.98,319.07,320.35,59041
2026-01-12 13:42:36,320.93,323.9,320.93,323.3,48922
2026-01-12 13:52:36,328.4,330.0,325.7,330.0,209082
2026-01-12 14:02:36,281.94,282.82,280.82,282.82,328128
2026-01-12 14:12:36,259.33,261.87,259.01,260.58,261097
2026-01-12 14:22:36,280.76,283.13,279.92,281.21,251411
2026-01-12 14:32:36,297.88,298.43,296.96,296.96,131059
2026-01-12 14:42:36,301.69,303.02,301.49,302.11,240850
2026-01-12 14:52:36,294.13,294.38,291.71,292.72,167086
2026-01-12 15:02:36,288.7,290.16,288.7,289.73,143039
2026-01-12 15:12:36,293.58,294.37,291.71,293.9,327128
2026-01-12 15:22:36,309.36,309.68,307.78,307.78,104313
2026-01-12 15:32:36,315.94,318.53,315.94,317.29,48835
2026-01-12 15:42:36,323.37,325.75,323.37,325.48,44487
2026-01-12 15:52:36,317.88,320.32,317.88,317.98,138558
2026-01-13 09:32:36,298.41,301.41,298.41,300.02,256596
2026-01-13 09:42:36,321.46,322.54,320.16,322.54,31710
2026-01-13 09:52:36,297.92,300.17,294.72,297.32,277328
2026-01-13 10:02:36,289.65,290.51,288.45,288.99,305336
2026-01-13 10:12:36,291.42,295.13,290.37,292.6,188464
2026-01-13 10:22:36,272.34,272.38,269.82,271.68,166947
2026-01-13 10:32:36,271.66,273.67,271.66,273.24,351425
2026-01-13 10:42:36,281.43,283.15,280.48,283.15,347321
2026-01-13 10:52:36,269.57,272.51,269.57,270.97,354495
2026-01-13 11:02:36,315.79,318.06,312.29,315.72,130479
2026-01-13 11:12:36,308.31,308.77,306.16,307.98,255926
2026-01-13 11:22:36,313.91,314.84,313.91,314.58,138640
2026-01-13 11:32:36,322.17,325.28,320.52,323.5,222942
2026-01-13 11:42:36,322.42,324.31,321.17,323.29,242417
2026-01-13 11:52:36,328.91,332.75,328.17,331.06,193163
2026-01-13 12:02:36,332.53,333.25,331.01,331.09,122464
2026-01-13 12:12:36,337.46,338.16,335.38,335.38,185499
2026-01-13 12:22:36,347.74,349.59,346.29,348.03,135718
2026-01-13 12:32:36,338.77,339.34,335.14,338.1,45469
2026-01-13 12:42:36,343.48,344.46,340.45,342.75,138856
2026-01-13 12:52:36,345.97,349.3,345.6,347.62,168159
2026-01-13 13:02:36,348.87,348.87,345.38,348.78,70372
2026-01-13 13:12:36,340.93,342.66,339.7,342.66,165076
2026-01-13 13:22:36,341.54,342.36,339.37,341.25,28745
2026-01-13 13:32:36,355.06,357.8,355.06,355.21,146919
2026-01-13 13:42:36,354.4,356.42,353.49,353.88,34764
2026-01-13 13:52:36,358.24,358.41,355.04,357.71,80804
2026-01-13 14:02:36,331.29,331.6,329.16,329.39,103425
2026-01-13 14:12:36,339.82,339.82,337.72,337.72,75114
2026-01-13 14:22:36,339.55,342.43,339.39,340.19,157460
2026-01-13 14:32:36,325.16,326.09,324.07,324.07,144564
2026-01-13 14:42:36,328.24,330.58,328.18,328.89,220797
2026-01-13 14:52:36,331.61,333.8,329.77,331.39,183179
2026-01-13 15:02:36,345.47,346.76,342.88,346.76,70641
2026-01-13 15:12:36,335.62,336.59,334.67,334.67,45213
2026-01-13 15:22:36,326.34,330.97,325.51,326.69,207347
2026-01-13 15:32:36,342.03,342.49,340.67,342.49,43764
2026-01-13 15:42:36,356.51,357.57,354.94,355.9,94563
2026-01-13 15:52:36,362.99,364.72,361.6,364.72,61556
2026-01-14 09:32:36,369.32,370.4,366.23,369.0,44745
2026-01-14 09:42:36,376.95,377.85,376.78,377.85,67466
2026-01-14 09:52:36,368.99,368.99,365.76,367.12,111222
2026-01-14 10:02:36,372.06,373.22,372.06,373.08,106086
2026-01-14 10:12:36,380.24,381.32,377.77,380.36,34518
2026-01-14 10:22:36,372.04,373.06,370.41,371.96,53075
2026-01-14 10:32:36,397.33,399.46,396.52,399.46,22846
2026-01-14 10:42:36,407.93,408.96,404.63,407.72,132047
2026-01-14 10:52:36,408.21,410.58,407.68,407.69,107592
2026-01-14 11:02:36,414.53,416.3,414.53,415.73,47335
2026-01-14 11:12:36,395.11,399.66,393.05,395.48,101514
2026-01-14 11:22:36,392.63,394.51,391.77,394.07,17169
2026-01-14 11:32:36,379.39,380.02,379.04,380.02,30445
2026-01-14 11:42:36,385.22,385.36,384.68,385.2,90357
2026-01-14 11:52:36,372.71,373.42,371.48,373.42,71137
2026-01-14 12:02:36,378.8,382.25,378.56,382.16,41169
2026-01-14 12:12:36,373.63,375.56,371.72,375.56,70052
2026-01-14 12:22:36,381.93,383.15,381.66,382.63,36384
2026-01-14 12:32:36,373.74,377.87,372.51,377.87,31756
2026-01-14 12:42:36,377.49,377.76,375.1,376.98,74331
2026-01-14 12:52:36,359.42,360.84,359.14,360.83,78019
2026-01-14 13:02:36,365.47,366.84,364.75,364.75,21797
2026-01-14 13:12:36,352.24,353.57,352.24,353.17,90613
2026-01-14 13:22:36,352.05,352.41,347.13,350.08,170523
2026-01-14 13:32:36,359.74,360.49,356.23,359.74,34316
2026-01-14 13:42:36,360.54,362.04,359.03,361.6,51367
2026-01-14 13:52:36,374.67,374.85,373.77,374.39,45343
2026-01-14 14:02:36,378.81,379.66,374.29,378.2,22374
2026-01-14 14:12:36,389.29,390.48,387.6,387.6,62966
2026-01-14 14:22:36,404.9,406.45,404.9,406.45,40888
2026-01-14 14:32:36,401.36,401.6,399.81,401.47,123022
2026-01-14 14:42:36,394.73,396.74,394.33,394.92,80043
2026-01-14 14:52:36,408.46,410.49,407.65,408.56,170449
2026-01-14 15:02:36,406.05,407.06,404.97,405.85,161377
2026-01-14 15:12:36,414.68,414.68,411.86,411.86,182648
2026-01-14 15:22:36,420.1,420.1,418.68,418.84,21535
2026-01-14 15:32:36,402.22,402.41,400.93,402.41,128998
2026-01-14 15:42:36,399.21,401.73,399.21,401.29,106663
2026-01-14 15:52:36,387.91,387.91,385.88,387.48,64932
2026-01-15 09:32:36,379.19,381.74,379.17,379.63,84651
2026-01-15 09:42:36,372.54,372.54,370.01,370.43,110879
2026-01-15 09:52:36,395.86,398.28,393.7,396.54,68136
2026-01-15 10:02:36,389.78,391.85,387.31,389.48,77819
2026-01-15 10:12:36,376.01,377.17,374.82,376.91,106772
2026-01-15 10:22:36,378.83,378.83,375.56,375.56,54075
2026-01-15 10:32:36,395.74,396.52,392.29,393.76,85544
2026-01-15 10:42:36,375.83,375.83,373.07,373.44,53260
2026-01-15 10:52:36,379.24,380.49,379.16,380.49,37563
2026-01-15 11:02:36,385.81,385.81,382.69,384.88,101003
2026-01-15 11:12:36,369.75,372.27,367.25,370.85,96738
2026-01-15 11:22:36,359.46,359.75,355.77,359.4,34917
2026-01-15 11:32:36,374.9,376.72,374.9,376.72,101033
2026-01-15 11:42:36,381.69,382.46,379.91,381.43,35365
2026-01-15 11:52:36,395.56,396.65,390.25,394.96,86180
2026-01-15 12:02:36,389.12,391.69,388.04,388.04,96492
2026-01-15 12:12:36,395.4,397.95,392.86,392.86,130155
2026-01-15 12:22:36,393.73,395.87,393.06,394.16,20847
2026-01-15 12:32:36,389.51,390.67,389.51,389.88,35683
2026-01-15 12:42:36,389.35,389.35,387.59,388.18,103487
2026-01-15 12:52:36,380.45,380.63,379.16,380.63,62044
2026-01-15 13:02:36,364.57,370.28,364.57,366.27,32857
2026-01-15 13:12:36,362.09,362.09,359.4,359.4,108921
2026-01-15 13:22:36,367.03,368.17,365.18,365.5,73587
2026-01-15 13:32:36,361.68,362.35,359.14,361.16,33342
2026-01-15 13:42:36,359.7,360.67,359.7,360.63,41189
2026-01-15 13:52:36,369.33,369.54,368.42,369.5,73534
2026-01-15 14:02:36,366.64,372.44,366.64,367.38,42593
2026-01-15 14:12:36,370.71,371.31,367.58,371.02,122094
2026-01-15 14:22:36,352.06,355.56,352.06,355.51,52832
2026-01-15 14:32:36,349.21,351.54,348.61,350.5,57365
2026-01-15 14:42:36,374.87,376.48,371.96,376.48,79557
2026-01-15 14:52:36,378.07,380.24,377.86,378.13,28887
2026-01-15 15:02:36,362.05,362.05,357.84,360.4,116587
2026-01-15 15:12:36,366.47,366.64,364.47,365.65,123185
2026-01-15 15:22:36,359.11,359.58,354.91,359.58,91069
2026-01-15 15:32:36,374.39,374.39,371.87,373.74,112319
2026-01-15 15:42:36,371.14,372.36,369.2,369.65,33850
2026-01-15 15:52:36,360.92,362.22,359.94,361.73,125240
2026-01-16 09:32:36,346.48,347.94,344.52,346.4,183144
2026-01-16 09:42:36,352.75,352.75,351.01,352.49,68942
2026-01-16 09:52:36,334.59,335.25,331.44,333.82,31677
2026-01-16 10:02:36,324.28,328.04,324.28,324.6,222774
2026-01-16 10:12:36,322.05,322.83,321.73,321.93,190044
2026-01-16 10:22:36,330.03,331.17,327.64,329.94,123837
2026-01-16 10:32:36,327.4,329.01,327.22,328.95,38710
2026-01-16 10:42:36,325.53,326.0,323.66,326.0,243677
2026-01-16 10:52:36,326.91,326.91,324.05,325.78,87591
2026-01-16 11:02:36,345.81,347.27,345.81,345.93,122182
2026-01-16 11:12:36,350.49,351.72,350.26,350.5,142488
2026-01-16 11:22:36,346.29,346.29,342.22,345.76,102288
2026-01-16 11:32:36,346.23,346.82,344.03,344.9,100831
2026-01-16 11:42:36,338.42,338.8,337.54,338.8,126822
2026-01-16 11:52:36,346.97,347.93,346.23,347.93,23868
2026-01-16 12:02:36,355.09,356.49,352.04,354.09,160809
2026-01-16 12:12:36,357.6,359.15,357.03,358.16,98606
2026-01-16 12:22:36,375.72,378.3,372.39,372.79,103118
2026-01-16 12:32:36,373.45,376.81,371.94,376.81,88072
2026-01-16 12:42:36,376.31,377.93,376.04,377.93,29807
2026-01-16 12:52:36,385.13,387.03,384.91,384.91,17460
2026-01-16 13:02:36,394.19,395.84,393.5,395.84,24714
2026-01-16 13:12:36,401.99,402.51,400.26,402.51,30312
2026-01-16 13:22:36,405.3,405.93,401.0,404.81,117180
2026-01-16 13:32:36,415.97,418.5,414.45,417.87,110771
2026-01-16 13:42:36,422.79,423.4,419.53,420.4,82053
2026-01-16 13:52:36,423.42,426.35,418.65,422.63,183667
2026-01-16 14:02:36,437.14,437.58,434.79,435.24,239530
2026-01-16 14:12:36,437.07,440.13,434.44,438.62,108657
2026-01-16 14:22:36,434.99,439.63,434.99,436.69,244719
2026-01-16 14:32:36,435.39,436.49,434.4,436.49,154718
2026-01-16 14:42:36,426.37,429.49,426.37,428.48,27804
2026-01-16 14:52:36,428.03,432.84,427.67,429.93,58949
2026-01-16 15:02:36,409.56,412.79,407.43,411.63,73665
2026-01-16 15:12:36,412.01,413.13,410.9,412.43,135680
2026-01-16 15:22:36,386.65,389.76,386.65,387.07,38809
2026-01-16 15:32:36,373.42,376.72,372.22,373.43,104328
2026-01-16 15:42:36,379.38,379.74,375.98,377.64,79440
2026-01-16 15:52:36,380.66,381.53,379.2,379.2,81609
2026-01-19 09:32:36,372.5,372.5,369.88,370.51,59665
2026-01-19 09:42:36,365.0,366.33,362.25,364.2,88851
2026-01-19 09:52:36,363.15,363.65,360.71,361.57,55278
2026-01-19 10:02:36,363.09,364.98,362.45,364.98,101249
2026-01-19 10:12:36,351.95,353.45,350.13,350.58,36771
2026-01-19 10:22:36,357.92,362.44,357.92,359.69,101717
2026-01-19 10:32:36,352.76,356.62,352.76,356.62,58859
2026-01-19 10:42:36,369.36,369.36,368.26,368.83,116684
2026-01-19 10:52:36,359.9,359.9,359.28,359.54,118205
2026-01-19 11:02:36,373.23,375.97,373.23,374.22,83602
2026-01-19 11:12:36,379.08,379.42,378.43,378.48,84137
2026-01-19 11:22:36,374.96,375.11,373.53,373.94,25798
2026-01-19 11:32:36,368.09,370.24,368.09,368.87,59754
2026-01-19 11:42:36,369.48,369.48,366.89,367.93,80174
2026-01-19 11:52:36,363.3,366.69,360.81,363.11,77454
2026-01-19 12:02:36,375.89,379.05,375.89,376.4,83500
2026-01-19 12:12:36,384.91,391.41,383.54,385.22,72153
2026-01-19 12:22:36,396.1,397.91,394.51,397.57,43732
2026-01-19 12:32:36,406.07,406.07,403.23,404.19,105618
2026-01-19 12:42:36,409.52,411.02,406.93,411.02,109086
2026-01-19 12:52:36,399.18,400.02,397.33,397.33,88478
2026-01-19 13:02:36,398.87,401.76,396.92,401.76,91895
2026-01-19 13:12:36,396.28,399.65,393.75,396.16,85403
2026-01-19 13:22:36,407.77,408.39,407.13,407.13,61475
2026-01-19 13:32:36,398.46,399.56,398.15,398.8,100349
2026-01-19 13:42:36,400.4,401.49,397.17,400.16,39105
2026-01-19 13:52:36,395.15,395.86,393.74,395.86,86033
2026-01-19 14:02:36,389.32,389.44,389.12,389.4,67096
2026-01-19 14:12:36,388.94,391.22,388.53,391.22,103472
2026-01-19 14:22:36,391.18,393.88,390.38,390.38,66142
2026-01-19 14:32:36,409.04,410.97,404.45,407.91,159569
2026-01-19 14:42:36,417.03,417.63,413.98,414.61,165267
2026-01-19 14:52:36,404.19,405.84,404.19,404.97,92490
2026-01-19 15:02:36,399.54,399.54,397.51,397.57,77282
2026-01-19 15:12:36,412.73,417.73,412.73,414.39,136269
2026-01-19 15:22:36,402.82,404.74,398.9,403.56,93041
2026-01-19 15:32:36,395.22,396.6,395.22,395.9,77904
2026-01-19 15:42:36,410.53,410.53,406.18,409.25,24328
2026-01-19 15:52:36,421.89,421.89,418.66,419.91,130049
2026-01-20 09:32:36,426.41,428.93,422.14,426.34,47173
2026-01-20 09:42:36,432.03,434.7,430.72,432.24,197948
2026-01-20 09:52:36,447.37,447.74,444.04,445.29,227808
2026-01-20 10:02:36,425.59,427.77,423.39,426.77,195894
2026-01-20 10:12:36,405.97,407.8,403.35,406.33,85611
2026-01-20 10:22:36,373.64,373.95,371.08,372.46,96096
2026-01-20 10:32:36,385.85,386.26,380.72,385.63,17604
2026-01-20 10:42:36,383.85,385.93,382.23,383.96,64003
2026-01-20 10:52:36,385.71,386.13,383.64,384.89,11953
2026-01-20 11:02:36,390.3,390.52,389.02,390.52,59386
2026-01-20 11:12:36,376.96,378.91,375.22,377.52,43968
2026-01-20 11:22:36,376.96,377.35,376.52,377.35,86620
2026-01-20 11:32:36,369.35,369.35,366.39,368.94,24765
2026-01-20 11:42:36,355.17,356.21,352.28,353.82,61200
2026-01-20 11:52:36,364.94,367.55,363.14,365.54,73426
2026-01-20 12:02:36,359.66,360.71,358.87,360.04,73446
2026-01-20 12:12:36,363.09,368.07,361.08,363.64,39021
2026-01-20 12:22:36,360.09,360.09,356.38,358.77,77478
2026-01-20 12:32:36,355.36,357.73,352.55,357.11,44915
2026-01-20 12:42:36,343.57,345.61,343.57,343.62,111174
2026-01-20 12:52:36,339.49,341.93,339.49,341.93,151522
2026-01-20 13:02:36,352.86,352.86,350.24,351.56,68540
2026-01-20 13:12:36,365.82,367.2,363.37,367.2,68206
2026-01-20 13:22:36,367.04,369.96,367.04,367.32,115564
2026-01-20 13:32:36,364.99,367.53,364.99,367.53,74426
2026-01-20 13:42:36,355.47,355.47,354.39,355.24,55967
2026-01-20 13:52:36,357.87,358.17,356.02,357.21,91422
2026-01-20 14:02:36,332.6,332.6,330.93,331.38,42331
2026-01-20 14:12:36,328.84,329.71,327.78,328.64,70899
2026-01-20 14:22:36,331.77,333.34,329.76,333.07,49749
2026-01-20 14:32:36,359.55,360.53,358.49,358.49,103934
2026-01-20 14:42:36,354.81,355.46,353.27,355.46,117346
2026-01-20 14:52:36,356.79,358.67,352.46,355.83,138575
2026-01-20 15:02:36,371.1,373.96,370.27,370.27,83519
2026-01-20 15:12:36,357.98,359.69,357.98,359.69,109733
2026-01-20 15:22:36,355.48,358.37,353.72,354.77,96056
2026-01-20 15:32:36,348.14,350.39,346.17,348.58,81698
2026-01-20 15:42:36,364.8,365.29,363.91,365.29,116035
2026-01-20 15:52:36,353.38,354.75,351.84,353.73,135054
2026-01-21 09:32:36,367.85,368.4,365.38,367.64,61506
2026-01-21 09:42:36,381.13,382.43,381.13,382.43,52673
2026-01-21 09:52:36,388.2,389.71,387.08,389.56,100101
2026-01-21 10:02:36,392.16,394.41,390.47,394.41,21532
2026-01-21 10:12:36,412.6,414.93,410.19,413.16,46191
2026-01-21 10:22:36,409.3,409.86,408.06,408.68,131259
2026-01-21 10:32:36,405.35,407.21,398.59,405.0,116414
2026-01-21 10:42:36,398.96,403.06,396.23,397.6,22363
2026-01-21 10:52:36,414.64,416.94,412.12,413.06,38988
2026-01-21 11:02:36,413.53,418.61,413.53,414.41,130177
2026-01-21 11:12:36,423.05,424.9,420.23,420.67,62742
2026-01-21 11:22:36,419.52,422.25,417.17,418.84,135144
2026-01-21 11:32:36,427.41,428.94,424.43,427.97,189645
2026-01-21 11:42:36,449.15,449.95,444.72,447.54,49720
2026-01-21 11:52:36,451.28,453.04,448.75,448.75,246637
2026-01-21 12:02:36,440.15,443.77,440.15,442.36,95297
2026-01-21 12:12:36,448.57,449.35,446.68,446.74,91873
2026-01-21 12:22:36,449.95,451.03,447.48,450.49,146059
2026-01-21 12:32:36,447.54,450.18,447.54,448.93,78347
2026-01-21 12:42:36,430.44,434.36,428.79,431.64,68943
2026-01-21 12:52:36,423.14,423.89,419.54,422.9,192934
2026-01-21 13:02:36,428.35,430.75,428.27,428.27,190602
2026-01-21 13:12:36,426.0,427.43,425.64,427.19,168856
2026-01-21 13:22:36,415.51,416.39,411.16,416.39,50048
2026-01-21 13:32:36,407.49,412.51,407.45,410.09,39270
2026-01-21 13:42:36,404.75,404.75,400.8,400.8,130530
2026-01-21 13:52:36,402.21,403.19,399.65,401.73,75546
2026-01-21 14:02:36,398.16,401.01,396.38,397.95,112571
2026-01-21 14:12:36,411.4,411.4,406.13,408.2,27964
2026-01-21 14:22:36,416.69,416.7,414.49,416.54,164791
2026-01-21 14:32:36,428.71,430.45,427.13,427.13,117899
2026-01-21 14:42:36,417.84,417.84,415.68,416.02,184223
2026-01-21 14:52:36,413.65,416.17,412.63,412.63,130240
2026-01-21 15:02:36,404.29,406.43,401.53,401.98,110838
2026-01-21 15:12:36,397.3,397.3,395.94,396.6,129206
2026-01-21 15:22:36,409.84,415.46,408.01,411.06,25334
2026-01-21 15:32:36,413.9,414.98,408.83,410.95,49775
2026-01-21 15:42:36,436.0,436.0,433.37,433.37,70452
2026-01-21 15:52:36,434.78,437.55,433.15,433.23,125221
2026-01-22 09:32:36,419.65,421.7,417.36,421.7,182236
2026-01-22 09:42:36,404.12,405.53,402.19,402.19,49044
2026-01-22 09:52:36,411.9,413.33,407.03,411.45,144859
2026-01-22 10:02:36,408.33,409.75,407.59,408.6,158266
2026-01-22 10:12:36,428.47,429.01,428.34,429.01,149459
2026-01-22 10:22:36,438.11,438.11,435.27,436.66,101869
2026-01-22 10:32:36,421.26,421.26,418.45,421.0,176099
2026-01-22 10:42:36,424.83,426.27,424.34,426.02,197726
2026-01-22 10:52:36,405.94,406.72,404.87,406.72,101335
2026-01-22 11:02:36,405.33,406.46,405.33,406.1,110298
2026-01-22 11:12:36,407.66,407.9,405.76,405.76,61581
2026-01-22 11:22:36,402.95,404.01,402.33,402.96,159442
2026-01-22 11:32:36,407.69,408.18,403.42,408.18,55371
2026-01-22 11:42:36,392.24,394.11,391.81,391.94,79850
2026-01-22 11:52:36,384.45,384.45,381.7,383.77,101424
2026-01-22 12:02:36,384.07,385.89,383.95,385.89,105016
2026-01-22 12:12:36,384.35,387.23,384.35,386.63,19349
2026-01-22 12:22:36,392.1,393.27,391.97,393.27,130530
2026-01-22 12:32:36,390.02,392.32,389.85,392.32,123553
2026-01-22 12:42:36,389.54,389.54,388.52,388.86,58669
2026-01-22 12:52:36,398.0,401.75,398.0,400.58,38803
2026-01-22 13:02:36,413.03,413.68,408.54,413.6,118600
2026-01-22 13:12:36,421.11,422.11,417.94,421.09,197277
2026-01-22 13:22:36,407.38,408.33,404.22,404.46,52200
2026-01-22 13:32:36,398.94,401.13,398.94,401.11,145461
2026-01-22 13:42:36,400.06,400.74,399.52,399.97,61727
2026-01-22 13:52:36,398.95,398.95,396.24,397.78,57764
2026-01-22 14:02:36,416.62,418.27,412.86,417.66,42243
2026-01-22 14:12:36,409.62,412.05,409.62,412.05,119242
2026-01-22 14:22:36,396.72,399.43,396.72,397.29,21544
2026-01-22 14:32:36,394.45,394.45,390.82,390.82,57811
2026-01-22 14:42:36,373.18,373.77,370.08,372.2,86354
2026-01-22 14:52:36,370.17,372.52,369.18,369.18,99478
2026-01-22 15:02:36,376.09,376.09,374.5,374.5,64218
2026-01-22 15:12:36,370.9,371.43,368.85,370.24,73235
2026-01-22 15:22:36,363.05,363.6,361.08,363.6,108078
2026-01-22 15:32:36,375.09,375.09,373.32,374.11,99195
2026-01-22 15:42:36,368.84,371.22,368.59,371.22,115296
2026-01-22 15:52:36,363.71,365.33,362.81,362.81,133122
2026-01-23 09:32:36,378.66,380.26,377.83,379.18,99751
2026-01-23 09:42:36,373.28,374.83,373.13,374.38,68797
2026-01-23 09:52:36,377.75,381.0,377.08,379.24,56780
2026-01-23 10:02:36,359.43,360.78,355.83,359.03,38321
2026-01-23 10:12:36,358.31,358.31,355.17,357.57,106963
2026-01-23 10:22:36,347.56,349.56,346.95,348.37,153520
2026-01-23 10:32:36,345.2,345.85,343.95,345.33,121021
2026-01-23 10:42:36,354.09,357.33,354.09,356.07,159471
2026-01-23 10:52:36,374.5,377.63,374.5,375.4,41001
2026-01-23 11:02:36,377.83,381.13,375.31,378.83,29638
2026-01-23 11:12:36,389.21,391.55,387.15,388.09,112018
2026-01-23 11:22:36,394.47,394.47,391.01,392.58,47942
2026-01-23 11:32:36,381.96,383.99,381.96,382.42,40369
2026-01-23 11:42:36,379.07,381.27,379.07,380.03,52806
2026-01-23 11:52:36,390.94,390.94,387.51,389.68,116239
2026-01-23 12:02:36,399.23,402.63,398.0,398.0,17796
2026-01-23 12:12:36,411.43,412.81,405.74,409.33,161883
2026-01-23 12:22:36,411.62,413.1,407.37,410.63,76400
2026-01-23 12:32:36,417.98,418.48,417.03,417.03,139889
2026-01-23 12:42:36,428.05,429.36,425.55,425.84,72381
2026-01-23 12:52:36,432.71,432.71,429.22,431.83,94790
2026-01-23 13:02:36,418.37,419.18,416.33,416.89,112661
2026-01-23 13:12:36,415.83,417.24,408.53,415.66,49375
2026-01-23 13:22:36,427.0,427.0,423.64,426.34,118713
2026-01-23 13:32:36,412.83,415.32,412.83,412.91,164879
2026-01-23 13:42:36,418.22,420.04,414.54,419.42,84799
2026-01-23 13:52:36,427.37,427.37,424.98,427.23,181528
2026-01-23 14:02:36,447.19,449.74,444.01,447.67,106304
2026-01-23 14:12:36,443.13,443.13,439.8,442.02,69691
2026-01-23 14:22:36,414.13,415.73,413.23,413.23,97381
2026-01-23 14:32:36,413.83,414.61,413.44,414.16,23877
2026-01-23 14:42:36,432.59,433.71,430.74,432.63,229846
2026-01-23 14:52:36,458.54,458.54,451.4,456.99,235722
2026-01-23 15:02:36,444.99,445.05,440.46,442.93,146411
2026-01-23 15:12:36,454.05,454.05,450.17,451.35,99728
2026-01-23 15:22:36,442.77,445.58,442.77,445.58,34059
2026-01-23 15:32:36,446.96,446.96,444.45,444.45,96721
2026-01-23 15:42:36,454.92,454.92,449.4,453.69,277574
2026-01-23 15:52:36,484.89,486.1,483.59,484.11,211030
2026-01-26 09:32:36,481.93,485.37,479.47,479.93,304721
2026-01-26 09:42:36,467.32,470.85,467.32,468.44,292540
2026-01-26 09:52:36,466.22,467.11,463.86,465.77,65294
2026-01-26 10:02:36,489.75,495.43,489.75,490.21,130106
2026-01-26 10:12:36,494.01,497.15,494.01,497.15,187135
2026-01-26 10:22:36,498.55,499.42,496.23,496.7,280411
2026-01-26 10:32:36,491.29,496.46,491.02,493.08,281221
2026-01-26 10:42:36,506.65,509.67,504.54,505.64,243068
2026-01-26 10:52:36,504.76,507.07,504.69,504.69,63555
2026-01-26 11:02:36,471.57,475.26,469.61,473.37,206124
2026-01-26 11:12:36,471.73,472.65,471.73,472.23,322574
2026-01-26 11:22:36,476.45,477.75,475.53,475.53,98190
2026-01-26 11:32:36,474.69,476.71,470.21,476.1,220207
2026-01-26 11:42:36,479.63,481.57,477.38,481.57,161443
2026-01-26 11:52:36,488.96,488.96,484.46,488.65,72430
2026-01-26 12:02:36,473.58,475.87,469.44,474.22,99355
2026-01-26 12:12:36,471.67,473.97,470.21,470.46,206179
2026-01-26 12:22:36,473.35,474.58,472.04,473.53,341296
2026-01-26 12:32:36,465.48,465.65,463.06,464.87,120103
2026-01-26 12:42:36,465.02,467.37,462.2,467.37,43753
2026-01-26 12:52:36,473.34,475.26,468.57,469.41,85809
2026-01-26 13:02:36,480.34,481.44,479.66,479.66,362531
2026-01-26 13:12:36,485.86,490.7,483.77,489.08,354539
2026-01-26 13:22:36,496.36,499.78,491.98,496.97,384751
2026-01-26 13:32:36,496.6,496.6,493.3,493.3,101147
2026-01-26 13:42:36,491.08,494.17,490.59,490.59,336616
2026-01-26 13:52:36,488.61,492.01,485.67,489.78,221444
2026-01-26 14:02:36,520.47,524.71,517.54,521.09,237170
2026-01-26 14:12:36,507.56,508.91,506.33,506.33,146144
2026-01-26 14:22:36,509.51,513.71,507.87,508.0,267488
2026-01-26 14:32:36,506.13,509.36,505.35,505.84,380342
2026-01-26 14:42:36,512.64,514.51,512.64,514.51,341190
2026-01-26 14:52:36,511.62,512.61,509.2,509.2,101171
2026-01-26 15:02:36,496.72,497.16,493.69,493.69,214229
2026-01-26 15:12:36,510.17,510.7,507.89,510.5,189127
2026-01-26 15:22:36,493.69,495.74,491.58,492.25,242533
2026-01-26 15:32:36,481.44,484.13,478.41,484.13,314494
2026-01-26 15:42:36,473.7,475.31,472.55,475.3,334749
2026-01-26 15:52:36,452.65,454.78,451.62,454.27,192682
2026-01-27 09:32:36,441.45,441.85,440.69,440.69,186414
2026-01-27 09:42:36,442.98,444.53,440.11,440.11,79017
2026-01-27 09:52:36,455.38,458.74,454.89,454.89,253308
2026-01-27 10:02:36,469.93,471.03,467.37,468.45,274196
2026-01-27 10:12:36,482.27,484.81,481.19,481.19,64143
2026-01-27 10:22:36,485.67,488.5,483.92,486.49,366152
2026-01-27 10:32:36,490.34,494.53,487.2,490.53,271132
2026-01-27 10:42:36,494.9,498.1,490.19,495.7,281302
2026-01-27 10:52:36,504.57,507.96,502.36,502.36,421630
2026-01-27 11:02:36,462.62,466.83,461.7,462.35,231921
2026-01-27 11:12:36,456.92,458.72,455.67,455.67,52832
2026-01-27 11:22:36,465.94,466.43,463.34,465.29,166305
2026-01-27 11:32:36,459.99,461.41,459.08,459.85,64940
2026-01-27 11:42:36,453.7,456.02,452.07,453.01,231641
2026-01-27 11:52:36,454.51,459.92,452.39,453.43,62068
2026-01-27 12:02:36,450.28,454.7,444.02,448.02,159677
2026-01-27 12:12:36,453.06,456.35,451.26,456.35,55090
2026-01-27 12:22:36,447.92,449.99,444.96,445.0,91781
2026-01-27 12:32:36,450.8,453.5,447.8,452.2,203183
2026-01-27 12:42:36,450.11,452.06,447.76,452.06,44904
2026-01-27 12:52:36,447.24,452.7,447.24,449.79,244813
2026-01-27 13:02:36,448.69,449.66,443.4,448.24,124583
2026-01-27 13:12:36,456.85,457.58,453.76,456.79,277798
2026-01-27 13:22:36,463.43,464.54,461.14,461.14,155890
2026-01-27 13:32:36,470.7,471.21,468.6,470.43,303553
2026-01-27 13:42:36,463.81,466.22,460.34,462.35,177102
2026-01-27 13:52:36,465.62,466.62,461.36,465.68,183953
2026-01-27 14:02:36,518.22,523.48,518.22,518.96,422638
2026-01-27 14:12:36,522.62,524.99,522.62,524.31,242746
2026-01-27 14:22:36,531.3,534.65,528.72,528.72,461618
2026-01-27 14:32:36,521.42,526.28,519.24,523.68,82166
2026-01-27 14:42:36,531.79,534.05,524.05,532.98,62050
2026-01-27 14:52:36,527.75,531.83,526.42,527.62,321281
2026-01-27 15:02:36,535.71,535.94,532.82,534.23,79853
2026-01-27 15:12:36,517.21,520.83,516.24,516.52,288683
2026-01-27 15:22:36,516.19,517.55,514.25,517.55,343868
2026-01-27 15:32:36,488.73,494.2,488.46,491.53,80559
2026-01-27 15:42:36,483.83,485.2,482.1,485.2,104145
2026-01-27 15:52:36,479.66,481.99,474.9,476.84,209614
2026-01-28 09:32:36,493.96,495.77,491.31,494.42,332976
2026-01-28 09:42:36,488.76,488.94,487.69,488.94,293354
2026-01-28 09:52:36,482.36,482.79,480.21,482.79,165927
2026-01-28 10:02:36,485.06,488.36,483.47,484.65,214958
2026-01-28 10:12:36,478.25,483.14,478.25,480.75,178774
2026-01-28 10:22:36,460.49,464.77,460.03,463.92,81053
2026-01-28 10:32:36,467.14,473.95,467.14,469.89,114838
2026-01-28 10:42:36,485.04,488.38,483.93,483.93,114334
2026-01-28 10:52:36,486.91,493.93,484.41,484.41,134672
2026-01-28 11:02:36,452.23,452.95,449.86,452.1,250964
2026-01-28 11:12:36,450.56,450.56,449.41,449.41,176323
2026-01-28 11:22:36,445.68,446.7,440.83,443.59,239689
2026-01-28 11:32:36,451.17,454.6,451.17,454.6,128549
2026-01-28 11:42:36,449.52,453.73,448.76,451.98,178701
2026-01-28 11:52:36,453.84,456.71,453.84,456.01,201644
2026-01-28 12:02:36,456.39,462.03,455.99,456.04,190145
2026-01-28 12:12:36,451.59,454.61,451.34,454.61,205890
2026-01-28 12:22:36,449.16,453.53,449.07,450.6,98164
2026-01-28 12:32:36,452.94,455.27,450.55,455.27,185437
2026-01-28 12:42:36,450.84,453.84,450.84,453.84,77321
2026-01-28 12:52:36,462.15,464.35,462.15,462.76,293435
2026-01-28 13:02:36,453.06,456.92,453.06,456.43,265888
2026-01-28 13:12:36,460.51,460.51,457.75,457.75,44278
2026-01-28 13:22:36,449.44,449.44,447.74,447.86,269987
2026-01-28 13:32:36,446.63,450.63,443.26,447.81,145127
2026-01-28 13:42:36,444.92,447.18,444.06,445.63,225591
2026-01-28 13:52:36,438.42,440.52,437.28,440.52,85660
2026-01-28 14:02:36,472.1,475.26,468.92,472.19,72662
2026-01-28 14:12:36,459.54,461.31,458.08,459.96,108441
2026-01-28 14:22:36,438.5,438.59,436.45,438.36,224425
2026-01-28 14:32:36,434.53,435.72,432.71,435.72,135341
2026-01-28 14:42:36,451.59,454.0,449.25,453.07,208112
2026-01-28 14:52:36,463.76,466.22,462.54,465.59,301919
2026-01-28 15:02:36,442.84,448.25,442.82,444.26,264506
2026-01-28 15:12:36,444.09,447.2,444.09,445.73,217667
2026-01-28 15:22:36,463.38,465.4,462.05,463.73,317932
2026-01-28 15:32:36,447.87,449.76,440.84,443.41,189940
2026-01-28 15:42:36,446.6,446.6,444.06,445.95,76601
2026-01-28 15:52:36,454.11,454.11,450.26,451.89,165659
2026-01-29 09:32:36,447.84,450.33,447.84,450.33,94937
2026-01-29 09:42:36,442.93,445.41,440.01,442.07,106949
2026-01-29 09:52:36,469.58,473.07,466.94,468.83,86033
2026-01-29 10:02:36,449.66,451.66,449.33,450.69,121986
2026-01-29 10:12:36,451.56,452.82,450.66,451.51,151250
2026-01-29 10:22:36,456.52,457.57,455.61,457.57,249291
2026-01-29 10:32:36,441.88,442.27,440.5,440.5,91641
2026-01-29 10:42:36,441.34,441.34,436.43,440.49,104778
2026-01-29 10:52:36,416.81,416.81,414.34,414.34,77670
2026-01-29 11:02:36,419.24,427.37,416.29,421.5,44307
2026-01-29 11:12:36,419.81,424.21,418.39,418.39,198805
2026-01-29 11:22:36,417.06,418.87,416.1,416.1,190641
2026-01-29 11:32:36,422.69,424.48,420.17,421.28,178870
2026-01-29 11:42:36,422.15,424.59,421.17,424.59,23764
2026-01-29 11:52:36,432.64,436.68,430.39,434.79,147226
2026-01-29 12:02:36,431.39,431.9,426.6,429.85,218242
2026-01-29 12:12:36,432.7,437.86,431.22,432.96,102504
2026-01-29 12:22:36,440.06,444.47,435.29,438.57,82202
2026-01-29 12:32:36,440.46,441.73,439.52,441.73,109985
2026-01-29 12:42:36,434.51,435.77,433.13,433.41,241408
2026-01-29 12:52:36,433.38,436.89,433.38,435.71,120717
2026-01-29 13:02:36,423.37,430.92,422.27,424.23,143974
2026-01-29 13:12:36,418.76,419.89,415.47,416.44,161104
2026-01-29 13:22:36,429.4,430.52,425.08,428.01,163697
2026-01-29 13:32:36,428.32,428.32,426.62,427.76,160494
2026-01-29 13:42:36,434.28,440.27,434.28,435.94,51556
2026-01-29 13:52:36,447.09,450.14,446.64,447.73,79641
2026-01-29 14:02:36,494.63,497.19,493.15,496.24,292062
2026-01-29 14:12:36,504.32,507.53,504.29,505.46,234359
2026-01-29 14:22:36,507.82,508.54,505.95,505.95,350395
2026-01-29 14:32:36,485.51,489.57,485.51,485.92,322190
2026-01-29 14:42:36,470.55,472.46,470.14,471.31,266656
2026-01-29 14:52:36,476.58,476.58,474.34,474.89,350547
2026-01-29 15:02:36,462.11,464.64,460.92,461.69,91198
2026-01-29 15:12:36,445.95,447.55,443.7,446.46,156391
2026-01-29 15:22:36,455.36,455.8,451.61,451.61,119520
2026-01-29 15:32:36,443.73,449.65,443.73,445.72,185498
2026-01-29 15:42:36,439.05,440.37,437.4,439.76,235215
2026-01-29 15:52:36,420.32,422.77,419.37,422.77,188687
2026-01-30 09:32:36,413.5,415.8,412.13,414.44,19180
2026-01-30 09:42:36,405.47,405.47,401.74,404.54,92818
2026-01-30 09:52:36,400.23,403.63,399.68,400.35,63231
2026-01-30 10:02:36,411.16,411.43,407.9,411.43,163124
2026-01-30 10:12:36,427.41,428.89,427.41,428.13,26738
2026-01-30 10:22:36,403.1,403.59,401.34,401.34,76418
2026-01-30 10:32:36,384.2,387.38,384.2,384.62,21611
2026-01-30 10:42:36,362.53,362.53,361.71,361.71,124773
2026-01-30 10:52:36,369.71,369.72,365.62,368.52,49279
2026-01-30 11:02:36,379.83,381.85,379.37,379.73,81442
2026-01-30 11:12:36,392.01,394.89,389.06,391.98,89272
2026-01-30 11:22:36,393.03,395.01,390.82,392.81,93712
2026-01-30 11:32:36,383.38,386.25,383.38,384.3,23303
2026-01-30 11:42:36,379.39,381.27,376.46,379.15,61232
2026-01-30 11:52:36,379.73,380.42,379.51,380.42,70750
2026-01-30 12:02:36,382.68,383.11,382.09,383.11,101843
2026-01-30 12:12:36,382.8,383.01,379.7,381.61,48698
2026-01-30 12:22:36,372.18,375.75,372.18,374.0,115162
2026-01-30 12:32:36,378.95,379.32,374.74,379.04,69387
2026-01-30 12:42:36,359.94,362.15,359.1,361.11,118540
2026-01-30 12:52:36,352.4,354.31,352.4,353.79,63768
2026-01-30 13:02:36,346.26,350.03,346.26,348.63,147071
2026-01-30 13:12:36,352.31,352.96,350.88,351.74,103804
2026-01-30 13:22:36,346.68,349.41,346.05,346.43,130528
2026-01-30 13:32:36,345.44,348.26,343.14,343.14,163456
2026-01-30 13:42:36,343.49,343.83,342.07,342.22,151249
2026-01-30 13:52:36,348.79,349.79,347.91,349.16,153244
2026-01-30 14:02:36,321.5,327.21,319.83,322.93,82824
2026-01-30 14:12:36,304.67,305.33,304.62,305.33,29975
2026-01-30 14:22:36,325.26,328.02,324.64,324.64,163271
2026-01-30 14:32:36,316.69,317.77,314.8,317.27,237774
2026-01-30 14:42:36,322.31,326.69,322.31,323.23,189153
2026-01-30 14:52:36,317.66,320.0,317.66,317.99,97272
2026-01-30 15:02:36,322.43,323.38,321.54,322.16,106747
2026-01-30 15:12:36,323.5,324.63,322.51,323.82,127066
2026-01-30 15:22:36,320.37,322.75,320.37,320.87,107254
2026-01-30 15:32:36,340.92,343.41,340.24,341.1,23348
2026-01-30 15:42:36,332.38,332.38,330.49,332.34,190545
2026-01-30 15:52:36,336.68,336.68,334.5,335.6,90016
2026-02-02 09:32:36,324.48,326.39,321.34,324.54,215125
2026-02-02 09:42:36,321.55,323.46,321.55,323.0,96968
2026-02-02 09:52:36,321.93,325.89,320.01,321.99,94485
2026-02-02 10:02:36,317.36,319.76,316.17,317.51,97059
2026-02-02 10:12:36,308.55,310.0,306.65,310.0,253930
2026-02-02 10:22:36,316.02,316.6,316.02,316.46,172165
2026-02-02 10:32:36,310.82,314.15,310.71,310.74,126285
2026-02-02 10:42:36,324.17,325.67,323.9,325.67,197244
2026-02-02 10:52:36,318.69,320.67,318.1,319.23,174829
2026-02-02 11:02:36,338.72,339.83,336.07,336.33,197950
2026-02-02 11:12:36,328.55,329.96,327.31,328.65,114782
2026-02-02 11:22:36,332.34,334.81,332.34,334.81,139260
2026-02-02 11:32:36,342.32,345.34,341.75,343.15,60079
2026-02-02 11:42:36,340.0,342.27,339.18,341.18,52877
2026-02-02 11:52:36,334.23,334.6,330.66,334.32,180496
2026-02-02 12:02:36,352.58,352.58,351.84,351.86,37937
2026-02-02 12:12:36,358.07,359.26,352.57,357.08,95385
2026-02-02 12:22:36,362.27,364.36,359.99,362.02,55371
2026-02-02 12:32:36,360.38,365.15,360.38,361.69,20730
2026-02-02 12:42:36,373.39,375.83,371.51,371.51,101959
2026-02-02 12:52:36,383.84,384.0,382.23,384.0,55676
2026-02-02 13:02:36,397.27,397.64,395.4,397.64,124559
2026-02-02 13:12:36,402.75,402.75,398.44,398.44,90592
2026-02-02 13:22:36,403.62,406.46,401.74,403.53,34862
2026-02-02 13:32:36,402.64,405.52,401.77,402.88,147735
2026-02-02 13:42:36,403.62,404.63,402.89,404.63,100051
2026-02-02 13:52:36,414.3,416.61,414.3,416.61,123181
2026-02-02 14:02:36,398.84,400.11,397.24,399.57,116667
2026-02-02 14:12:36,404.67,406.2,400.85,405.33,20402
2026-02-02 14:22:36,386.23,386.72,384.23,385.15,93112
2026-02-02 14:32:36,397.53,399.19,396.47,399.19,37430
2026-02-02 14:42:36,380.13,380.83,379.08,379.08,38127
2026-02-02 14:52:36,394.17,394.65,387.97,394.24,15223
2026-02-02 15:02:36,406.99,408.07,405.46,406.92,71706
2026-02-02 15:12:36,412.2,412.2,409.6,410.63,103080
2026-02-02 15:22:36,407.57,407.74,405.39,407.74,154714
2026-02-02 15:32:36,404.94,405.85,403.66,405.25,128333
2026-02-02 15:42:36,409.46,410.45,407.79,409.94,50085
2026-02-02 15:52:36,409.32,412.47,408.07,410.22,22692
2026-02-03 09:32:36,408.59,410.22,408.53,408.53,65294
2026-02-03 09:42:36,403.78,407.65,403.48,407.34,135742
2026-02-03 09:52:36,388.45,388.45,386.15,386.15,110864
2026-02-03 10:02:36,406.6,408.57,406.17,406.17,124824
2026-02-03 10:12:36,397.87,398.39,396.28,396.9,72505
2026-02-03 10:22:36,392.52,394.65,392.52,394.14,45275
2026-02-03 10:32:36,390.25,391.23,387.27,390.35,79300
2026-02-03 10:42:36,382.45,383.89,382.4,383.7,19806
2026-02-03 10:52:36,399.72,399.72,396.01,398.77,135110
2026-02-03 11:02:36,389.51,390.09,389.29,389.29,35956
2026-02-03 11:12:36,392.48,393.42,388.24,391.89,62752
2026-02-03 11:22:36,390.74,390.74,388.58,389.55,21258
2026-02-03 11:32:36,393.81,396.22,391.69,395.82,86362
2026-02-03 11:42:36,382.24,382.24,381.28,381.28,15868
2026-02-03 11:52:36,382.32,385.22,382.04,382.47,20774
2026-02-03 12:02:36,370.8,371.96,368.06,371.34,45538
2026-02-03 12:12:36,369.46,373.05,367.4,369.85,120064
2026-02-03 12:22:36,372.99,373.19,370.35,370.9,101867
2026-02-03 12:32:36,368.04,369.39,366.62,367.71,34658
2026-02-03 12:42:36,366.27,367.36,364.92,366.63,75010
2026-02-03 12:52:36,365.6,366.96,364.43,365.36,20933
2026-02-03 13:02:36,363.81,365.81,360.71,365.26,104055
2026-02-03 13:12:36,355.38,358.73,353.12,355.05,33725
2026-02-03 13:22:36,363.17,367.7,363.17,365.29,123718
2026-02-03 13:32:36,376.12,377.23,374.35,375.32,53913
2026-02-03 13:42:36,384.33,386.78,383.67,383.92,87410
2026-02-03 13:52:36,404.14,404.14,401.96,403.34,115910
2026-02-03 14:02:36,392.7,394.57,390.62,392.9,124616
2026-02-03 14:12:36,409.67,411.04,408.67,409.89,165300
2026-02-03 14:22:36,413.16,413.65,411.46,411.51,103644
2026-02-03 14:32:36,421.88,423.08,420.08,421.97,160551
2026-02-03 14:42:36,416.21,418.14,415.49,417.49,85701
2026-02-03 14:52:36,400.15,401.71,400.15,401.09,112844
2026-02-03 15:02:36,404.12,406.35,404.12,406.18,92076
2026-02-03 15:12:36,406.93,406.96,405.47,406.96,60960
2026-02-03 15:22:36,415.72,418.98,415.72,416.93,97124
2026-02-03 15:32:36,418.8,424.15,418.8,424.15,110196
2026-02-03 15:42:36,428.73,429.22,424.68,429.22,39298
2026-02-03 15:52:36,434.38,436.34,432.01,433.5,71606
2026-02-04 09:32:36,440.09,442.97,439.45,442.97,214606
2026-02-04 09:42:36,442.19,442.19,436.3,441.88,85471
2026-02-04 09:52:36,433.94,434.86,433.37,433.81,211838
2026-02-04 10:02:36,448.17,448.17,441.87,447.63,244825
2026-02-04 10:12:36,445.27,449.08,444.9,445.43,34624
2026-02-04 10:22:36,426.28,428.13,425.95,426.14,162657
2026-02-04 10:32:36,414.7,415.31,413.91,415.31,32365
2026-02-04 10:42:36,419.16,420.42,418.85,418.85,181082
2026-02-04 10:52:36,420.14,420.14,417.05,417.31,193274
2026-02-04 11:02:36,408.09,411.61,405.41,408.38,70030
2026-02-04 11:12:36,409.64,412.93,408.59,411.7,96169
2026-02-04 11:22:36,407.06,407.4,405.09,407.4,78529
2026-02-04 11:32:36,406.42,408.14,404.75,406.13,44044
2026-02-04 11:42:36,401.34,401.73,399.85,400.37,33653
2026-02-04 11:52:36,408.93,409.55,406.85,406.85,33310
2026-02-04 12:02:36,415.99,417.22,412.42,412.42,100030
2026-02-04 12:12:36,424.39,427.22,423.05,423.05,183349
2026-02-04 12:22:36,421.13,424.38,421.13,424.38,66108
2026-02-04 12:32:36,425.65,425.97,423.91,423.94,166720
2026-02-04 12:42:36,423.64,425.4,420.04,420.04,204645
2026-02-04 12:52:36,427.71,431.16,426.86,428.38,129938
2026-02-04 13:02:36,417.55,419.6,416.85,416.85,140993
2026-02-04 13:12:36,416.22,417.72,415.42,417.55,98255
2026-02-04 13:22:36,405.27,410.4,403.52,406.55,52773
2026-02-04 13:32:36,415.74,416.75,414.22,414.22,20836
2026-02-04 13:42:36,412.77,416.24,412.44,412.65,76761
2026-02-04 13:52:36,419.2,420.04,416.89,417.24,179261
2026-02-04 14:02:36,439.43,442.28,439.43,442.11,190900
2026-02-04 14:12:36,439.93,441.65,435.7,439.43,194229
2026-02-04 14:22:36,437.11,439.81,434.74,439.22,98815
2026-02-04 14:32:36,445.61,445.61,442.03,444.22,182100
2026-02-04 14:42:36,445.97,447.29,441.78,444.32,148951
2026-02-04 14:52:36,445.18,446.84,445.18,446.21,250761
2026-02-04 15:02:36,448.87,449.14,448.61,448.63,211242
2026-02-04 15:12:36,435.6,438.41,435.6,436.12,237738
2026-02-04 15:22:36,412.39,415.34,408.89,408.89,43982
2026-02-04 15:32:36,430.75,431.57,426.49,429.72,187895
2026-02-04 15:42:36,427.33,428.96,427.33,428.09,57222
2026-02-04 15:52:36,421.07,421.07,416.48,417.45,144207
2026-02-05 09:32:36,412.53,417.5,412.53,414.09,27312
2026-02-05 09:42:36,429.89,429.89,425.77,429.77,216254
2026-02-05 09:52:36,427.52,429.1,424.99,429.02,216947
2026-02-05 10:02:36,418.26,420.76,416.67,416.67,166249
2026-02-05 10:12:36,420.0,422.23,419.49,421.78,180127
2026-02-05 10:22:36,433.35,433.65,429.75,433.65,157118
2026-02-05 10:32:36,430.58,433.28,428.7,433.28,142055
2026-02-05 10:42:36,436.14,436.14,434.59,435.92,75554
2026-02-05 10:52:36,443.39,444.87,442.85,444.48,184379
2026-02-05 11:02:36,429.87,430.35,428.51,430.35,150956
2026-02-05 11:12:36,434.19,438.13,434.19,434.66,137415
2026-02-05 11:22:36,431.14,435.93,429.19,431.1,156582
2026-02-05 11:32:36,429.55,429.88,426.93,426.93,69957
2026-02-05 11:42:36,418.73,418.91,418.22,418.24,31460
2026-02-05 11:52:36,408.74,411.28,407.81,411.28,166712
2026-02-05 12:02:36,414.96,418.29,414.96,416.9,138455
2026-02-05 12:12:36,419.15,420.77,414.96,417.6,63899
2026-02-05 12:22:36,413.75,416.53,413.71,414.67,75441
2026-02-05 12:32:36,404.15,408.26,404.15,406.55,93879
2026-02-05 12:42:36,410.32,410.32,407.09,408.42,162262
2026-02-05 12:52:36,414.53,417.33,414.43,414.43,133991
2026-02-05 13:02:36,434.65,436.68,434.14,436.17,98823
2026-02-05 13:12:36,429.33,430.12,427.02,427.03,39933
2026-02-05 13:22:36,435.42,439.58,434.63,438.28,93875
2026-02-05 13:32:36,450.57,452.03,447.55,450.08,95163
2026-02-05 13:42:36,446.94,448.58,446.94,447.72,241033
2026-02-05 13:52:36,453.27,454.79,448.2,453.58,179717
2026-02-05 14:02:36,468.62,470.45,467.04,470.21,113112
2026-02-05 14:12:36,462.63,465.74,462.63,465.74,153459
2026-02-05 14:22:36,463.81,469.22,463.81,467.2,194380
2026-02-05 14:32:36,457.62,459.7,457.62,459.22,275554
2026-02-05 14:42:36,455.83,458.02,454.39,454.39,216486
2026-02-05 14:52:36,462.39,462.39,459.07,461.98,96479
2026-02-05 15:02:36,448.27,451.15,446.92,449.66,41610
2026-02-05 15:12:36,441.89,443.13,439.29,443.13,226370
2026-02-05 15:22:36,433.49,440.73,433.49,436.26,226843
2026-02-05 15:32:36,432.53,436.32,429.4,430.86,132560
2026-02-05 15:42:36,429.68,432.07,425.52,430.87,138906
2026-02-05 15:52:36,420.81,423.02,419.93,421.85,41795
2026-02-06 09:32:36,439.9,443.8,439.67,440.74,76034
2026-02-06 09:42:36,434.48,435.61,433.9,434.89,87404
2026-02-06 09:52:36,444.85,446.47,444.85,446.47,129174
2026-02-06 10:02:36,427.22,427.93,426.7,426.7,144289
2026-02-06 10:12:36,423.44,424.82,422.78,424.82,57855
2026-02-06 10:22:36,432.91,436.65,430.49,430.58,120665
2026-02-06 10:32:36,442.74,442.74,440.56,441.79,188891
2026-02-06 10:42:36,463.85,466.82,462.9,463.66,50597
2026-02-06 10:52:36,467.19,467.6,464.46,464.46,279254
2026-02-06 11:02:36,445.14,447.05,442.07,443.4,225670
2026-02-06 11:12:36,445.71,445.71,438.83,444.39,175657
2026-02-06 11:22:36,444.63,445.44,444.6,445.44,70615
2026-02-06 11:32:36,444.8,447.15,444.18,446.35,193321
2026-02-06 11:42:36,440.72,443.05,440.55,441.05,197084
2026-02-06 11:52:36,444.1,444.1,441.14,441.14,83704
2026-02-06 12:02:36,443.45,449.39,443.45,447.3,265936
2026-02-06 12:12:36,446.13,451.55,446.13,447.28,236154
2026-02-06 12:22:36,438.96,440.62,437.38,440.05,211109
2026-02-06 12:32:36,448.29,449.76,446.56,447.24,224495
2026-02-06 12:42:36,445.45,448.36,444.01,445.73,63823
2026-02-06 12:52:36,428.41,431.45,428.41,428.7,165831
2026-02-06 13:02:36,421.06,422.11,419.66,421.62,123818
2026-02-06 13:12:36,420.46,421.83,420.46,420.89,171082
2026-02-06 13:22:36,414.77,414.77,411.97,411.97,117944
2026-02-06 13:32:36,409.89,411.79,409.18,409.18,43899
2026-02-06 13:42:36,408.48,410.2,406.58,408.47,94284
2026-02-06 13:52:36,403.88,404.55,402.5,404.54,60735
2026-02-06 14:02:36,406.86,407.21,404.72,405.19,146263
2026-02-06 14:12:36,416.92,417.44,413.99,415.92,92789
2026-02-06 14:22:36,408.83,410.07,403.57,405.56,68896
2026-02-06 14:32:36,410.49,410.62,405.96,410.62,112018
2026-02-06 14:42:36,411.12,413.09,408.87,412.48,178802
2026-02-06 14:52:36,405.14,405.88,402.85,405.49,90008
2026-02-06 15:02:36,407.52,409.62,405.35,408.13,102728
2026-02-06 15:12:36,395.67,395.96,394.02,395.06,35806
2026-02-06 15:22:36,380.46,381.56,380.46,381.56,62909
2026-02-06 15:32:36,379.03,381.29,379.03,380.69,22685
2026-02-06 15:42:36,403.24,406.14,402.13,405.51,143109
2026-02-06 15:52:36,390.65,392.31,386.19,389.69,114294
2026-02-09 09:32:36,389.72,390.19,387.42,388.34,116084
2026-02-09 09:42:36,406.95,406.95,405.44,406.43,108807
2026-02-09 09:52:36,410.65,413.64,409.25,410.33,111172
2026-02-09 10:02:36,420.22,420.22,419.14,419.36,149381
2026-02-09 10:12:36,414.64,421.01,411.2,417.2,188986
2026-02-09 10:22:36,433.81,434.49,432.54,434.49,122007
2026-02-09 10:32:36,428.24,432.21,425.05,427.16,212383
2026-02-09 10:42:36,421.81,422.47,418.49,420.41,169300
2026-02-09 10:52:36,420.62,423.46,419.89,419.89,69524
2026-02-09 11:02:36,414.51,414.73,412.67,414.32,62083
2026-02-09 11:12:36,410.84,410.89,409.35,409.35,121604
2026-02-09 11:22:36,393.15,397.03,388.23,393.09,28190
2026-02-09 11:32:36,392.74,394.05,391.15,393.0,15567
2026-02-09 11:42:36,399.99,400.8,398.49,400.54,35300
2026-02-09 11:52:36,399.19,399.48,394.95,398.37,48624
2026-02-09 12:02:36,389.61,391.62,387.33,388.01,57490
2026-02-09 12:12:36,394.0,397.38,393.1,396.06,51695
2026-02-09 12:22:36,380.58,381.84,376.68,380.41,94825
2026-02-09 12:32:36,384.25,386.26,381.31,383.72,15053
2026-02-09 12:42:36,395.33,395.33,391.47,391.47,125504
2026-02-09 12:52:36,379.92,379.92,376.4,378.74,69419
2026-02-09 13:02:36,374.03,375.8,369.22,374.63,68456
2026-02-09 13:12:36,370.61,371.91,369.98,371.91,81468
2026-02-09 13:22:36,373.66,374.85,371.71,373.76,33715
2026-02-09 13:32:36,371.02,372.38,369.99,372.38,73774
2026-02-09 13:42:36,379.74,380.54,378.96,380.51,97352
2026-02-09 13:52:36,385.62,388.91,385.52,385.52,112861
2026-02-09 14:02:36,397.6,399.06,397.28,399.06,52146
2026-02-09 14:12:36,401.19,401.69,400.53,400.53,50597
2026-02-09 14:22:36,392.51,393.59,389.6,393.3,111395
2026-02-09 14:32:36,379.81,382.61,376.59,379.16,67609
2026-02-09 14:42:36,383.49,384.87,383.42,383.82,51034
2026-02-09 14:52:36,390.85,390.85,383.01,387.18,56729
2026-02-09 15:02:36,384.06,384.06,382.94,382.94,96358
2026-02-09 15:12:36,368.48,370.55,368.48,369.53,102186
2026-02-09 15:22:36,366.32,368.71,366.32,368.08,85721
2026-02-09 15:32:36,356.76,357.01,356.08,356.61,95993
2026-02-09 15:42:36,358.95,359.49,358.4,358.76,115043
2026-02-09 15:52:36,350.08,351.05,349.33,349.33,137452
2026-02-10 09:32:36,338.84,340.8,338.84,340.8,48836
2026-02-10 09:42:36,341.47,343.86,341.46,343.86,146982
2026-02-10 09:52:36,339.84,341.11,338.43,339.87,69029
2026-02-10 10:02:36,336.19,337.01,336.19,336.54,167619
2026-02-10 10:12:36,331.88,334.32,331.88,332.41,198671
2026-02-10 10:22:36,337.31,338.73,333.98,337.8,56378
2026-02-10 10:32:36,336.47,336.71,336.08,336.3,75068
2026-02-10 10:42:36,319.39,319.67,317.0,318.77,163058
2026-02-10 10:52:36,309.66,312.19,309.47,310.34,139906
2026-02-10 11:02:36,336.55,338.45,332.9,335.83,197848
2026-02-10 11:12:36,345.93,348.34,345.93,347.29,93046
2026-02-10 11:22:36,350.26,351.74,349.0,350.58,159875
2026-02-10 11:32:36,344.43,345.23,342.6,343.39,85220
2026-02-10 11:42:36,339.52,341.0,338.87,340.2,141322
2026-02-10 11:52:36,350.34,350.34,347.15,348.65,152565
2026-02-10 12:02:36,360.98,360.98,358.76,360.35,118283
2026-02-10 12:12:36,361.26,363.38,359.72,360.15,85917
2026-02-10 12:22:36,369.98,372.39,369.57,371.3,83211
2026-02-10 12:32:36,359.05,360.1,358.49,359.92,129475
2026-02-10 12:42:36,350.36,353.96,350.36,350.77,39758
2026-02-10 12:52:36,353.01,355.22,352.13,352.72,145325
2026-02-10 13:02:36,352.53,353.23,347.54,352.75,95252
2026-02-10 13:12:36,358.73,359.33,355.89,358.34,63008
2026-02-10 13:22:36,352.9,356.51,348.29,354.03,34264
2026-02-10 13:32:36,352.88,354.67,351.2,352.76,42847
2026-02-10 13:42:36,342.72,344.04,342.11,343.96,124938
2026-02-10 13:52:36,357.87,357.87,355.76,357.53,21670
2026-02-10 14:02:36,342.18,343.71,341.04,342.42,39148
2026-02-10 14:12:36,340.89,342.63,340.89,341.61,198617
2026-02-10 14:22:36,342.11,342.36,337.73,340.29,51721
2026-02-10 14:32:36,361.62,362.21,360.84,362.21,112520
2026-02-10 14:42:36,353.93,353.93,349.25,352.01,85592
2026-02-10 14:52:36,335.61,338.31,335.15,336.3,196265
2026-02-10 15:02:36,335.66,337.45,335.2,336.69,103005
2026-02-10 15:12:36,355.48,357.06,354.93,356.64,110437
2026-02-10 15:22:36,365.55,367.71,363.48,364.31,41213
2026-02-10 15:32:36,379.04,380.14,378.16,379.17,71297
2026-02-10 15:42:36,376.01,379.52,376.01,376.12,104631
2026-02-10 15:52:36,390.37,392.75,387.32,389.77,55698
2026-02-11 09:32:36,397.84,399.84,394.71,396.5,141485
2026-02-11 09:42:36,406.04,406.04,402.96,402.96,28191
2026-02-11 09:52:36,418.97,423.7,415.02,418.84,157457
2026-02-11 10:02:36,402.85,402.85,400.4,401.78,85929
2026-02-11 10:12:36,410.1,412.97,410.1,411.5,35327
2026-02-11 10:22:36,395.76,397.64,393.71,393.71,30848
2026-02-11 10:32:36,405.0,408.29,402.87,408.29,28177
2026-02-11 10:42:36,413.47,417.16,413.47,415.69,163521
2026-02-11 10:52:36,412.61,412.61,406.43,411.79,126384
2026-02-11 11:02:36,404.24,406.1,403.72,404.34,160362
2026-02-11 11:12:36,409.08,409.22,407.34,409.22,26344
2026-02-11 11:22:36,413.37,413.37,408.51,411.24,149954
2026-02-11 11:32:36,410.52,414.17,409.59,412.66,146631
2026-02-11 11:42:36,410.42,415.01,406.91,410.08,163568
2026-02-11 11:52:36,414.97,417.34,414.73,415.65,144317
2026-02-11 12:02:36,424.12,427.01,421.09,423.42,196939
2026-02-11 12:12:36,422.86,423.86,417.6,423.24,92037
2026-02-11 12:22:36,423.72,425.07,422.9,423.63,167019
2026-02-11 12:32:36,438.62,446.28,438.62,439.82,163174
2026-02-11 12:42:36,430.79,433.39,429.2,430.87,89965
2026-02-11 12:52:36,435.04,436.12,435.04,435.69,214922
2026-02-11 13:02:36,436.93,439.11,436.13,436.13,102192
2026-02-11 13:12:36,427.32,429.97,422.89,427.58,186675
2026-02-11 13:22:36,420.82,420.82,415.05,418.67,71899
2026-02-11 13:32:36,420.97,422.69,419.83,421.17,163448
2026-02-11 13:42:36,423.3,423.3,419.67,419.67,139043
2026-02-11 13:52:36,428.73,428.73,425.48,426.15,35687
2026-02-11 14:02:36,452.5,453.08,448.0,451.06,67315
2026-02-11 14:12:36,445.82,447.58,444.58,447.58,239054
2026-02-11 14:22:36,437.78,441.07,436.48,441.07,197129
2026-02-11 14:32:36,439.09,441.72,437.45,437.95,176069
2026-02-11 14:42:36,430.92,432.18,429.86,431.42,34191
2026-02-11 14:52:36,419.96,422.23,418.75,419.43,70973
2026-02-11 15:02:36,425.83,430.76,422.2,423.56,112734
2026-02-11 15:12:36,424.34,424.34,422.51,423.17,105542
2026-02-11 15:22:36,424.05,426.42,421.7,425.06,42092
2026-02-11 15:32:36,409.97,412.54,409.51,411.54,152134
2026-02-11 15:42:36,407.2,412.9,405.49,407.5,103275
2026-02-11 15:52:36,401.01,407.67,399.84,402.4,27329
2026-02-12 09:32:36,389.98,392.11,388.59,388.59,15097
2026-02-12 09:42:36,390.89,390.89,387.3,387.3,71380
2026-02-12 09:52:36,392.63,394.11,391.66,392.04,21262
2026-02-12 10:02:36,400.53,400.53,395.8,398.97,142970
2026-02-12 10:12:36,376.39,376.91,374.04,375.37,65548
2026-02-12 10:22:36,389.54,393.13,389.54,389.85,15569
2026-02-12 10:32:36,369.08,372.3,366.86,367.99,36539
2026-02-12 10:42:36,374.14,378.47,374.14,375.29,107905
2026-02-12 10:52:36,370.66,372.05,368.07,368.99,68298
2026-02-12 11:02:36,392.91,393.42,392.81,393.42,23865
2026-02-12 11:12:36,386.14,387.29,382.46,383.09,46808
2026-02-12 11:22:36,404.46,407.59,403.56,403.56,33963
2026-02-12 11:32:36,392.76,395.66,392.42,393.23,106531
2026-02-12 11:42:36,385.03,386.9,384.44,386.9,52164
2026-02-12 11:52:36,390.95,390.95,388.18,390.8,64684
2026-02-12 12:02:36,384.6,385.86,381.26,385.58,93511
2026-02-12 12:12:36,371.53,374.34,369.34,370.93,92358
2026-02-12 12:22:36,371.0,373.08,371.0,371.36,26037
2026-02-12 12:32:36,351.12,352.97,350.92,350.92,111510
2026-02-12 12:42:36,345.9,349.68,343.99,346.07,102966
2026-02-12 12:52:36,334.89,338.89,334.16,334.6,50502
2026-02-12 13:02:36,333.53,335.74,328.95,333.51,77261
2026-02-12 13:12:36,334.75,336.78,332.47,335.99,144176
2026-02-12 13:22:36,338.69,339.64,338.3,338.49,163122
2026-02-12 13:32:36,341.62,344.08,341.62,343.36,67572
2026-02-12 13:42:36,339.62,340.33,337.13,338.26,43903
2026-02-12 13:52:36,353.2,356.53,352.73,352.73,98951
2026-02-12 14:02:36,320.41,321.01,318.64,318.64,134913
2026-02-12 14:12:36,331.27,332.36,329.91,331.4,195305
2026-02-12 14:22:36,332.63,332.63,329.42,331.2,66857
2026-02-12 14:32:36,330.16,331.13,329.14,331.13,78894
2026-02-12 14:42:36,295.71,297.84,295.51,296.01,44159
2026-02-12 14:52:36,288.61,289.32,288.17,288.66,323525
2026-02-12 15:02:36,305.38,307.14,303.55,305.09,174203
2026-02-12 15:12:36,306.36,307.14,305.81,306.63,291143
2026-02-12 15:22:36,304.26,306.93,304.0,304.0,232255
2026-02-12 15:32:36,319.07,320.06,314.58,318.54,73816
2026-02-12 15:42:36,310.4,310.78,305.89,308.54,179201
2026-02-12 15:52:36,340.1,342.48,337.08,341.1,51788
2026-02-13 09:32:36,351.78,354.75,351.78,354.02,146348
2026-02-13 09:42:36,345.18,349.55,342.65,344.1,119552
2026-02-13 09:52:36,347.75,349.47,345.08,348.52,128080
2026-02-13 10:02:36,335.46,337.16,335.46,336.73,83202
2026-02-13 10:12:36,336.06,337.28,334.38,337.28,90309
2026-02-13 10:22:36,334.41,339.11,332.63,333.28,215364
2026-02-13 10:32:36,331.72,332.17,328.41,328.41,118039
2026-02-13 10:42:36,304.91,305.68,303.58,304.22,227315
2026-02-13 10:52:36,306.75,307.63,304.43,306.0,67951
2026-02-13 11:02:36,349.63,352.81,344.05,349.81,82551
2026-02-13 11:12:36,346.11,347.02,345.02,347.02,179439
2026-02-13 11:22:36,346.77,347.94,345.96,347.16,184122
2026-02-13 11:32:36,356.35,359.94,356.35,359.83,148788
2026-02-13 11:42:36,356.36,357.21,355.38,356.08,137046
2026-02-13 11:52:36,351.48,355.45,351.08,351.59,132587
2026-02-13 12:02:36,356.56,358.02,355.39,356.97,124045
2026-02-13 12:12:36,363.27,364.61,361.9,363.99,81832
2026-02-13 12:22:36,368.77,373.55,367.38,368.13,36425
2026-02-13 12:32:36,366.64,369.38,366.01,366.01,100868
2026-02-13 12:42:36,373.63,375.2,373.26,374.69,98103
2026-02-13 12:52:36,379.01,380.16,378.18,378.42,35598
2026-02-13 13:02:36,374.29,377.38,373.77,375.82,93038
2026-02-13 13:12:36,361.05,362.01,359.69,360.04,58046
2026-02-13 13:22:36,374.29,378.83,372.38,374.23,86945
2026-02-13 13:32:36,388.94,392.97,388.94,391.63,75460
2026-02-13 13:42:36,385.49,385.94,383.3,383.52,98272
2026-02-13 13:52:36,398.97,399.16,398.0,399.1,92721
2026-02-13 14:02:36,400.06,404.77,400.06,400.28,133116
2026-02-13 14:12:36,407.43,409.85,405.12,406.58,121129
2026-02-13 14:22:36,399.05,401.04,399.05,400.04,81109
2026-02-13 14:32:36,398.66,402.88,394.13,397.87,50177
2026-02-13 14:42:36,382.24,382.24,379.28,380.06,94339
2026-02-13 14:52:36,380.24,381.86,380.24,381.86,60033
2026-02-13 15:02:36,381.3,383.77,380.3,383.77,87584
2026-02-13 15:12:36,383.02,383.02,381.27,381.27,51791
2026-02-13 15:22:36,361.9,363.67,361.59,361.59,113200
2026-02-13 15:32:36,371.73,371.73,369.84,369.84,111298
2026-02-13 15:42:36,358.47,360.27,358.47,358.77,134859
2026-02-13 15:52:36,354.73,357.33,354.73,356.86,58637
2026-02-16 09:32:36,350.33,351.74,349.97,349.97,58099
2026-02-16 09:42:36,366.88,368.8,364.93,368.8,59266
2026-02-16 09:52:36,372.1,374.39,367.71,372.6,47501
2026-02-16 10:02:36,362.85,363.01,362.2,362.2,124699
2026-02-16 10:12:36,358.96,359.74,358.24,359.62,112370
2026-02-16 10:22:36,351.06,351.64,347.71,350.74,35381
2026-02-16 10:32:36,344.26,346.25,342.64,345.14,98035
2026-02-16 10:42:36,329.58,331.32,328.79,329.19,228665
2026-02-16 10:52:36,352.1,353.99,349.3,352.2,33571
2026-02-16 11:02:36,385.03,385.03,384.17,384.45,54254
2026-02-16 11:12:36,393.22,394.34,392.39,394.34,133958
2026-02-16 11:22:36,405.36,407.24,404.01,405.4,81523
2026-02-16 11:32:36,413.79,416.67,411.98,412.55,184541
2026-02-16 11:42:36,408.1,411.08,406.18,410.94,171787
2026-02-16 11:52:36,396.46,397.25,393.94,393.94,132377
2026-02-16 12:02:36,399.68,399.68,397.98,398.21,110488
2026-02-16 12:12:36,398.36,398.36,395.8,397.26,52652
2026-02-16 12:22:36,397.15,398.61,394.36,397.65,104489
2026-02-16 12:32:36,419.44,424.37,417.08,418.41,71845
2026-02-16 12:42:36,402.73,404.76,401.9,404.73,80224
2026-02-16 12:52:36,412.53,414.11,412.53,413.24,126168
2026-02-16 13:02:36,398.15,401.92,397.88,397.88,146326
2026-02-16 13:12:36,412.97,413.51,411.34,411.34,155591
2026-02-16 13:22:36,414.35,419.01,414.35,416.64,83189
2026-02-16 13:32:36,402.14,404.69,402.14,403.12,63459
2026-02-16 13:42:36,405.39,407.02,403.43,406.13,123152
2026-02-16 13:52:36,407.62,412.95,407.29,409.99,131144
2026-02-16 14:02:36,405.46,406.71,403.74,406.58,27011
2026-02-16 14:12:36,403.05,404.96,403.05,403.95,114035
2026-02-16 14:22:36,413.28,415.65,411.98,415.2,148471
2026-02-16 14:32:36,411.42,414.38,411.42,414.06,46898
2026-02-16 14:42:36,414.27,417.04,413.51,413.93,40483
2026-02-16 14:52:36,397.48,399.27,397.48,397.68,64670
2026-02-16 15:02:36,354.94,356.93,354.94,355.5,83052
2026-02-16 15:12:36,324.41,324.41,322.79,324.03,237364
2026-02-16 15:22:36,302.89,304.93,302.72,303.6,87743
2026-02-16 15:32:36,295.59,297.11,295.59,295.8,200983
2026-02-16 15:42:36,290.98,293.67,290.31,291.65,58752
2026-02-16 15:52:36,301.11,301.72,300.73,301.3,289186
2026-02-17 09:32:36,310.21,312.47,307.98,308.06,88935
2026-02-17 09:42:36,319.33,322.24,319.08,322.24,200993
2026-02-17 09:52:36,308.73,309.71,306.89,307.5,227133
2026-02-17 10:02:36,306.82,309.45,306.82,308.83,280157
2026-02-17 10:12:36,328.21,329.56,326.79,327.68,166563
2026-02-17 10:22:36,333.31,334.51,333.31,333.85,190954
2026-02-17 10:32:36,328.67,331.69,327.95,328.36,171301
2026-02-17 10:42:36,325.98,327.47,323.84,323.84,222519
2026-02-17 10:52:36,326.52,329.46,324.66,326.47,32411
2026-02-17 11:02:36,354.36,356.08,352.86,355.76,94607
2026-02-17 11:12:36,341.82,342.41,339.63,339.63,24105
2026-02-17 11:22:36,340.36,340.92,338.42,340.16,171567
2026-02-17 11:32:36,342.53,344.38,339.83,342.93,36848
2026-02-17 11:42:36,336.55,338.95,336.49,338.95,102925
2026-02-17 11:52:36,345.51,347.3,344.56,344.56,90665
2026-02-17 12:02:36,349.78,353.98,349.78,350.69,42707
2026-02-17 12:12:36,352.92,354.54,350.93,350.93,129000
2026-02-17 12:22:36,357.99,360.91,357.99,358.95,19800
2026-02-17 12:32:36,348.88,350.64,344.74,349.41,181447
2026-02-17 12:42:36,355.32,356.79,353.97,353.97,83014
2026-02-17 12:52:36,341.7,342.3,339.78,342.3,182501
2026-02-17 13:02:36,349.14,350.6,347.63,348.59,43048
2026-02-17 13:12:36,345.29,346.88,344.44,344.77,43501
2026-02-17 13:22:36,340.41,340.72,338.52,339.67,190082
2026-02-17 13:32:36,347.86,348.43,347.08,348.31,102832
2026-02-17 13:42:36,340.52,341.85,336.88,339.14,203621
2026-02-17 13:52:36,330.98,332.76,329.91,330.55,157178
2026-02-17 14:02:36,298.57,299.87,295.99,299.87,115505
2026-02-17 14:12:36,316.08,318.64,314.94,317.29,227763
2026-02-17 14:22:36,313.44,315.06,313.0,314.13,111348
2026-02-17 14:32:36,310.89,311.23,310.37,310.91,262938
2026-02-17 14:42:36,302.03,302.03,298.61,301.92,247483
2026-02-17 14:52:36,284.33,286.34,283.15,283.89,156555
2026-02-17 15:02:36,294.89,296.36,294.89,296.08,105583
2026-02-17 15:12:36,299.84,301.01,298.43,300.26,279687
2026-02-17 15:22:36,311.56,312.0,308.54,310.77,246455
2026-02-17 15:32:36,315.1,316.9,314.76,314.76,110180
2026-02-17 15:42:36,306.5,307.52,304.15,305.07,245889
2026-02-17 15:52:36,299.98,301.86,299.74,300.23,62081
2026-02-18 09:32:36,294.47,294.73,292.06,292.06,306136
2026-02-18 09:42:36,291.97,294.99,290.1,291.97,237177
2026-02-18 09:52:36,295.33,298.47,295.18,296.32,45885
2026-02-18 10:02:36,290.57,291.4,290.0,291.4,206044
2026-02-18 10:12:36,290.73,291.0,289.93,289.93,248129
2026-02-18 10:22:36,275.7,276.57,273.89,275.5,107200
2026-02-18 10:32:36,254.05,257.05,253.46,254.84,426450
2026-02-18 10:42:36,256.17,258.35,256.17,256.18,342645
2026-02-18 10:52:36,247.95,247.95,245.42,247.65,428119
2026-02-18 11:02:36,286.98,286.98,284.51,284.51,178979
2026-02-18 11:12:36,282.87,283.42,280.83,283.42,352886
2026-02-18 11:22:36,278.45,279.64,277.99,278.38,363027
2026-02-18 11:32:36,291.75,292.72,290.99,292.72,239872
2026-02-18 11:42:36,271.23,273.23,271.23,271.57,85678
2026-02-18 11:52:36,285.5,286.01,284.52,285.07,278880
2026-02-18 12:02:36,290.77,294.01,289.42,289.42,296160
2026-02-18 12:12:36,296.26,297.8,296.26,297.2,196186
2026-02-18 12:22:36,287.64,289.56,286.79,287.99,240060
2026-02-18 12:32:36,282.22,285.53,281.41,281.77,243683
2026-02-18 12:42:36,290.95,290.95,287.79,290.46,216790
2026-02-18 12:52:36,305.78,305.78,303.95,304.66,244317
2026-02-18 13:02:36,290.73,291.83,290.49,291.22,331752
2026-02-18 13:12:36,282.27,284.15,280.42,283.76,248221
2026-02-18 13:22:36,294.97,295.73,291.4,294.98,265348
2026-02-18 13:32:36,293.11,293.83,291.98,291.98,135388
2026-02-18 13:42:36,290.78,293.03,287.35,293.03,42850
2026-02-18 13:52:36,296.83,298.55,295.1,296.63,231096
2026-02-18 14:02:36,246.29,249.21,245.29,246.79,381965
2026-02-18 14:12:36,252.42,253.98,251.52,251.52,153650
2026-02-18 14:22:36,243.08,245.54,243.08,243.3,367363
2026-02-18 14:32:36,226.78,226.78,225.5,225.58,152141
2026-02-18 14:42:36,215.09,215.8,214.43,214.43,346567
2026-02-18 14:52:36,228.04,228.04,225.59,227.77,319835
2026-02-18 15:02:36,209.72,210.8,209.72,209.92,138416
2026-02-18 15:12:36,224.96,227.26,224.66,225.93,273747
2026-02-18 15:22:36,237.7,238.0,234.64,237.34,138678
2026-02-18 15:32:36,232.49,234.03,230.65,231.8,462382
2026-02-18 15:42:36,251.21,252.36,249.5,249.5,344820
2026-02-18 15:52:36,243.95,245.06,241.89,243.37,276374
2026-02-19 09:32:36,239.14,239.92,239.02,239.92,189719
2026-02-19 09:42:36,229.71,231.25,228.01,229.55,96903
2026-02-19 09:52:36,226.57,226.57,224.76,225.67,423499
2026-02-19 10:02:36,219.54,220.24,218.16,220.24,247536
2026-02-19 10:12:36,222.31,222.31,220.57,222.08,306821
2026-02-19 10:22:36,240.33,240.33,238.05,238.05,344833
2026-02-19 10:32:36,244.35,245.55,243.46,245.55,421451
2026-02-19 10:42:36,236.38,236.38,235.36,236.03,349161
2026-02-19 10:52:36,224.32,224.33,222.4,223.16,251855
2026-02-19 11:02:36,287.35,288.12,284.49,288.12,275034
2026-02-19 11:12:36,287.11,288.82,286.03,288.82,159707
2026-02-19 11:22:36,285.27,285.27,284.55,284.93,273147
2026-02-19 11:32:36,292.33,293.88,292.33,293.86,36606
2026-02-19 11:42:36,299.95,301.99,299.58,299.58,183279
2026-02-19 11:52:36,305.47,306.79,304.9,305.74,122810
2026-02-19 12:02:36,298.83,301.48,298.7,298.7,71922
2026-02-19 12:12:36,291.33,291.33,289.27,291.02,324964
2026-02-19 12:22:36,267.79,267.92,266.59,267.92,266966
2026-02-19 12:32:36,277.12,280.28,276.87,277.98,60358
2026-02-19 12:42:36,268.32,269.67,267.25,267.25,226952
2026-02-19 12:52:36,260.49,260.98,260.02,260.3,351017
2026-02-19 13:02:36,263.07,264.55,262.13,262.64,393530
2026-02-19 13:12:36,256.39,258.31,254.13,256.89,209709
2026-02-19 13:22:36,270.26,271.26,269.78,271.03,117324
2026-02-19 13:32:36,268.85,268.85,266.94,268.17,302898
2026-02-19 13:42:36,272.89,274.4,272.65,272.98,301225
2026-02-19 13:52:36,267.45,267.45,264.08,266.07,217510
2026-02-19 14:02:36,188.6,189.28,188.56,189.09,582862
2026-02-19 14:12:36,218.34,218.34,216.97,217.6,309579
2026-02-19 14:22:36,204.41,205.27,204.35,204.54,286117
2026-02-19 14:32:36,201.03,204.05,200.98,201.27,333426
2026-02-19 14:42:36,205.77,205.77,204.6,205.43,510046
2026-02-19 14:52:36,198.51,200.32,198.51,199.29,531245
2026-02-19 15:02:36,201.66,202.06,200.3,201.04,240422
2026-02-19 15:12:36,194.35,194.4,192.84,194.4,125885
2026-02-19 15:22:36,188.13,190.63,187.9,188.1,78635
2026-02-19 15:32:36,218.43,221.19,218.11,218.66,119994
2026-02-19 15:42:36,229.81,230.9,229.38,229.73,420803
2026-02-19 15:52:36,238.09,238.81,236.27,238.81,147285
2026-02-20 09:32:36,234.26,234.26,232.9,232.99,48631
2026-02-20 09:42:36,240.41,241.18,234.66,241.18,376841
2026-02-20 09:52:36,255.65,257.63,254.2,255.87,420650
2026-02-20 10:02:36,258.62,260.65,256.94,259.19,269077
2026-02-20 10:12:36,258.36,263.19,258.36,260.65,231270
2026-02-20 10:22:36,248.33,248.96,247.22,247.37,327486
2026-02-20 10:32:36,232.11,233.05,230.37,231.77,175241
2026-02-20 10:42:36,230.4,230.41,229.65,230.15,66827
2026-02-20 10:52:36,232.18,232.18,231.26,231.88,225374
2026-02-20 11:02:36,300.7,302.93,299.65,301.22,85875
2026-02-20 11:12:36,307.47,309.18,306.2,307.3,156586
2026-02-20 11:22:36,308.3,308.53,307.56,308.53,277507
2026-02-20 11:32:36,311.37,312.92,311.15,311.15,196320
2026-02-20 11:42:36,319.51,321.19,316.5,319.7,198068
2026-02-20 11:52:36,315.96,316.21,314.24,315.23,193379
2026-02-20 12:02:36,313.25,315.43,310.34,315.43,171204
2026-02-20 12:12:36,321.37,322.02,320.37,320.37,141662
2026-02-20 12:22:36,310.51,310.63,308.84,310.14,75825
2026-02-20 12:32:36,306.49,309.48,306.14,306.83,59706
2026-02-20 12:42:36,310.07,311.5,309.43,311.45,35904
2026-02-20 12:52:36,309.0,312.31,307.46,311.25,60442
2026-02-20 13:02:36,321.25,322.27,317.38,321.71,251180
2026-02-20 13:12:36,318.89,320.19,317.25,318.26,104997
2026-02-20 13:22:36,323.01,325.45,320.53,322.0,126957
2026-02-20 13:32:36,319.83,322.25,319.73,320.71,248310
2026-02-20 13:42:36,326.36,327.81,324.2,327.28,214324
2026-02-20 13:52:36,327.17,329.19,325.13,327.08,169139
2026-02-20 14:02:36,293.35,293.59,291.46,292.45,194490
2026-02-20 14:12:36,294.69,295.85,293.83,293.96,181519
2026-02-20 14:22:36,280.16,281.26,279.22,280.85,192848
2026-02-20 14:32:36,307.21,307.21,306.11,306.27,267123
2026-02-20 14:42:36,290.79,293.14,289.53,290.51,103207
2026-02-20 14:52:36,289.77,291.06,289.04,291.06,102917
2026-02-20 15:02:36,302.0,302.0,301.54,301.95,222263
2026-02-20 15:12:36,302.22,302.73,301.72,302.02,233309
2026-02-20 15:22:36,288.16,290.17,287.09,287.09,45125
2026-02-20 15:32:36,282.43,284.02,281.46,284.02,122909
2026-02-20 15:42:36,288.72,291.01,288.72,288.99,254272
2026-02-20 15:52:36,302.55,302.8,300.9,301.25,107723
2026-02-23 09:32:36,299.46,299.85,298.38,299.49,221635
2026-02-23 09:42:36,262.81,263.54,262.07,262.73,334202
2026-02-23 09:52:36,258.53,259.16,258.22,258.22,310318
2026-02-23 10:02:36,259.94,261.11,259.94,260.1,250072
2026-02-23 10:12:36,287.71,289.46,284.96,284.96,108279
2026-02-23 10:22:36,289.73,292.38,289.73,290.76,194958
2026-02-23 10:32:36,270.43,271.13,267.91,271.13,222133
2026-02-23 10:42:36,272.27,274.21,271.3,271.3,87665
2026-02-23 10:52:36,282.32,283.74,281.8,282.43,65002
2026-02-23 11:02:36,323.15,323.32,319.35,322.28,222148
2026-02-23 11:12:36,312.34,313.81,311.33,311.33,58894
2026-02-23 11:22:36,305.78,307.68,305.22,305.63,54834
2026-02-23 11:32:36,298.59,300.03,298.19,298.57,74465
2026-02-23 11:42:36,303.17,304.19,300.88,302.58,138300
2026-02-23 11:52:36,298.97,299.76,295.68,299.76,62273
2026-02-23 12:02:36,288.25,289.58,288.25,288.88,214872
2026-02-23 12:12:36,296.36,297.69,296.23,296.23,210809
2026-02-23 12:22:36,304.75,305.22,302.31,305.22,139269
2026-02-23 12:32:36,303.23,303.46,302.15,302.15,264334
2026-02-23 12:42:36,298.89,299.15,295.86,298.36,236521
2026-02-23 12:52:36,285.36,285.36,282.9,284.23,169298
2026-02-23 13:02:36,281.27,282.54,280.39,280.39,352111
2026-02-23 13:12:36,276.02,276.62,275.13,276.62,358611
2026-02-23 13:22:36,273.69,274.24,271.64,272.33,217593
2026-02-23 13:32:36,282.68,283.65,281.98,283.16,239508
2026-02-23 13:42:36,284.71,284.71,282.65,283.43,284427
2026-02-23 13:52:36,278.59,280.59,278.02,278.66,119646
2026-02-23 14:02:36,225.86,226.47,225.57,226.47,116864
2026-02-23 14:12:36,232.53,232.83,230.76,231.33,156981
2026-02-23 14:22:36,230.71,231.27,229.58,230.15,215712
2026-02-23 14:32:36,238.15,239.88,238.15,239.88,466550
2026-02-23 14:42:36,240.45,242.91,240.01,240.74,88055
2026-02-23 14:52:36,240.14,240.94,238.63,240.94,134540
2026-02-23 15:02:36,248.86,249.44,246.18,247.93,118012
2026-02-23 15:12:36,259.84,259.84,259.12,259.13,89577
2026-02-23 15:22:36,260.4,262.35,258.12,260.59,60847
2026-02-23 15:32:36,243.75,244.78,243.75,244.13,351268
2026-02-23 15:42:36,254.0,258.31,253.49,253.53,233868
2026-02-23 15:52:36,246.16,249.14,245.91,248.01,270121
2026-02-24 09:32:36,254.48,255.78,253.12,253.12,309263
2026-02-24 09:42:36,271.12,273.05,269.77,270.26,289775
2026-02-24 09:52:36,271.42,271.91,270.73,270.73,202461
2026-02-24 10:02:36,256.18,257.89,255.14,255.3,122471
2026-02-24 10:12:36,246.53,246.6,244.27,244.71,195724
2026-02-24 10:22:36,237.81,237.81,235.52,236.91,439505
2026-02-24 10:32:36,238.01,238.44,236.31,238.44,376337
2026-02-24 10:42:36,223.34,225.4,222.07,224.13,84559
2026-02-24 10:52:36,222.21,224.89,221.69,221.69,426188
2026-02-24 11:02:36,278.14,278.71,276.85,276.85,351942
2026-02-24 11:12:36,280.92,282.57,279.57,280.45,162530
2026-02-24 11:22:36,280.09,283.7,277.67,279.54,76401
2026-02-24 11:32:36,274.57,275.34,273.6,274.13,98898
2026-02-24 11:42:36,281.5,282.39,280.68,280.68,349562
2026-02-24 11:52:36,287.15,287.15,285.8,286.16,149273
2026-02-24 12:02:36,301.37,302.58,301.37,302.47,169515
2026-02-24 12:12:36,299.18,300.0,298.4,298.54,47701
2026-02-24 12:22:36,299.43,300.63,299.05,299.58,84585
2026-02-24 12:32:36,301.33,302.07,299.51,299.78,259915
2026-02-24 12:42:36,305.31,308.76,304.85,304.95,265714
2026-02-24 12:52:36,318.45,318.45,317.07,318.32,43685
2026-02-24 13:02:36,321.34,321.34,319.42,319.42,61768
2026-02-24 13:12:36,309.17,310.33,306.75,309.14,198783
2026-02-24 13:22:36,310.39,310.58,309.36,310.22,235222
2026-02-24 13:32:36,305.43,305.56,303.05,305.31,231905
2026-02-24 13:42:36,299.39,299.39,296.6,297.74,202601
2026-02-24 13:52:36,306.85,306.85,306.38,306.54,263920
2026-02-24 14:02:36,279.18,281.49,277.4,279.26,38550
2026-02-24 14:12:36,267.98,271.08,266.12,267.43,298541
2026-02-24 14:22:36,283.59,284.32,282.55,284.05,214530
2026-02-24 14:32:36,310.74,313.38,309.65,313.38,34893
2026-02-24 14:42:36,316.97,317.26,313.46,316.75,100669
2026-02-24 14:52:36,309.0,309.0,307.56,307.56,213794
2026-02-24 15:02:36,315.11,315.11,312.29,312.29,89924
2026-02-24 15:12:36,322.72,323.48,320.33,321.54,241822
2026-02-24 15:22:36,329.77,330.05,329.16,330.05,47097
2026-02-24 15:32:36,341.18,341.53,338.77,340.22,47824
2026-02-24 15:42:36,340.3,342.39,338.13,341.15,85799
2026-02-24 15:52:36,337.39,340.87,334.47,336.68,114564
2026-02-25 09:32:36,330.25,332.45,330.25,330.67,82065
2026-02-25 09:42:36,338.95,340.1,337.49,337.49,191107
2026-02-25 09:52:36,343.44,345.31,343.44,343.53,103955
2026-02-25 10:02:36,337.96,340.63,336.21,336.49,47317
2026-02-25 10:12:36,354.43,355.36,352.82,352.89,66108
2026-02-25 10:22:36,360.27,362.56,358.93,358.93,18841
2026-02-25 10:32:36,359.46,360.31,357.65,357.65,47003
2026-02-25 10:42:36,369.48,369.68,368.19,368.19,62272
2026-02-25 10:52:36,353.78,353.78,351.45,351.45,104269
2026-02-25 11:02:36,351.79,354.47,351.79,352.34,165662
2026-02-25 11:12:36,353.36,353.36,350.84,352.02,119376
2026-02-25 11:22:36,355.63,358.21,355.58,356.57,38935
2026-02-25 11:32:36,354.95,354.95,351.22,353.44,78951
2026-02-25 11:42:36,360.3,362.39,359.47,359.84,105309
2026-02-25 11:52:36,363.29,364.34,360.72,362.68,127705
2026-02-25 12:02:36,369.87,371.5,368.27,369.63,95957
2026-02-25 12:12:36,375.96,375.96,374.36,374.36,13791
2026-02-25 12:22:36,374.79,376.58,374.55,375.07,49667
2026-02-25 12:32:36,363.84,365.39,363.72,363.93,41497
2026-02-25 12:42:36,352.44,354.5,348.05,352.52,106647
2026-02-25 12:52:36,362.5,363.04,359.06,363.04,140169
2026-02-25 13:02:36,362.14,362.14,359.42,361.55,71782
2026-02-25 13:12:36,361.84,361.84,358.31,359.79,61124
2026-02-25 13:22:36,363.58,366.4,363.08,364.1,22791
2026-02-25 13:32:36,345.72,347.0,344.76,345.23,167256
2026-02-25 13:42:36,348.18,349.68,348.18,349.59,177017
2026-02-25 13:52:36,353.21,353.72,351.93,353.14,126082
2026-02-25 14:02:36,321.38,324.31,319.72,321.61,60953
2026-02-25 14:12:36,309.68,313.76,309.13,309.13,106349
2026-02-25 14:22:36,310.24,311.42,308.56,311.42,85060
2026-02-25 14:32:36,300.71,301.45,298.5,301.18,149688
2026-02-25 14:42:36,286.17,286.17,284.57,285.57,99771
2026-02-25 14:52:36,283.46,283.72,282.41,283.1,118648
2026-02-25 15:02:36,281.44,281.63,280.63,281.63,70129
2026-02-25 15:12:36,287.51,288.02,284.54,285.19,126187
2026-02-25 15:22:36,281.32,283.14,277.8,281.28,271022
2026-02-25 15:32:36,266.71,266.71,264.33,265.46,373341
2026-02-25 15:42:36,275.03,275.65,273.5,275.27,269942
2026-02-25 15:52:36,282.58,283.93,280.03,282.9,115565
2026-02-26 09:32:36,279.61,282.52,279.24,280.63,82950
2026-02-26 09:42:36,289.43,291.73,289.19,290.12,297023
2026-02-26 09:52:36,282.6,283.23,280.82,281.26,171699
2026-02-26 10:02:36,292.26,294.25,291.94,291.94,132352
2026-02-26 10:12:36,268.94,270.61,267.57,269.11,372852
2026-02-26 10:22:36,257.47,259.22,257.1,257.78,97086
2026-02-26 10:32:36,257.71,259.74,257.71,258.38,101946
2026-02-26 10:42:36,268.05,270.15,268.03,268.91,47724
2026-02-26 10:52:36,277.86,277.86,276.44,277.0,185242
2026-02-26 11:02:36,323.1,323.1,319.44,322.49,114806
2026-02-26 11:12:36,325.51,330.14,324.79,324.79,82480
2026-02-26 11:22:36,324.67,328.7,324.33,325.54,229476
2026-02-26 11:32:36,323.5,323.5,321.58,322.22,133738
2026-02-26 11:42:36,304.4,308.87,303.69,304.79,54936
2026-02-26 11:52:36,296.61,298.34,295.56,297.83,222371
2026-02-26 12:02:36,296.85,299.31,296.85,298.26,269732
2026-02-26 12:12:36,296.31,297.69,296.31,296.39,213702
2026-02-26 12:22:36,296.55,296.55,293.13,295.39,101396
2026-02-26 12:32:36,293.48,293.97,292.57,293.15,184226
2026-02-26 12:42:36,309.59,312.3,309.59,310.91,191715
2026-02-26 12:52:36,307.97,308.81,307.97,308.81,114273
2026-02-26 13:02:36,310.74,310.74,309.3,310.66,52309
2026-02-26 13:12:36,312.09,313.81,311.37,311.66,45266
2026-02-26 13:22:36,318.5,318.9,317.47,317.47,128707
2026-02-26 13:32:36,322.22,322.98,319.5,320.98,58884
2026-02-26 13:42:36,328.6,331.04,327.17,329.31,110687
2026-02-26 13:52:36,313.51,313.59,309.91,313.59,274192
2026-02-26 14:02:36,260.51,260.96,259.86,260.96,386626
2026-02-26 14:12:36,286.48,286.82,285.86,286.17,288573
2026-02-26 14:22:36,277.25,277.55,275.05,277.31,160293
2026-02-26 14:32:36,265.16,265.21,263.74,263.74,286385
2026-02-26 14:42:36,242.08,243.65,241.19,241.19,322085
2026-02-26 14:52:36,242.0,242.94,241.38,242.7,425838
2026-02-26 15:02:36,240.79,242.61,240.79,240.8,424397
2026-02-26 15:12:36,235.75,237.29,233.45,236.08,57301
2026-02-26 15:22:36,226.3,227.11,225.46,226.6,496516
2026-02-26 15:32:36,241.22,241.43,238.52,240.43,225226
2026-02-26 15:42:36,230.06,231.25,228.59,229.13,171399
2026-02-26 15:52:36,231.69,233.77,231.08,232.03,354942
2026-02-27 09:32:36,230.29,230.38,229.26,230.14,410079
2026-02-27 09:42:36,237.07,237.11,235.58,237.11,365007
2026-02-27 09:52:36,248.19,248.19,245.79,247.84,159817
2026-02-27 10:02:36,253.47,253.47,251.45,253.26,390856
2026-02-27 10:12:36,247.02,247.02,245.87,246.7,252008
2026-02-27 10:22:36,249.15,249.15,246.73,247.95,77370
2026-02-27 10:32:36,275.12,275.46,272.4,274.73,296399
2026-02-27 10:42:36,260.19,260.99,258.38,258.38,237120
2026-02-27 10:52:36,251.08,254.55,250.1,251.51,225272
2026-02-27 11:02:36,304.6,304.6,301.99,304.18,256410
2026-02-27 11:12:36,308.04,310.26,307.04,308.5,111107
2026-02-27 11:22:36,295.97,297.86,295.32,295.88,103990
2026-02-27 11:32:36,291.44,291.92,290.37,290.91,210530
2026-02-27 11:42:36,289.43,290.96,288.6,289.26,220460
2026-02-27 11:52:36,291.92,292.9,289.82,292.77,326418
2026-02-27 12:02:36,286.47,288.23,286.47,288.23,192209
2026-02-27 12:12:36,278.41,279.02,277.6,277.91,221880
2026-02-27 12:22:36,278.75,280.66,277.87,278.26,162845
2026-02-27 12:32:36,283.27,286.92,283.13,284.44,231612
2026-02-27 12:42:36,290.05,292.28,288.97,291.9,284934
2026-02-27 12:52:36,286.02,286.83,284.72,284.72,215076
2026-02-27 13:02:36,284.04,287.38,284.04,285.82,318841
2026-02-27 13:12:36,280.71,282.28,279.45,280.82,280849
2026-02-27 13:22:36,283.58,283.58,281.33,282.07,333531
2026-02-27 13:32:36,267.47,267.99,264.89,266.24,373549
2026-02-27 13:42:36,276.46,278.62,276.36,276.83,359413
2026-02-27 13:52:36,272.88,274.8,272.76,272.8,127358
2026-02-27 14:02:36,213.97,214.58,213.43,213.97,415470
2026-02-27 14:12:36,210.16,210.86,209.43,209.43,436822
2026-02-27 14:22:36,211.72,212.68,211.15,211.15,153017
2026-02-27 14:32:36,186.59,188.1,186.53,186.88,429823
2026-02-27 14:42:36,173.12,173.33,172.5,172.66,236941
2026-02-27 14:52:36,167.86,168.47,167.4,167.4,355807
2026-02-27 15:02:36,168.92,171.27,168.92,170.03,176631
2026-02-27 15:12:36,182.17,183.04,181.18,182.52,292279
2026-02-27 15:22:36,197.86,197.86,196.05,196.05,381738
2026-02-27 15:32:36,209.7,209.7,208.4,209.54,517630
2026-02-27 15:42:36,183.74,184.03,183.4,183.4,314688
2026-02-27 15:52:36,181.95,184.27,181.95,182.52,362156
2026-03-02 09:32:36,188.89,188.89,188.01,188.24,350749
2026-03-02 09:42:36,195.59,195.59,194.46,194.63,203556
2026-03-02 09:52:36,192.26,193.5,191.9,192.87,421082
2026-03-02 10:02:36,188.71,189.64,188.58,189.18,428361
2026-03-02 10:12:36,196.38,197.09,196.02,196.29,310355
2026-03-02 10:22:36,181.92,182.49,180.92,181.74,553164
2026-03-02 10:32:36,175.25,176.34,175.25,175.88,350823
2026-03-02 10:42:36,176.63,177.02,175.41,175.64,384253
2026-03-02 10:52:36,178.07,179.56,178.07,179.48,125839
2026-03-02 11:02:36,241.95,244.06,241.56,242.45,440536
2026-03-02 11:12:36,240.95,242.42,240.33,241.71,120791
2026-03-02 11:22:36,223.74,225.34,222.12,224.67,337562
2026-03-02 11:32:36,229.06,229.52,227.15,227.15,335745
2026-03-02 11:42:36,216.08,217.18,215.78,215.78,339269
2026-03-02 11:52:36,212.75,213.03,211.28,212.78,205002
2026-03-02 12:02:36,217.09,218.41,214.78,217.61,244332
2026-03-02 12:12:36,203.45,204.14,201.95,203.28,65152
2026-03-02 12:22:36,209.56,210.25,208.61,210.25,219646
2026-03-02 12:32:36,206.28,206.99,205.8,206.99,551033
2026-03-02 12:42:36,226.51,227.03,224.97,226.41,343964
2026-03-02 12:52:36,223.98,224.2,222.04,223.78,153376
2026-03-02 13:02:36,227.75,229.24,227.75,228.6,498363
2026-03-02 13:12:36,241.44,242.14,240.86,240.86,390803
2026-03-02 13:22:36,235.51,237.22,235.42,236.1,382746
2026-03-02 13:32:36,226.35,226.8,225.01,226.32,197262
2026-03-02 13:42:36,226.24,226.53,225.45,226.14,217879
2026-03-02 13:52:36,221.75,223.92,221.74,222.32,125731
2026-03-02 14:02:36,126.17,127.72,125.73,126.67,265825
2026-03-02 14:12:36,112.52,112.52,112.15,112.42,511867
2026-03-02 14:22:36,110.4,110.55,109.49,109.51,544669
2026-03-02 14:32:36,116.17,116.69,115.69,116.22,716729
2026-03-02 14:42:36,111.9,112.28,111.7,112.18,371538
2026-03-02 14:52:36,96.94,97.51,96.73,97.03,627298
2026-03-02 15:02:36,82.27,82.49,82.17,82.44,561721
2026-03-02 15:12:36,80.73,81.27,79.95,80.83,206190
2026-03-02 15:22:36,57.48,57.66,57.48,57.49,833202
2026-03-02 15:32:36,55.41,55.47,55.21,55.21,734331
2026-03-02 15:42:36,62.38,62.49,62.05,62.05,117402
2026-03-02 15:52:36,62.96,63.16,62.62,62.96,336796
2026-03-03 09:32:36,65.63,66.25,65.33,65.96,226714
2026-03-03 09:42:36,48.44,49.05,48.31,48.6,570211
2026-03-03 09:52:36,40.68,40.68,40.54,40.57,865281
2026-03-03 10:02:36,30.49,30.79,30.37,30.56,380121
2026-03-03 10:12:36,29.0,29.0,28.72,28.87,717417
2026-03-03 10:22:36,34.67,34.67,34.25,34.56,691453
2026-03-03 10:32:36,2.7,2.7,2.67,2.68,768518
2026-03-03 10:42:36,1.85,1.87,1.84,1.86,859285
2026-03-03 10:52:36,-3.14,-3.14,-3.16,-3.16,657266
2026-03-03 11:02:36,139.73,141.19,139.51,139.83,349125
2026-03-03 11:12:36,159.39,159.92,158.69,159.51,118370
2026-03-03 11:22:36,168.89,169.91,168.26,168.71,496464
2026-03-03 11:32:36,161.45,162.29,160.55,161.45,194073
2026-03-03 11:42:36,165.29,165.48,164.59,164.76,115856
2026-03-03 11:52:36,165.57,166.67,165.29,166.26,566330
2026-03-03 12:02:36,162.21,162.8,161.45,162.31,111333
2026-03-03 12:12:36,171.57,172.62,171.57,172.15,105432
2026-03-03 12:22:36,156.11,156.56,155.92,156.21,682028
2026-03-03 12:32:36,144.06,144.8,144.06,144.33,88176
2026-03-03 12:42:36,138.86,140.12,138.06,138.52,462207
2026-03-03 12:52:36,141.74,142.88,141.4,141.4,173500
2026-03-03 13:02:36,128.03,128.36,127.2,127.55,492518
2026-03-03 13:12:36,115.47,115.47,114.69,115.07,326771
2026-03-03 13:22:36,106.61,106.7,105.17,106.01,186475
2026-03-03 13:32:36,110.39,111.37,110.18,110.88,602420
2026-03-03 13:42:36,104.59,105.47,104.5,104.5,309760
2026-03-03 13:52:36,108.46,108.82,107.51,107.99,258858
2026-03-03 14:02:36,-53.13,-52.85,-53.13,-52.85,374699
2026-03-03 14:12:36,-38.78,-38.78,-38.94,-38.94,573038
2026-03-03 14:22:36,-43.4,-43.4,-43.49,-43.49,634938
2026-03-03 14:32:36,-48.39,-48.39,-48.58,-48.58,697495
2026-03-03 14:42:36,-50.51,-50.46,-50.51,-50.46,354731
2026-03-03 14:52:36,-51.83,-51.8,-51.83,-51.8,217917
2026-03-03 15:02:36,-35.83,-35.83,-35.89,-35.89,372236
2026-03-03 15:12:36,-32.81,-32.75,-32.81,-32.75,440145
2026-03-03 15:22:36,-35.02,-34.94,-35.02,-34.94,545018
2026-03-03 15:32:36,-62.97,-62.97,-63.63,-63.63,1041151
2026-03-03 15:42:36,-59.58,-59.56,-59.58,-59.56,809009
2026-03-03 15:52:36,-52.91,-52.9,-52.91,-52.9,468482
2026-03-04 09:32:36,-45.28,-45.28,-45.47,-45.47,348004
2026-03-04 09:42:36,-53.19,-53.09,-53.19,-53.09,1072461
2026-03-04 09:52:36,-60.58,-60.52,-60.58,-60.52,445746
2026-03-04 10:02:36,-55.07,-55.07,-55.19,-55.19,934414
2026-03-04 10:12:36,-47.53,-47.53,-47.74,-47.74,958097
2026-03-04 10:22:36,-52.62,-52.62,-53.09,-53.09,206966
2026-03-04 10:32:36,-54.45,-54.45,-54.7,-54.7,681384
2026-03-04 10:42:36,-81.53,-81.26,-81.53,-81.26,1262871
2026-03-04 10:52:36,-71.07,-71.03,-71.07,-71.03,1160808
2026-03-04 11:02:36,85.39,85.81,85.19,85.25,530267
2026-03-04 11:12:36,80.66,80.66,80.33,80.63,787535
2026-03-04 11:22:36,87.87,88.31,87.36,88.0,821407
2026-03-04 11:32:36,100.75,101.37,100.74,101.37,414106
2026-03-04 11:42:36,96.17,96.17,95.62,95.62,412933
2026-03-04 11:52:36,83.96,84.04,83.44,83.56,731655
2026-03-04 12:02:36,91.69,92.08,91.38,91.74,611373
2026-03-04 12:12:36,91.31,92.28,91.31,92.15,550305
2026-03-04 12:22:36,98.24,99.17,97.78,98.22,442197
2026-03-04 12:32:36,93.22,93.79,93.06,93.56,283179
2026-03-04 12:42:36,90.76,91.25,90.46,90.46,447490
2026-03-04 12:52:36,101.41,101.47,100.96,101.06,225734
2026-03-04 13:02:36,98.55,99.2,98.03,98.03,183481
2026-03-04 13:12:36,93.48,93.82,93.05,93.82,542876
2026-03-04 13:22:36,92.25,92.28,92.11,92.18,494465
2026-03-04 13:32:36,92.39,92.72,92.33,92.44,308067
2026-03-04 13:42:36,107.58,107.71,106.78,107.71,495126
2026-03-04 13:52:36,102.2,102.31,101.87,102.08,668825
2026-03-04 14:02:36,-38.53,-38.44,-38.53,-38.44,687992
2026-03-04 14:12:36,-27.56,-27.5,-27.56,-27.5,648562
2026-03-04 14:22:36,-4.38,-4.38,-4.39,-4.39,283331
2026-03-04 14:32:36,-5.24,-5.22,-5.24,-5.22,526010
2026-03-04 14:42:36,10.59,10.66,10.58,10.58,1040872
2026-03-04 14:52:36,35.76,35.89,35.76,35.87,394013
2026-03-04 15:02:36,40.51,40.61,40.5,40.61,796513
2026-03-04 15:12:36,42.36,42.47,42.22,42.22,212768
2026-03-04 15:22:36,61.82,61.82,61.21,61.69,200171
2026-03-04 15:32:36,54.67,54.81,54.13,54.7,489410
2026-03-04 15:42:36,69.37,69.6,68.92,69.32,210769
2026-03-04 15:52:36,78.33,78.44,77.9,78.44,679529
2026-03-05 09:32:36,64.41,64.65,63.85,63.99,487195
2026-03-05 09:42:36,85.68,86.0,85.6,85.64,366183
2026-03-05 09:52:36,87.6,88.22,87.57,87.74,816552
2026-03-05 10:02:36,83.31,83.53,82.51,83.1,104011
2026-03-05 10:12:36,69.94,70.5,69.94,70.09,561371
2026-03-05 10:22:36,76.3,77.01,75.91,76.33,299341
2026-03-05 10:32:36,75.11,75.46,75.06,75.32,323792
2026-03-05 10:42:36,93.89,94.16,93.89,94.02,474265
2026-03-05 10:52:36,87.74,87.86,87.38,87.86,665942
2026-03-05 11:02:36,200.08,201.01,198.31,199.64,347576
2026-03-05 11:12:36,197.02,197.57,197.02,197.12,274850
2026-03-05 11:22:36,196.01,197.47,192.76,195.81,447895
2026-03-05 11:32:36,201.06,202.37,201.06,202.18,295179
2026-03-05 11:42:36,196.72,197.13,196.01,196.39,124280
2026-03-05 11:52:36,199.23,200.82,199.23,200.82,409718
2026-03-05 12:02:36,194.97,195.33,192.82,194.36,119861
2026-03-05 12:12:36,197.3,199.28,196.86,197.07,363426
2026-03-05 12:22:36,202.51,203.46,201.25,202.06,425089
2026-03-05 12:32:36,205.11,206.32,203.05,205.37,445967
2026-03-05 12:42:36,201.05,202.88,200.95,200.95,398255
2026-03-05 12:52:36,202.33,202.44,201.25,201.89,348506
2026-03-05 13:02:36,206.62,206.69,205.58,205.67,84553
2026-03-05 13:12:36,202.16,202.25,201.02,201.8,260150
2026-03-05 13:22:36,199.6,199.6,197.8,199.26,263541
2026-03-05 13:32:36,188.94,191.77,187.91,189.62,593489
2026-03-05 13:42:36,191.74,193.1,191.74,192.3,321868
2026-03-05 13:52:36,196.72,197.5,194.27,197.5,354561
2026-03-05 14:02:36,91.38,91.4,91.16,91.16,660330
2026-03-05 14:12:36,92.54,92.54,91.78,92.09,249250
2026-03-05 14:22:36,82.88,82.95,82.49,82.73,613841
2026-03-05 14:32:36,85.07,85.32,84.41,84.78,304121
2026-03-05 14:42:36,92.02,92.65,92.02,92.65,734841
2026-03-05 14:52:36,94.55,95.43,94.55,94.67,729549
2026-03-05 15:02:36,88.32,88.89,88.32,88.89,96625
2026-03-05 15:12:36,90.04,90.68,89.4,90.26,475294
2026-03-05 15:22:36,104.56,104.83,104.31,104.35,497159
2026-03-05 15:32:36,95.36,95.36,94.4,95.21,547492
2026-03-05 15:42:36,106.24,106.88,105.91,106.75,655298
2026-03-05 15:52:36,107.19,107.63,106.44,106.93,643051
2026-03-06 09:32:36,122.29,122.84,121.53,122.81,81319
2026-03-06 09:42:36,104.78,105.03,104.16,104.29,741339
2026-03-06 09:52:36,113.08,113.48,112.9,112.98,622634
2026-03-06 10:02:36,105.74,106.78,104.9,106.11,262052
2026-03-06 10:12:36,102.35,102.38,102.18,102.18,409771
2026-03-06 10:22:36,128.02,128.47,127.27,127.38,631979
2026-03-06 10:32:36,132.52,132.52,131.43,131.93,495178
2026-03-06 10:42:36,163.89,164.63,163.12,164.63,563042
2026-03-06 10:52:36,159.7,159.9,158.26,159.6,224643
2026-03-06 11:02:36,244.38,245.02,244.1,244.1,309747
2026-03-06 11:12:36,246.71,248.39,246.27,246.78,263247
2026-03-06 11:22:36,241.03,244.17,240.55,241.65,207473
2026-03-06 11:32:36,254.79,254.79,251.46,254.1,90507
2026-03-06 11:42:36,246.03,249.14,245.24,245.98,441852
2026-03-06 11:52:36,248.72,249.35,248.72,249.03,304730
2026-03-06 12:02:36,260.71,262.41,259.97,259.97,330728
2026-03-06 12:12:36,280.26,281.71,280.04,281.19,310152
2026-03-06 12:22:36,278.74,280.46,278.74,280.27,246200
2026-03-06 12:32:36,264.12,265.39,263.48,263.48,327369
2026-03-06 12:42:36,262.66,263.21,262.44,262.98,357942
2026-03-06 12:52:36,263.52,263.52,261.98,263.19,250274
2026-03-06 13:02:36,260.37,261.57,259.03,259.15,350570
2026-03-06 13:12:36,255.83,255.83,254.5,255.25,193324
2026-03-06 13:22:36,260.04,262.18,260.01,260.6,259485
2026-03-06 13:32:36,272.99,275.78,272.98,272.98,304973
2026-03-06 13:42:36,288.41,288.41,286.35,287.64,278753
2026-03-06 13:52:36,283.77,285.59,282.68,282.84,79375
2026-03-06 14:02:36,237.0,239.75,236.05,237.13,184410
2026-03-06 14:12:36,230.15,233.54,229.63,230.65,487327
2026-03-06 14:22:36,220.32,222.29,218.97,220.52,517953
2026-03-06 14:32:36,217.04,219.21,216.32,217.64,60294
2026-03-06 14:42:36,212.13,212.13,211.57,211.73,297319
2026-03-06 14:52:36,212.75,214.17,211.75,213.14,370502
2026-03-06 15:02:36,214.07,214.72,213.28,213.46,424297
2026-03-06 15:12:36,220.07,223.09,220.0,220.65,424528
2026-03-06 15:22:36,230.25,230.87,227.07,229.42,234791
2026-03-06 15:32:36,241.44,241.58,240.35,241.43,286833
2026-03-06 15:42:36,255.27,255.31,253.11,255.31,160743
2026-03-06 15:52:36,258.21,258.68,257.61,258.68,329443
2026-03-09 09:32:36,247.2,249.04,246.18,248.0,270280
2026-03-09 09:42:36,253.19,254.03,252.33,252.46,275762
2026-03-09 09:52:36,255.83,257.3,254.6,255.88,352033
2026-03-09 10:02:36,239.84,241.71,238.98,239.46,163004
2026-03-09 10:12:36,243.54,246.01,243.54,244.45,118803
2026-03-09 10:22:36,243.82,244.79,243.82,244.79,289933
2026-03-09 10:32:36,239.64,241.11,239.64,241.11,438786
2026-03-09 10:42:36,244.45,245.62,244.45,245.62,247437
2026-03-09 10:52:36,238.82,241.41,238.59,238.66,421786
2026-03-09 11:02:36,293.35,295.16,290.63,293.53,38396
2026-03-09 11:12:36,294.3,295.28,293.81,295.28,320533
2026-03-09 11:22:36,309.98,311.5,308.18,310.31,120728
2026-03-09 11:32:36,306.66,307.47,305.13,305.64,236507
2026-03-09 11:42:36,316.47,316.47,313.76,316.46,200815
2026-03-09 11:52:36,298.04,298.4,296.52,298.35,245066
2026-03-09 12:02:36,300.36,301.42,298.87,301.42,89291
2026-03-09 12:12:36,307.03,308.82,305.77,307.19,111969
2026-03-09 12:22:36,306.15,307.67,305.79,305.89,227840
2026-03-09 12:32:36,308.32,310.5,308.32,309.43,54356
2026-03-09 12:42:36,304.87,305.66,304.87,305.41,176549
2026-03-09 12:52:36,311.43,314.36,311.15,312.86,168599
2026-03-09 13:02:36,309.27,309.73,307.88,308.33,223192
2026-03-09 13:12:36,306.37,309.53,305.24,305.93,273450
2026-03-09 13:22:36,310.51,311.63,309.58,309.9,136659
2026-03-09 13:32:36,304.74,304.87,303.64,303.74,138342
2026-03-09 13:42:36,296.13,297.8,294.38,296.52,61107
2026-03-09 13:52:36,296.86,296.86,292.8,292.8,117356
2026-03-09 14:02:36,251.97,253.04,251.93,253.04,48033
2026-03-09 14:12:36,246.58,248.37,246.58,247.29,212650
2026-03-09 14:22:36,263.49,264.71,263.28,264.24,277339
2026-03-09 14:32:36,271.61,271.61,269.19,270.4,158541
2026-03-09 14:42:36,266.59,267.54,264.28,266.57,261027
2026-03-09 14:52:36,258.13,259.6,257.15,257.33,109580
2026-03-09 15:02:36,256.41,256.85,255.77,255.77,92861
2026-03-09 15:12:36,251.61,254.34,250.79,252.6,353950
2026-03-09 15:22:36,251.6,251.6,249.79,250.23,335910
2026-03-09 15:32:36,258.62,260.06,257.91,259.35,405757
2026-03-09 15:42:36,263.59,264.57,261.71,263.19,59673
2026-03-09 15:52:36,266.61,267.6,266.24,267.1,116601
2026-03-10 09:32:36,273.31,273.54,269.48,270.32,188478
2026-03-10 09:42:36,265.9,270.17,265.9,267.36,208798
2026-03-10 09:52:36,278.7,280.54,278.28,278.99,75113
2026-03-10 10:02:36,291.1,294.31,288.27,293.07,111303
2026-03-10 10:12:36,290.19,290.63,288.11,289.62,249995
2026-03-10 10:22:36,283.85,286.39,283.48,285.01,263589
2026-03-10 10:32:36,289.67,290.76,288.61,289.26,132632
2026-03-10 10:42:36,285.39,286.65,284.59,286.53,39287
2026-03-10 10:52:36,284.4,286.21,282.49,283.35,156481
2026-03-10 11:02:36,322.74,324.4,320.91,323.48,230789
2026-03-10 11:12:36,313.69,315.09,312.59,313.6,52197
2026-03-10 11:22:36,314.68,314.68,310.86,313.06,52305
2026-03-10 11:32:36,314.12,314.99,312.47,314.13,156125
2026-03-10 11:42:36,314.9,315.1,313.78,314.75,101248
2026-03-10 11:52:36,316.35,317.84,315.12,317.84,87338
2026-03-10 12:02:36,317.51,317.51,315.6,316.76,57851
2026-03-10 12:12:36,310.97,312.92,310.97,312.89,245329
2026-03-10 12:22:36,315.67,316.97,312.91,312.95,99216
2026-03-10 12:32:36,308.76,310.87,304.15,309.25,267265
2026-03-10 12:42:36,319.1,320.91,318.93,319.06,124747
2026-03-10 12:52:36,324.05,325.35,322.95,322.95,152928
2026-03-10 13:02:36,315.61,316.72,314.32,314.85,138946
2026-03-10 13:12:36,330.95,332.21,329.25,329.25,45656
2026-03-10 13:22:36,334.06,335.73,333.99,335.0,147284
2026-03-10 13:32:36,342.52,344.03,342.02,342.02,50014
2026-03-10 13:42:36,346.49,347.03,342.52,344.3,23829
2026-03-10 13:52:36,343.71,344.21,341.89,344.21,191960
2026-03-10 14:02:36,297.47,299.82,295.65,297.42,49001
2026-03-10 14:12:36,274.4,276.16,273.9,276.16,46516
2026-03-10 14:22:36,268.44,268.44,265.04,267.8,138457
2026-03-10 14:32:36,292.1,293.11,287.7,292.1,108236
2026-03-10 14:42:36,280.26,282.01,280.26,281.11,151808
2026-03-10 14:52:36,278.6,279.92,277.93,278.51,360254
2026-03-10 15:02:36,280.16,280.57,279.03,280.19,82932
2026-03-10 15:12:36,298.79,299.99,296.53,298.44,272271
2026-03-10 15:22:36,312.84,313.27,312.62,313.27,31933
2026-03-10 15:32:36,305.17,306.37,303.07,304.37,238047
2026-03-10 15:42:36,302.71,304.9,302.48,303.97,32336
2026-03-10 15:52:36,306.14,306.14,303.76,305.72,242269
2026-03-11 09:32:36,310.28,311.84,308.49,311.02,179316
2026-03-11 09:42:36,294.69,296.51,292.97,292.97,61009
2026-03-11 09:52:36,295.94,297.09,295.44,295.58,169711
2026-03-11 10:02:36,296.74,296.97,295.62,296.97,35558
2026-03-11 10:12:36,312.92,314.14,311.66,311.97,190014
2026-03-11 10:22:36,326.69,331.55,324.96,328.28,113700
2026-03-11 10:32:36,342.25,342.78,339.29,340.3,75895
2026-03-11 10:42:36,355.83,358.68,355.31,355.31,62032
2026-03-11 10:52:36,373.69,378.2,372.44,375.08,27255
2026-03-11 11:02:36,399.87,400.33,397.97,397.97,150310
2026-03-11 11:12:36,400.54,401.15,394.68,398.32,100719
2026-03-11 11:22:36,391.81,394.01,390.44,393.08,55233
2026-03-11 11:32:36,390.64,391.29,389.61,391.29,22711
2026-03-11 11:42:36,389.16,389.98,389.16,389.98,19897
2026-03-11 11:52:36,386.85,390.5,386.19,386.65,27688
2026-03-11 12:02:36,384.63,388.24,384.63,385.91,100642
2026-03-11 12:12:36,376.68,379.25,376.63,377.15,88217
2026-03-11 12:22:36,375.98,376.71,373.96,376.71,29419
2026-03-11 12:32:36,374.72,375.87,372.85,375.87,72216
2026-03-11 12:42:36,378.38,378.72,377.02,377.11,74261
2026-03-11 12:52:36,369.92,369.92,367.31,367.31,58953
2026-03-11 13:02:36,373.21,374.14,368.74,372.47,88169
2026-03-11 13:12:36,377.4,378.3,376.24,377.12,80230
2026-03-11 13:22:36,375.73,375.83,373.75,375.33,104958
2026-03-11 13:32:36,374.53,374.53,371.05,374.13,108862
2026-03-11 13:42:36,367.11,367.53,364.88,366.45,80486
2026-03-11 13:52:36,368.48,369.7,368.14,368.14,46530
2026-03-11 14:02:36,347.54,349.89,346.07,347.6,18590
2026-03-11 14:12:36,336.46,339.0,336.33,339.0,194531
2026-03-11 14:22:36,348.18,348.91,346.62,346.62,139547
2026-03-11 14:32:36,355.14,355.97,350.56,354.51,146515
2026-03-11 14:42:36,346.73,347.43,345.62,347.43,137978
2026-03-11 14:52:36,339.47,340.58,337.84,338.99,143240
2026-03-11 15:02:36,340.23,340.23,337.35,339.0,66733
2026-03-11 15:12:36,357.3,357.66,355.6,357.66,142369
2026-03-11 15:22:36,354.79,355.59,350.84,353.6,107846
2026-03-11 15:32:36,367.31,368.32,366.0,368.32,108347
2026-03-11 15:42:36,353.81,354.01,353.12,354.01,79157
2026-03-11 15:52:36,364.47,364.47,362.86,364.44,65513
2026-03-12 09:32:36,358.3,358.3,355.52,357.13,116234
2026-03-12 09:42:36,366.04,366.04,362.22,364.08,52907
2026-03-12 09:52:36,343.32,345.46,340.92,342.03,101747
2026-03-12 10:02:36,334.56,336.65,331.02,332.21,83838
2026-03-12 10:12:36,318.28,319.7,316.66,317.13,28723
2026-03-12 10:22:36,337.14,337.34,335.33,335.6,32065
2026-03-12 10:32:36,340.0,340.0,338.28,339.53,98411
2026-03-12 10:42:36,333.78,334.92,331.57,331.57,27189
2026-03-12 10:52:36,336.35,338.54,333.09,336.78,208246
2026-03-12 11:02:36,371.54,372.1,370.56,370.56,82569
2026-03-12 11:12:36,374.59,376.25,373.45,374.58,101384
2026-03-12 11:22:36,370.18,374.04,370.18,374.04,39503
2026-03-12 11:32:36,366.34,366.34,364.0,364.86,23851
2026-03-12 11:42:36,368.73,368.73,366.68,367.77,116964
2026-03-12 11:52:36,370.6,370.6,366.65,368.32,118920
2026-03-12 12:02:36,366.5,369.12,365.56,369.12,46619
2026-03-12 12:12:36,379.21,380.38,376.03,378.64,16639
2026-03-12 12:22:36,368.66,372.4,368.66,369.02,58606
2026-03-12 12:32:36,373.99,377.57,372.89,375.49,54778
2026-03-12 12:42:36,369.53,371.07,368.35,368.35,17960
2026-03-12 12:52:36,362.37,362.71,358.16,362.07,33356
2026-03-12 13:02:36,355.44,357.68,354.38,357.68,155251
2026-03-12 13:12:36,358.07,360.07,357.05,357.05,73864
2026-03-12 13:22:36,353.03,354.91,353.03,354.91,90785
2026-03-12 13:32:36,351.15,351.32,348.63,350.51,54485
2026-03-12 13:42:36,356.75,358.78,356.75,357.58,139013
2026-03-12 13:52:36,366.67,367.71,364.18,367.71,112233
2026-03-12 14:02:36,332.82,336.43,331.68,333.58,118768
2026-03-12 14:12:36,325.28,328.15,324.98,326.38,88558
2026-03-12 14:22:36,300.63,301.62,300.53,301.62,264351
2026-03-12 14:32:36,308.92,311.15,306.69,308.46,210479
2026-03-12 14:42:36,321.25,322.51,320.99,322.51,182155
2026-03-12 14:52:36,332.86,336.07,331.35,333.53,149687
2026-03-12 15:02:36,335.18,335.18,332.88,333.45,29118
2026-03-12 15:12:36,335.69,338.8,335.43,337.78,64721
2026-03-12 15:22:36,330.4,332.93,328.07,330.94,78242
2026-03-12 15:32:36,333.42,334.29,332.13,332.13,188719
2026-03-12 15:42:36,324.73,326.5,323.95,326.36,213144
2026-03-12 15:52:36,337.36,338.08,335.28,337.48,108734
2026-03-13 09:32:36,334.61,336.45,334.05,336.45,83401
2026-03-13 09:42:36,334.2,336.87,334.11,334.11,194653
2026-03-13 09:52:36,356.41,358.68,355.8,355.8,146112
2026-03-13 10:02:36,354.08,355.19,353.4,353.4,26529
2026-03-13 10:12:36,379.44,381.44,375.41,377.73,29085
2026-03-13 10:22:36,380.23,383.49,380.23,382.0,73476
2026-03-13 10:32:36,394.83,395.35,389.79,393.15,132982
2026-03-13 10:42:36,389.19,391.01,384.81,390.48,97406
2026-03-13 10:52:36,394.76,396.51,390.38,394.18,27006
2026-03-13 11:02:36,395.36,395.95,393.91,393.91,128670
2026-03-13 11:12:36,400.53,403.06,399.68,400.84,86567
2026-03-13 11:22:36,410.01,410.94,408.1,410.94,151162
2026-03-13 11:32:36,418.69,419.88,417.74,417.82,159770
2026-03-13 11:42:36,420.9,422.77,419.75,420.49,153032
2026-03-13 11:52:36,421.26,423.5,418.94,418.99,91440
2026-03-13 12:02:36,411.0,413.24,411.0,413.24,77919
2026-03-13 12:12:36,417.6,418.77,417.55,418.17,181719
2026-03-13 12:22:36,430.3,432.68,427.31,431.34,76469
2026-03-13 12:32:36,430.44,433.67,429.22,431.5,130035
2026-03-13 12:42:36,430.74,431.73,427.83,431.63,122344
2026-03-13 12:52:36,431.2,432.3,428.38,432.14,34817
2026-03-13 13:02:36,434.34,437.33,429.77,430.66,220137
2026-03-13 13:12:36,422.83,425.66,422.83,422.84,63898
2026-03-13 13:22:36,430.16,433.43,427.06,429.41,164805
2026-03-13 13:32:36,419.52,421.32,417.59,421.32,134061
2026-03-13 13:42:36,411.07,413.51,408.26,410.8,141635
2026-03-13 13:52:36,414.91,415.91,412.13,415.44,41088
2026-03-13 14:02:36,416.92,416.92,412.84,414.56,143377
2026-03-13 14:12:36,424.43,425.69,422.84,425.69,124073
2026-03-13 14:22:36,426.06,426.12,423.95,424.39,76882
2026-03-13 14:32:36,431.7,434.39,430.48,430.94,73489
2026-03-13 14:42:36,421.42,421.87,415.98,421.87,189590
2026-03-13 14:52:36,428.39,431.42,428.39,431.42,119694
2026-03-13 15:02:36,434.47,439.59,432.81,432.81,155608
2026-03-13 15:12:36,430.13,430.13,425.09,426.91,115667
2026-03-13 15:22:36,415.53,417.37,413.87,413.87,134780
2026-03-13 15:32:36,424.66,426.58,424.66,426.58,157112
2026-03-13 15:42:36,426.48,428.79,425.55,427.77,98770
2026-03-13 15:52:36,426.49,426.49,422.45,425.45,173338
2026-03-16 09:32:36,416.59,417.07,415.07,417.07,83149
2026-03-16 09:42:36,433.79,434.54,433.79,434.54,228463
2026-03-16 09:52:36,439.49,439.49,433.58,437.17,108079
2026-03-16 10:02:36,440.89,444.04,440.74,440.74,190048
2026-03-16 10:12:36,440.75,443.37,440.52,440.64,26637
2026-03-16 10:22:36,445.57,445.57,442.6,444.85,116159
2026-03-16 10:32:36,452.21,452.21,447.22,452.17,278058
2026-03-16 10:42:36,455.27,459.88,454.54,457.93,125082
2026-03-16 10:52:36,457.58,464.88,456.7,456.83,123884
2026-03-16 11:02:36,431.13,432.49,430.77,431.52,155693
2026-03-16 11:12:36,438.99,439.0,436.85,437.23,191898
2026-03-16 11:22:36,439.14,441.04,437.72,438.97,237609
2026-03-16 11:32:36,458.46,461.68,455.25,456.46,61691
2026-03-16 11:42:36,457.7,458.97,456.35,458.2,96520
2026-03-16 11:52:36,463.43,465.55,459.02,464.69,173545
2026-03-16 12:02:36,472.17,472.17,468.19,468.19,48656
2026-03-16 12:12:36,473.88,476.62,472.07,474.04,212384
2026-03-16 12:22:36,472.6,477.77,467.79,470.32,215319
2026-03-16 12:32:36,473.03,474.17,471.42,471.42,60808
2026-03-16 12:42:36,474.32,475.79,474.0,474.57,330094
2026-03-16 12:52:36,490.78,493.82,489.35,493.82,142213
2026-03-16 13:02:36,504.8,504.8,501.04,503.62,247932
2026-03-16 13:12:36,510.18,511.06,507.42,510.34,126718
2026-03-16 13:22:36,515.3,519.03,512.99,513.86,50152
2026-03-16 13:32:36,513.48,516.37,512.71,513.33,197042
2026-03-16 13:42:36,526.48,528.01,522.73,523.33,213737
2026-03-16 13:52:36,527.06,527.53,525.48,527.53,133310
2026-03-16 14:02:36,583.17,584.09,583.17,584.09,363782
2026-03-16 14:12:36,563.67,563.67,559.99,563.3,491070
2026-03-16 14:22:36,594.95,596.11,592.31,594.43,275353
2026-03-16 14:32:36,596.66,596.66,592.49,596.1,213066
2026-03-16 14:42:36,589.19,589.19,586.56,586.56,373162
2026-03-16 14:52:36,593.17,595.67,591.67,593.67,605425
2026-03-16 15:02:36,602.42,607.31,601.48,603.04,291433
2026-03-16 15:12:36,595.42,599.86,595.42,596.7,209195
2026-03-16 15:22:36,592.46,594.89,586.62,593.09,583006
2026-03-16 15:32:36,594.84,596.84,591.7,596.21,437385
2026-03-16 15:42:36,569.08,571.72,567.61,570.36,540587
2026-03-16 15:52:36,585.08,585.08,580.91,582.34,362056
2026-03-17 09:32:36,589.7,592.09,586.69,589.84,337850
2026-03-17 09:42:36,606.63,611.62,604.07,608.22,594912
2026-03-17 09:52:36,596.22,597.59,591.81,595.57,133378
2026-03-17 10:02:36,606.29,608.66,600.54,606.0,353699
2026-03-17 10:12:36,600.5,600.5,593.38,599.58,95687
2026-03-17 10:22:36,614.62,620.19,608.85,616.46,656501
2026-03-17 10:32:36,617.94,617.94,610.86,616.2,678087
2026-03-17 10:42:36,615.59,616.81,612.99,616.09,423371
2026-03-17 10:52:36,626.67,627.05,624.31,627.05,167891
2026-03-17 11:02:36,559.3,559.94,558.76,559.07,424801
2026-03-17 11:12:36,560.4,560.4,557.3,559.87,219415
2026-03-17 11:22:36,562.42,562.42,556.91,561.71,282427
2026-03-17 11:32:36,572.86,574.67,572.69,574.12,382068
2026-03-17 11:42:36,579.78,580.69,577.04,578.48,370835
2026-03-17 11:52:36,571.89,574.06,570.41,572.29,200583
2026-03-17 12:02:36,567.61,567.61,564.94,564.94,114707
2026-03-17 12:12:36,566.52,566.9,563.84,566.05,151080
2026-03-17 12:22:36,562.98,568.43,562.98,563.8,386629
2026-03-17 12:32:36,554.21,554.21,550.56,550.56,308548
2026-03-17 12:42:36,558.34,560.13,554.85,557.09,289297
2026-03-17 12:52:36,551.01,553.2,549.47,550.86,378309
2026-03-17 13:02:36,547.98,550.01,546.96,550.01,61332
2026-03-17 13:12:36,554.45,557.54,553.47,554.77,161704
2026-03-17 13:22:36,573.1,576.74,570.88,572.6,575736
2026-03-17 13:32:36,565.44,568.96,563.47,568.76,337068
2026-03-17 13:42:36,577.5,583.99,575.66,583.99,475972
2026-03-17 13:52:36,597.03,597.04,591.9,595.34,331757
2026-03-17 14:02:36,670.87,674.91,670.78,673.77,403388
2026-03-17 14:12:36,681.98,685.61,676.03,683.71,128697
2026-03-17 14:22:36,682.08,683.07,675.08,680.06,794514
2026-03-17 14:32:36,684.27,687.77,679.3,685.47,717912
2026-03-17 14:42:36,702.04,704.9,701.35,701.99,692295
2026-03-17 14:52:36,696.11,697.5,695.7,697.5,872338
2026-03-17 15:02:36,700.36,700.71,696.73,696.73,895426
2026-03-17 15:12:36,699.32,699.32,695.88,696.57,317491
2026-03-17 15:22:36,700.94,703.56,700.45,702.05,571496
2026-03-17 15:32:36,722.91,722.95,718.68,720.3,992580
2026-03-17 15:42:36,750.5,754.98,748.77,751.29,495852
2026-03-17 15:52:36,729.78,729.88,729.42,729.79,469207
2026-03-18 09:32:36,733.84,735.05,732.9,735.05,642517
2026-03-18 09:42:36,725.87,727.57,719.61,719.61,128990
2026-03-18 09:52:36,723.17,727.75,723.17,726.06,923569
2026-03-18 10:02:36,708.49,711.17,705.48,707.49,725117
2026-03-18 10:12:36,682.54,688.52,682.54,687.02,790892
2026-03-18 10:22:36,679.62,682.63,679.15,679.51,315971
2026-03-18 10:32:36,685.63,686.37,678.35,683.35,776130
2026-03-18 10:42:36,694.24,694.24,690.22,690.22,574949
2026-03-18 10:52:36,690.49,700.75,689.48,692.61,412973
2026-03-18 11:02:36,601.15,609.52,601.15,602.93,202596
2026-03-18 11:12:36,613.34,617.49,612.57,612.57,558941
2026-03-18 11:22:36,609.1,613.27,603.54,605.85,439594
2026-03-18 11:32:36,598.98,599.37,592.88,596.72,74892
2026-03-18 11:42:36,591.68,591.75,587.35,590.41,76411
2026-03-18 11:52:36,586.23,592.49,584.31,584.31,254943
2026-03-18 12:02:36,582.59,586.53,582.59,584.36,347034
2026-03-18 12:12:36,588.11,588.34,582.39,588.34,615296
2026-03-18 12:22:36,596.03,599.23,594.47,597.34,204731
2026-03-18 12:32:36,600.02,604.75,599.25,599.69,300627
2026-03-18 12:42:36,594.8,597.95,590.98,590.98,141687
2026-03-18 12:52:36,588.54,591.6,588.54,590.93,214547
2026-03-18 13:02:36,589.72,597.08,589.72,592.42,543364
2026-03-18 13:12:36,583.2,583.2,579.97,581.58,138329
2026-03-18 13:22:36,572.9,577.31,572.43,574.2,518583
2026-03-18 13:32:36,548.01,549.28,544.74,548.46,415418
2026-03-18 13:42:36,555.1,556.16,554.69,555.89,305487
2026-03-18 13:52:36,554.04,555.72,552.31,552.31,98392
2026-03-18 14:02:36,631.83,633.75,629.81,630.34,82732
2026-03-18 14:12:36,631.37,632.76,629.9,629.9,310344
2026-03-18 14:22:36,619.26,622.69,616.78,622.22,214192
2026-03-18 14:32:36,618.2,623.24,618.2,622.2,592231
2026-03-18 14:42:36,618.57,621.58,613.67,617.68,123091
2026-03-18 14:52:36,620.66,621.69,617.37,617.37,366022
2026-03-18 15:02:36,612.62,613.17,610.64,612.54,248760
2026-03-18 15:12:36,615.04,617.76,614.34,616.24,327037
2026-03-18 15:22:36,624.09,625.04,621.99,625.04,350780
2026-03-18 15:32:36,613.17,615.14,608.57,615.14,186335
2026-03-18 15:42:36,616.39,617.99,615.23,615.23,139408
2026-03-18 15:52:36,613.16,614.43,610.37,610.37,541251
2026-03-19 09:32:36,603.75,606.52,598.21,602.99,640437
2026-03-19 09:42:36,603.3,603.3,597.9,600.17,590754
2026-03-19 09:52:36,592.42,593.95,588.94,589.18,264895
2026-03-19 10:02:36,602.46,602.46,594.38,599.69,193007
2026-03-19 10:12:36,602.71,602.71,592.8,600.54,528366
2026-03-19 10:22:36,596.61,597.94,595.08,597.63,613179
2026-03-19 10:32:36,587.46,590.07,585.16,586.55,541731
2026-03-19 10:42:36,582.44,583.13,579.78,580.73,113216
2026-03-19 10:52:36,575.3,576.28,575.3,576.28,260492
2026-03-19 11:02:36,516.61,519.99,516.19,519.57,85809
2026-03-19 11:12:36,513.54,516.71,512.32,516.71,372549
2026-03-19 11:22:36,512.65,512.65,509.7,512.41,76687
2026-03-19 11:32:36,515.0,519.55,512.91,514.41,264463
2026-03-19 11:42:36,514.24,521.31,514.24,516.07,291373
2026-03-19 11:52:36,522.17,524.92,522.17,524.69,298313
2026-03-19 12:02:36,531.74,534.48,529.64,533.05,261742
2026-03-19 12:12:36,533.04,539.35,531.05,532.64,318890
2026-03-19 12:22:36,544.01,544.11,539.31,540.4,327437
2026-03-19 12:32:36,537.02,537.61,532.85,536.35,275761
2026-03-19 12:42:36,543.95,545.27,543.95,544.74,264900
2026-03-19 12:52:36,546.14,554.35,546.14,549.32,188863
2026-03-19 13:02:36,544.03,548.06,542.18,542.18,312966
2026-03-19 13:12:36,540.84,546.79,539.96,542.52,435347
2026-03-19 13:22:36,557.37,562.22,553.1,557.83,178861
2026-03-19 13:32:36,543.57,546.21,542.5,544.21,469649
2026-03-19 13:42:36,534.16,535.36,531.67,535.36,340294
2026-03-19 13:52:36,531.75,536.77,528.44,533.33,137599
2026-03-19 14:02:36,552.07,555.88,552.07,553.73,529030
2026-03-19 14:12:36,563.55,565.37,562.74,565.37,113147
2026-03-19 14:22:36,567.25,567.25,562.88,563.46,335469
2026-03-19 14:32:36,577.34,582.47,572.39,576.63,270595
2026-03-19 14:42:36,591.49,597.31,588.75,592.73,625599
2026-03-19 14:52:36,593.37,597.56,592.04,592.04,239930
2026-03-19 15:02:36,587.75,589.33,584.19,584.19,481985
2026-03-19 15:12:36,573.34,573.34,567.59,567.97,219713
2026-03-19 15:22:36,582.65,587.92,581.0,581.17,475708
2026-03-19 15:32:36,575.62,575.62,572.0,574.92,206684
2026-03-19 15:42:36,553.87,556.79,551.02,553.6,162807
2026-03-19 15:52:36,535.49,536.79,533.73,536.79,489300
2026-03-20 09:32:36,545.94,547.65,541.61,545.48,472531
2026-03-20 09:42:36,526.6,528.42,524.95,526.08,170343
2026-03-20 09:52:36,531.43,531.43,528.72,528.96,70383
2026-03-20 10:02:36,542.54,544.41,540.42,541.24,211387
2026-03-20 10:12:36,541.59,544.24,541.59,542.52,483356
2026-03-20 10:22:36,540.21,541.34,534.66,540.27,196697
2026-03-20 10:32:36,571.67,572.5,568.93,572.15,414183
2026-03-20 10:42:36,579.87,582.16,577.76,577.76,126204
2026-03-20 10:52:36,582.65,586.97,578.28,578.46,333868
2026-03-20 11:02:36,519.68,521.78,515.81,521.78,410127
2026-03-20 11:12:36,517.93,520.33,512.4,512.4,450268
2026-03-20 11:22:36,492.69,498.74,492.56,496.07,337762
2026-03-20 11:32:36,495.37,497.81,493.73,495.46,384641
2026-03-20 11:42:36,498.39,501.07,494.0,498.69,400434
2026-03-20 11:52:36,485.28,487.63,482.44,486.99,45869
2026-03-20 12:02:36,481.65,484.74,480.38,481.77,177966
2026-03-20 12:12:36,489.61,489.61,482.3,484.66,280512
2026-03-20 12:22:36,487.55,487.92,486.15,486.19,336259
2026-03-20 12:32:36,485.11,485.95,483.9,484.38,143111
2026-03-20 12:42:36,494.83,494.83,491.95,494.32,47809
2026-03-20 12:52:36,497.4,497.4,494.93,496.96,344733
2026-03-20 13:02:36,490.32,490.32,487.22,488.43,203582
2026-03-20 13:12:36,496.28,496.52,492.64,493.98,70383
2026-03-20 13:22:36,480.56,480.96,478.32,480.66,258988
2026-03-20 13:32:36,475.92,480.8,475.92,476.64,199217
2026-03-20 13:42:36,472.6,473.47,470.54,473.23,204232
2026-03-20 13:52:36,461.13,465.45,458.31,463.48,225183
2026-03-20 14:02:36,471.44,471.44,465.6,471.3,177862
2026-03-20 14:12:36,462.15,462.15,458.86,461.86,186807
2026-03-20 14:22:36,461.07,461.07,458.57,458.57,149189
2026-03-20 14:32:36,471.17,472.14,469.97,472.14,269714
2026-03-20 14:42:36,480.24,484.68,480.24,483.03,100255
2026-03-20 14:52:36,489.62,489.62,485.93,489.35,377886
2026-03-20 15:02:36,459.72,464.69,458.42,460.24,119972
2026-03-20 15:12:36,458.25,460.61,457.82,457.82,288662
2026-03-20 15:22:36,449.79,451.27,444.89,447.3,56644
2026-03-20 15:32:36,452.47,456.53,451.61,454.2,41801
2026-03-20 15:42:36,446.89,452.71,446.66,447.54,196093
2026-03-20 15:52:36,447.3,447.3,443.46,443.46,225257
2026-03-23 09:32:36,430.46,431.42,429.94,429.94,195384
2026-03-23 09:42:36,432.84,432.84,427.8,432.27,143098
2026-03-23 09:52:36,434.79,434.79,431.44,432.06,137989
2026-03-23 10:02:36,423.89,426.34,423.78,424.61,167643
2026-03-23 10:12:36,399.86,401.8,398.97,398.97,77573
2026-03-23 10:22:36,406.89,406.96,403.11,406.96,101158
2026-03-23 10:32:36,412.99,413.0,410.97,411.77,109830
2026-03-23 10:42:36,391.96,393.33,390.95,392.86,23777
2026-03-23 10:52:36,392.47,394.35,391.13,393.54,91413
2026-03-23 11:02:36,413.14,414.94,412.83,412.93,176067
2026-03-23 11:12:36,425.59,431.71,424.83,425.28,216890
2026-03-23 11:22:36,423.61,424.98,419.89,423.74,189218
2026-03-23 11:32:36,422.92,426.54,422.17,423.4,67639
2026-03-23 11:42:36,416.03,416.56,414.95,414.95,41365
2026-03-23 11:52:36,429.16,429.72,426.51,426.83,63436
2026-03-23 12:02:36,419.04,420.97,417.63,417.63,90339
2026-03-23 12:12:36,414.1,421.6,412.67,415.4,63902
2026-03-23 12:22:36,413.33,414.83,412.39,413.1,110609
2026-03-23 12:32:36,413.46,414.44,411.92,412.94,80220
2026-03-23 12:42:36,413.21,414.97,411.8,414.97,62758
2026-03-23 12:52:36,420.6,426.9,420.52,422.15,111922
2026-03-23 13:02:36,436.1,438.71,433.35,434.91,76860
2026-03-23 13:12:36,430.45,432.04,428.3,432.04,214284
2026-03-23 13:22:36,444.32,444.32,442.13,444.04,138503
2026-03-23 13:32:36,441.39,443.65,440.65,442.99,39891
2026-03-23 13:42:36,444.92,450.06,442.35,445.75,203042
2026-03-23 13:52:36,442.35,446.37,442.35,446.37,263045
2026-03-23 14:02:36,454.91,459.55,454.91,455.47,208586
2026-03-23 14:12:36,451.48,455.02,450.52,450.52,188545
2026-03-23 14:22:36,451.02,457.92,450.32,450.32,241660
2026-03-23 14:32:36,441.29,442.54,439.18,439.53,76440
2026-03-23 14:42:36,426.9,428.78,421.79,425.67,205850
2026-03-23 14:52:36,418.56,421.53,418.56,419.08,135630
2026-03-23 15:02:36,417.38,419.55,414.35,416.34,189335
2026-03-23 15:12:36,406.82,408.38,403.55,407.81,67155
2026-03-23 15:22:36,421.0,422.4,420.18,420.18,193235
2026-03-23 15:32:36,432.52,436.27,430.66,432.95,199744
2026-03-23 15:42:36,452.37,452.37,446.41,448.71,109700
2026-03-23 15:52:36,460.73,462.63,456.95,462.63,210852
2026-03-24 09:32:36,473.71,473.71,468.8,472.94,122401
2026-03-24 09:42:36,472.04,473.97,470.18,471.0,115491
2026-03-24 09:52:36,456.37,458.16,456.01,457.15,140038
2026-03-24 10:02:36,465.24,470.0,465.24,468.78,208110
2026-03-24 10:12:36,450.45,451.05,447.27,449.79,266665
2026-03-24 10:22:36,466.63,466.63,463.8,465.83,170528
2026-03-24 10:32:36,466.49,468.28,465.84,466.11,321518
2026-03-24 10:42:36,466.91,470.9,466.91,467.49,198229
2026-03-24 10:52:36,461.92,463.83,461.29,463.83,296945
2026-03-24 11:02:36,450.41,452.13,448.36,449.66,52442
2026-03-24 11:12:36,456.41,460.31,452.87,456.31,205922
2026-03-24 11:22:36,452.13,453.55,448.72,450.12,269471
2026-03-24 11:32:36,453.56,456.24,452.34,453.32,247847
2026-03-24 11:42:36,451.23,451.23,448.96,449.79,42832
2026-03-24 11:52:36,450.13,452.36,449.56,450.83,212358
2026-03-24 12:02:36,452.41,452.41,451.06,451.06,75393
2026-03-24 12:12:36,447.84,447.88,445.02,446.59,51284
2026-03-24 12:22:36,428.82,433.34,428.82,430.57,107489
2026-03-24 12:32:36,430.4,430.4,428.77,428.77,219262
2026-03-24 12:42:36,429.16,429.16,425.58,425.58,45697
2026-03-24 12:52:36,425.6,428.52,424.32,428.52,160922
2026-03-24 13:02:36,430.8,435.69,429.63,432.94,124602
2026-03-24 13:12:36,424.88,429.44,424.88,425.26,194548
2026-03-24 13:22:36,439.19,439.82,437.22,439.82,254745
2026-03-24 13:32:36,431.04,433.63,428.7,428.7,125295
2026-03-24 13:42:36,433.48,435.31,430.39,433.62,169639
2026-03-24 13:52:36,433.75,436.58,433.75,435.28,80613
2026-03-24 14:02:36,451.9,454.74,451.9,452.67,98381
2026-03-24 14:12:36,451.47,454.82,450.17,452.27,244145
2026-03-24 14:22:36,447.55,447.55,445.19,445.41,183346
2026-03-24 14:32:36,422.78,423.72,420.84,423.72,101571
2026-03-24 14:42:36,443.65,448.37,443.41,444.27,197334
2026-03-24 14:52:36,447.42,449.34,447.42,449.34,273941
2026-03-24 15:02:36,435.58,435.78,433.85,435.17,190452
2026-03-24 15:12:36,463.92,466.14,461.62,463.76,237106
2026-03-24 15:22:36,460.43,461.47,456.51,460.22,145541
2026-03-24 15:32:36,480.41,485.6,479.88,480.48,254756
2026-03-24 15:42:36,476.79,476.79,473.97,474.0,192157
2026-03-24 15:52:36,472.31,477.06,471.01,472.97,215365
2026-03-25 09:32:36,476.66,476.66,471.1,474.42,192065
2026-03-25 09:42:36,472.53,474.16,469.65,473.33,327544
2026-03-25 09:52:36,483.98,485.64,478.26,483.35,184216
2026-03-25 10:02:36,473.04,475.49,472.26,475.05,213318
2026-03-25 10:12:36,473.05,473.05,469.36,471.35,214513
2026-03-25 10:22:36,473.83,476.38,469.81,473.17,177475
2026-03-25 10:32:36,487.86,489.56,487.4,488.32,264934
2026-03-25 10:42:36,473.29,473.29,470.75,472.0,153739
2026-03-25 10:52:36,482.79,484.63,482.26,482.26,46948
2026-03-25 11:02:36,469.84,470.9,468.35,469.56,152403
2026-03-25 11:12:36,471.12,474.25,469.86,472.58,330920
2026-03-25 11:22:36,460.11,466.2,458.83,461.97,65700
2026-03-25 11:32:36,469.1,472.03,467.0,470.63,35800
2026-03-25 11:42:36,471.69,477.85,469.47,469.47,103155
2026-03-25 11:52:36,469.28,472.27,465.98,469.61,282899
2026-03-25 12:02:36,458.03,458.96,453.07,456.5,155564
2026-03-25 12:12:36,452.08,453.65,447.76,447.81,255190
2026-03-25 12:22:36,447.07,450.06,447.07,447.79,219977
2026-03-25 12:32:36,440.13,442.03,439.24,440.37,52829
2026-03-25 12:42:36,446.35,447.51,443.5,443.5,155317
2026-03-25 12:52:36,456.3,456.76,454.05,456.29,230583
2026-03-25 13:02:36,450.58,452.83,448.79,452.83,191842
2026-03-25 13:12:36,440.14,440.16,438.99,438.99,47251
2026-03-25 13:22:36,429.27,430.52,427.69,427.69,215169
2026-03-25 13:32:36,427.29,430.35,427.29,428.06,33141
2026-03-25 13:42:36,426.44,427.74,425.9,427.0,167819
2026-03-25 13:52:36,430.11,432.4,427.66,427.66,146435
2026-03-25 14:02:36,440.41,440.58,431.83,438.16,125792
2026-03-25 14:12:36,421.9,423.15,421.33,422.72,111224
2026-03-25 14:22:36,430.39,435.08,429.77,430.67,25271
2026-03-25 14:32:36,427.32,430.12,427.32,428.93,71590
2026-03-25 14:42:36,425.22,426.27,422.96,425.03,174691
2026-03-25 14:52:36,438.08,439.28,436.13,439.28,38493
2026-03-25 15:02:36,440.26,443.05,437.8,441.47,70432
2026-03-25 15:12:36,445.04,445.04,440.59,441.62,227690
2026-03-25 15:22:36,437.29,437.93,434.95,434.95,167064
2026-03-25 15:32:36,448.71,448.83,446.21,448.05,60476
2026-03-25 15:42:36,450.23,450.55,447.37,450.46,240776
2026-03-25 15:52:36,445.15,447.49,444.4,444.63,174612
2026-03-26 09:32:36,452.47,456.38,452.47,455.92,240705
2026-03-26 09:42:36,459.41,464.49,457.24,457.24,295145
2026-03-26 09:52:36,464.17,467.52,463.71,464.81,279896
2026-03-26 10:02:36,458.12,459.92,458.12,459.37,39618
2026-03-26 10:12:36,470.46,470.46,468.15,469.51,283548
2026-03-26 10:22:36,463.0,465.72,459.64,465.38,162650
2026-03-26 10:32:36,458.68,462.08,458.68,459.38,87611
2026-03-26 10:42:36,458.03,460.36,457.51,458.37,123564
2026-03-26 10:52:36,455.08,458.97,454.69,458.97,104379
2026-03-26 11:02:36,453.18,454.68,450.07,452.66,189087
2026-03-26 11:12:36,451.78,454.36,449.34,452.02,279330
2026-03-26 11:22:36,447.24,450.23,447.24,450.23,213276
2026-03-26 11:32:36,444.83,445.74,444.06,445.74,192654
2026-03-26 11:42:36,457.91,459.26,456.95,458.15,93090
2026-03-26 11:52:36,468.45,469.72,465.71,469.72,246830
2026-03-26 12:02:36,472.65,478.11,472.65,473.11,335040
2026-03-26 12:12:36,473.11,477.4,473.11,475.66,303033
2026-03-26 12:22:36,489.52,490.79,486.57,488.81,173147
2026-03-26 12:32:36,489.84,493.78,485.92,488.31,313673
2026-03-26 12:42:36,480.44,485.24,479.34,479.34,46744
2026-03-26 12:52:36,486.37,488.36,482.98,488.36,133550
2026-03-26 13:02:36,499.61,501.64,497.67,499.87,364329
2026-03-26 13:12:36,503.97,506.4,502.92,506.4,228706
2026-03-26 13:22:36,502.16,506.86,502.16,504.97,140985
2026-03-26 13:32:36,501.3,501.3,496.12,498.66,212584
2026-03-26 13:42:36,514.42,516.43,512.31,513.28,206793
2026-03-26 13:52:36,518.17,518.17,514.03,514.03,264737
2026-03-26 14:02:36,562.31,563.33,560.55,560.55,435252
2026-03-26 14:12:36,561.39,561.39,558.34,558.39,63344
2026-03-26 14:22:36,535.25,540.36,535.25,538.93,402172
2026-03-26 14:32:36,541.15,542.91,538.06,539.88,431185
2026-03-26 14:42:36,536.75,541.38,535.73,536.99,441815
2026-03-26 14:52:36,549.16,551.22,548.34,549.5,444667
2026-03-26 15:02:36,561.27,562.53,558.57,562.33,451454
2026-03-26 15:12:36,543.37,543.37,535.74,540.72,174232
2026-03-26 15:22:36,559.7,563.9,558.26,560.36,238026
2026-03-26 15:32:36,554.44,557.42,553.23,556.79,111932
2026-03-26 15:42:36,550.81,550.81,547.33,550.07,541314
2026-03-26 15:52:36,545.28,550.34,543.52,543.52,451927
2026-03-27 09:32:36,542.69,543.89,540.89,541.51,375111
2026-03-27 09:42:36,539.95,543.05,539.31,543.05,220843
2026-03-27 09:52:36,527.83,528.66,526.35,528.66,136415
2026-03-27 10:02:36,519.6,522.14,517.56,522.01,289942
2026-03-27 10:12:36,530.8,532.08,528.56,530.6,403882
2026-03-27 10:22:36,527.94,528.73,524.37,526.2,198949
2026-03-27 10:32:36,519.87,522.01,518.54,519.99,310341
2026-03-27 10:42:36,513.44,516.78,510.67,514.68,386279
2026-03-27 10:52:36,497.32,497.46,495.6,495.74,401147
2026-03-27 11:02:36,480.46,480.46,478.51,478.51,295079
2026-03-27 11:12:36,468.81,474.88,468.18,471.54,105038
2026-03-27 11:22:36,475.28,478.07,475.11,476.97,306728
2026-03-27 11:32:36,489.38,491.23,487.75,489.53,45947
2026-03-27 11:42:36,486.92,489.87,485.91,488.26,197804
2026-03-27 11:52:36,482.08,483.9,476.79,478.48,93495
2026-03-27 12:02:36,480.44,485.1,480.44,481.74,118199
2026-03-27 12:12:36,479.92,484.42,479.92,482.63,367737
2026-03-27 12:22:36,468.6,470.95,463.06,467.57,224551
2026-03-27 12:32:36,468.3,468.3,464.93,465.46,259321
2026-03-27 12:42:36,463.12,464.27,460.29,461.48,193738
2026-03-27 12:52:36,453.2,456.2,451.03,454.63,110579
2026-03-27 13:02:36,452.93,454.82,452.62,453.62,209758
2026-03-27 13:12:36,459.92,463.22,459.92,461.57,255253
2026-03-27 13:22:36,463.51,463.51,461.68,462.54,89735
2026-03-27 13:32:36,461.58,463.57,461.05,463.25,276842
2026-03-27 13:42:36,455.73,455.81,451.47,451.47,130607
2026-03-27 13:52:36,453.67,458.79,453.67,457.22,47623
2026-03-27 14:02:36,466.4,466.85,465.72,466.72,142426
2026-03-27 14:12:36,457.43,461.65,454.37,457.53,305167
2026-03-27 14:22:36,449.69,455.1,449.69,452.71,142696
2026-03-27 14:32:36,464.56,467.88,463.99,465.54,258389
2026-03-27 14:42:36,455.0,456.35,452.13,452.51,278080
2026-03-27 14:52:36,451.68,452.45,449.07,452.45,138794
2026-03-27 15:02:36,448.98,448.98,446.76,447.51,170925
2026-03-27 15:12:36,442.7,444.21,442.07,443.98,32253
2026-03-27 15:22:36,458.19,461.69,456.23,456.99,201197
2026-03-27 15:32:36,459.64,460.8,455.82,457.3,214243
2026-03-27 15:42:36,444.79,445.66,442.77,444.1,50498
2026-03-27 15:52:36,454.54,459.55,454.54,454.74,109967
2026-03-30 09:32:36,461.78,463.82,458.19,461.17,100179
2026-03-30 09:42:36,474.85,474.85,472.55,472.55,213340
2026-03-30 09:52:36,466.48,466.88,462.78,466.88,168998
2026-03-30 10:02:36,469.09,469.09,466.4,467.65,267259
2026-03-30 10:12:36,448.06,451.28,443.18,449.74,30996
2026-03-30 10:22:36,460.05,460.56,459.35,460.56,56606
2026-03-30 10:32:36,449.94,453.35,448.7,448.8,257037
2026-03-30 10:42:36,443.57,445.59,443.1,444.61,102997
2026-03-30 10:52:36,452.58,453.36,452.4,453.21,97450
2026-03-30 11:02:36,447.04,448.85,446.19,447.2,273271
2026-03-30 11:12:36,452.3,455.35,449.27,453.88,194952
2026-03-30 11:22:36,459.37,459.71,456.9,457.0,124554
2026-03-30 11:32:36,458.75,458.75,456.38,456.55,163390
2026-03-30 11:42:36,458.37,461.7,458.01,458.01,153644
2026-03-30 11:52:36,454.17,456.52,451.65,455.09,242097
2026-03-30 12:02:36,450.49,451.67,450.28,450.28,189221
2026-03-30 12:12:36,436.0,439.61,435.89,437.67,35144
2026-03-30 12:22:36,437.76,439.73,434.42,436.97,66922
2026-03-30 12:32:36,444.6,447.55,444.22,445.54,180975
2026-03-30 12:42:36,452.36,456.12,452.36,454.09,228541
2026-03-30 12:52:36,456.86,460.36,456.69,457.52,45027
2026-03-30 13:02:36,469.6,473.22,467.2,468.59,112609
2026-03-30 13:12:36,473.39,475.25,470.57,472.76,304047
2026-03-30 13:22:36,474.21,474.21,469.0,472.71,270050
2026-03-30 13:32:36,460.37,462.2,458.49,460.63,308328
2026-03-30 13:42:36,460.4,461.51,455.35,458.47,258130
2026-03-30 13:52:36,440.73,441.49,437.79,440.52,166366
2026-03-30 14:02:36,460.96,460.96,459.4,459.69,181800
2026-03-30 14:12:36,458.79,460.9,453.46,457.21,94394
2026-03-30 14:22:36,470.18,474.06,468.72,473.03,87381
2026-03-30 14:32:36,483.36,483.55,479.97,482.15,154623
2026-03-30 14:42:36,491.92,493.03,490.1,492.75,49112
2026-03-30 14:52:36,504.82,505.84,502.88,505.53,406516
2026-03-30 15:02:36,499.62,500.02,495.22,497.14,145838
2026-03-30 15:12:36,501.27,502.05,499.95,502.05,123107
2026-03-30 15:22:36,504.11,508.72,502.69,508.72,267835
2026-03-30 15:32:36,517.24,518.84,517.24,518.48,76819
2026-03-30 15:42:36,523.6,528.16,520.98,523.92,272813
2026-03-30 15:52:36,524.6,526.2,524.34,524.54,144065
2026-03-31 09:32:36,501.06,502.35,500.54,501.77,230041
2026-03-31 09:42:36,514.78,517.37,508.53,515.36,401909
2026-03-31 09:52:36,525.16,527.24,521.78,523.76,326685
2026-03-31 10:02:36,508.79,512.73,508.79,512.73,182647
2026-03-31 10:12:36,511.19,512.38,508.78,511.58,233417
2026-03-31 10:22:36,499.82,502.87,499.82,501.4,282461
2026-03-31 10:32:36,505.63,505.63,501.78,503.94,320129
2026-03-31 10:42:36,519.62,522.64,515.24,522.06,362312
2026-03-31 10:52:36,524.59,525.81,520.0,523.47,196157
2026-03-31 11:02:36,496.28,497.99,494.95,496.94,256136
2026-03-31 11:12:36,508.75,508.75,501.84,507.05,292331
2026-03-31 11:22:36,495.33,495.97,490.92,494.99,154964
2026-03-31 11:32:36,491.94,496.28,491.21,492.78,75138
2026-03-31 11:42:36,486.41,490.88,486.41,490.28,158307
2026-03-31 11:52:36,490.93,493.71,489.05,489.69,82286
2026-03-31 12:02:36,491.06,491.06,488.24,488.24,171188
2026-03-31 12:12:36,482.29,483.21,479.27,482.09,280030
2026-03-31 12:22:36,473.06,478.6,473.06,474.64,129098
2026-03-31 12:32:36,467.18,470.75,466.62,470.75,290280
2026-03-31 12:42:36,473.52,479.86,471.44,473.56,334441
2026-03-31 12:52:36,458.14,459.24,456.21,458.82,73210
2026-03-31 13:02:36,445.67,447.87,439.91,446.42,188882
2026-03-31 13:12:36,459.59,460.92,455.06,459.15,301059
2026-03-31 13:22:36,451.02,454.7,448.25,451.81,128391
2026-03-31 13:32:36,438.71,439.89,436.64,436.64,238857
2026-03-31 13:42:36,438.93,443.23,438.24,439.76,123678
2026-03-31 13:52:36,456.33,456.33,451.92,455.79,202084
2026-03-31 14:02:36,465.48,466.86,462.38,462.38,220917
2026-03-31 14:12:36,454.36,455.32,452.98,452.98,82104
2026-03-31 14:22:36,434.94,436.89,434.1,436.05,124861
2026-03-31 14:32:36,441.72,443.63,441.72,442.14,30442
2026-03-31 14:42:36,444.62,444.75,440.5,444.75,80727
2026-03-31 14:52:36,462.93,462.93,459.05,462.85,220547
2026-03-31 15:02:36,484.27,484.27,480.29,480.29,136535
2026-03-31 15:12:36,484.18,485.14,483.31,484.49,237477
2026-03-31 15:22:36,461.54,461.54,456.15,461.08,129408
2026-03-31 15:32:36,439.68,439.68,438.03,439.13,97146
2026-03-31 15:42:36,448.53,450.08,445.92,448.02,46387
2026-03-31 15:52:36,440.87,443.39,439.51,443.39,119566
2026-04-01 09:32:36,430.55,434.3,428.64,428.64,164837
2026-04-01 09:42:36,409.03,410.16,408.26,408.26,142533
2026-04-01 09:52:36,415.98,415.98,412.44,414.24,187272
2026-04-01 10:02:36,406.62,410.56,404.08,405.55,107113
2026-04-01 10:12:36,395.29,397.91,395.29,397.91,54767
2026-04-01 10:22:36,409.39,412.94,409.39,409.95,32986
2026-04-01 10:32:36,402.5,406.91,398.08,401.79,23134
2026-04-01 10:42:36,388.68,394.32,388.68,390.19,97926
2026-04-01 10:52:36,404.24,404.24,400.25,402.33,34912
2026-04-01 11:02:36,407.69,407.69,405.45,405.45,45129
2026-04-01 11:12:36,411.33,412.73,410.23,412.73,83551
2026-04-01 11:22:36,407.77,409.83,407.77,409.8,170927
2026-04-01 11:32:36,415.48,416.97,414.88,416.37,146957
2026-04-01 11:42:36,434.36,434.89,430.39,431.95,161604
2026-04-01 11:52:36,413.23,416.97,412.19,412.64,83865
2026-04-01 12:02:36,411.31,412.42,410.13,410.87,66477
2026-04-01 12:12:36,405.86,408.93,405.86,408.04,110846
2026-04-01 12:22:36,413.36,415.04,411.66,412.76,25900
2026-04-01 12:32:36,407.16,408.77,405.15,407.02,127518
2026-04-01 12:42:36,398.85,400.97,398.85,400.97,64829
2026-04-01 12:52:36,400.2,404.72,400.2,402.66,112278
2026-04-01 13:02:36,391.98,393.96,391.98,392.2,69168
2026-04-01 13:12:36,396.9,397.06,394.25,397.06,18539
2026-04-01 13:22:36,398.18,399.86,397.52,399.86,94977
2026-04-01 13:32:36,403.93,405.32,403.17,403.17,133364
2026-04-01 13:42:36,391.95,394.82,390.68,390.68,60108
2026-04-01 13:52:36,407.35,408.29,403.09,406.22,122351
2026-04-01 14:02:36,400.87,401.24,398.34,401.24,111097
2026-04-01 14:12:36,418.33,422.34,416.46,419.0,189921
2026-04-01 14:22:36,401.47,403.13,401.47,401.99,117805
2026-04-01 14:32:36,406.15,410.87,403.34,408.69,104030
2026-04-01 14:42:36,409.87,412.41,407.44,412.15,142195
2026-04-01 14:52:36,438.33,439.05,435.26,439.05,188620
2026-04-01 15:02:36,464.26,466.86,460.42,462.92,77994
2026-04-01 15:12:36,489.31,491.34,488.26,490.79,371695
2026-04-01 15:22:36,480.69,481.77,480.52,480.52,311716
2026-04-01 15:32:36,466.53,469.2,464.48,464.76,40406
2026-04-01 15:42:36,479.34,479.34,475.65,476.77,227299
2026-04-01 15:52:36,476.29,480.34,476.07,476.89,94623
2026-04-02 09:32:36,482.11,487.49,480.89,480.89,53604
2026-04-02 09:42:36,468.61,469.19,465.42,469.02,105495
2026-04-02 09:52:36,456.91,462.53,455.72,456.16,285675
2026-04-02 10:02:36,469.22,472.88,464.67,467.76,218756
2026-04-02 10:12:36,462.71,464.78,457.56,464.78,140891
2026-04-02 10:22:36,436.55,437.51,434.69,436.09,87246
2026-04-02 10:32:36,443.24,445.94,439.98,445.94,157866
2026-04-02 10:42:36,430.52,433.14,430.52,433.14,116018
2026-04-02 10:52:36,441.5,444.16,439.75,443.66,40840
2026-04-02 11:02:36,425.8,427.06,425.8,426.35,125162
2026-04-02 11:12:36,414.32,416.51,413.93,415.32,143738
2026-04-02 11:22:36,421.88,423.54,420.88,423.54,186560
2026-04-02 11:32:36,426.46,428.27,425.59,427.1,72622
2026-04-02 11:42:36,419.07,421.12,418.47,418.49,123283
2026-04-02 11:52:36,402.44,404.1,401.2,404.1,42796
2026-04-02 12:02:36,407.86,409.07,407.34,408.77,132796
2026-04-02 12:12:36,402.3,402.3,398.55,399.95,94376
2026-04-02 12:22:36,391.76,392.63,389.39,390.18,16963
2026-04-02 12:32:36,382.72,386.21,381.79,384.62,90083
2026-04-02 12:42:36,384.33,386.66,382.51,385.38,11243
2026-04-02 12:52:36,387.61,389.73,386.8,387.21,79693
2026-04-02 13:02:36,392.4,392.67,388.37,389.72,115566
2026-04-02 13:12:36,395.27,397.32,393.2,396.12,41756
2026-04-02 13:22:36,379.65,382.9,379.4,380.22,86958
2026-04-02 13:32:36,391.97,393.99,391.91,393.57,78200
2026-04-02 13:42:36,387.5,388.03,383.1,388.03,44275
2026-04-02 13:52:36,391.43,393.7,388.53,391.29,87091
2026-04-02 14:02:36,377.15,381.45,377.12,378.07,25052
2026-04-02 14:12:36,398.3,398.3,393.7,397.65,115813
2026-04-02 14:22:36,394.02,395.39,392.63,393.66,123019
2026-04-02 14:32:36,383.95,389.77,383.95,385.9,26568
2026-04-02 14:42:36,366.08,369.5,364.63,368.3,128742
2026-04-02 14:52:36,368.72,372.19,368.72,370.06,100315
2026-04-02 15:02:36,374.85,375.64,372.67,375.64,91983
2026-04-02 15:12:36,358.56,362.99,358.56,359.73,139413
2026-04-02 15:22:36,378.14,378.67,372.89,377.84,70095
2026-04-02 15:32:36,377.5,377.99,376.54,377.99,65041
2026-04-02 15:42:36,366.76,366.76,365.12,366.62,129531
2026-04-02 15:52:36,364.99,366.26,363.43,365.23,56722
2026-04-03 09:32:36,375.82,379.24,375.82,377.41,52483
2026-04-03 09:42:36,373.9,374.27,372.07,372.78,16492
2026-04-03 09:52:36,367.84,367.84,366.2,367.18,34577
2026-04-03 10:02:36,367.67,369.39,366.52,369.39,116220
2026-04-03 10:12:36,375.67,379.02,375.67,376.51,27720
2026-04-03 10:22:36,357.42,359.33,356.36,358.56,147739
2026-04-03 10:32:36,371.82,374.0,369.76,370.1,22347
2026-04-03 10:42:36,390.68,391.73,389.23,391.73,52467
2026-04-03 10:52:36,399.85,401.35,397.02,397.89,80835
2026-04-03 11:02:36,405.99,406.04,403.39,406.04,49890
2026-04-03 11:12:36,406.31,406.31,403.82,404.83,120221
2026-04-03 11:22:36,393.54,395.76,391.64,395.76,118830
2026-04-03 11:32:36,398.56,400.29,395.84,398.96,90284
2026-04-03 11:42:36,399.42,399.83,397.76,399.83,86445
2026-04-03 11:52:36,402.48,403.71,396.51,402.51,87123
2026-04-03 12:02:36,404.65,410.17,403.92,404.83,54667
2026-04-03 12:12:36,407.06,410.19,407.06,408.66,106347
2026-04-03 12:22:36,422.49,424.6,418.86,423.22,74172
2026-04-03 12:32:36,431.91,433.11,430.71,433.11,74087
2026-04-03 12:42:36,442.75,443.56,438.98,438.98,135468
2026-04-03 12:52:36,433.0,433.0,431.23,432.88,90834
2026-04-03 13:02:36,424.08,428.23,423.84,423.84,179570
2026-04-03 13:12:36,421.12,424.67,419.64,424.23,75251
2026-04-03 13:22:36,424.8,426.15,424.5,424.87,138839
2026-04-03 13:32:36,429.95,429.95,423.1,428.99,75039
2026-04-03 13:42:36,433.25,435.74,432.83,432.83,76616
2026-04-03 13:52:36,427.22,429.35,424.88,427.17,95297
2026-04-03 14:02:36,422.56,425.44,420.93,421.34,53795
2026-04-03 14:12:36,423.07,426.17,423.07,424.82,113238
2026-04-03 14:22:36,414.19,419.14,412.42,415.02,139080
2026-04-03 14:32:36,392.62,393.56,390.01,392.27,100410
2026-04-03 14:42:36,406.41,406.41,403.04,403.34,135416
2026-04-03 14:52:36,416.68,416.92,414.44,415.59,81120
2026-04-03 15:02:36,415.02,418.06,414.82,415.14,132410
2026-04-03 15:12:36,432.16,433.9,427.43,429.37,137403
2026-04-03 15:22:36,446.61,450.19,446.13,446.13,94336
2026-04-03 15:32:36,452.46,454.3,450.35,452.93,104632
2026-04-03 15:42:36,434.55,441.71,434.55,436.29,211386
2026-04-03 15:52:36,434.97,438.16,434.86,436.36,197960
