timestamp,Open,High,Low,Close,Volume
2026-01-05 09:32:36,453.72,454.56,452.38,453.08,91767
2026-01-05 09:42:36,460.2,460.89,457.29,460.86,77111
2026-01-05 09:52:36,472.12,474.57,470.83,471.91,139261
2026-01-05 10:02:36,493.54,495.49,488.75,492.88,175477
2026-01-05 10:12:36,507.0,507.77,505.26,507.55,216431
2026-01-05 10:22:36,523.81,523.81,520.1,521.63,62222
2026-01-05 10:32:36,542.43,547.34,539.67,543.91,221411
2026-01-05 10:42:36,529.72,532.84,527.41,527.41,51840
2026-01-05 10:52:36,535.77,538.59,533.44,536.67,258668
2026-01-05 11:02:36,503.56,503.56,500.22,503.31,22932
2026-01-05 11:12:36,515.75,518.54,513.51,515.54,89692
2026-01-05 11:22:36,498.69,502.76,498.06,498.52,86072
2026-01-05 11:32:36,503.02,506.43,502.53,502.53,139746
2026-01-05 11:42:36,501.9,501.94,498.15,501.94,99675
2026-01-05 11:52:36,483.35,484.38,483.35,484.1,159986
2026-01-05 12:02:36,471.88,474.26,469.85,474.26,91239
2026-01-05 12:12:36,477.68,478.01,476.84,478.01,138553
2026-01-05 12:22:36,481.04,484.03,478.8,480.86,69437
2026-01-05 12:32:36,476.18,477.2,474.92,477.14,78151
2026-01-05 12:42:36,465.25,467.92,465.0,467.92,131315
2026-01-05 12:52:36,459.32,460.0,458.63,459.16,85577
2026-01-05 13:02:36,455.01,459.46,455.01,457.83,94882
2026-01-05 13:12:36,456.49,457.35,456.44,456.58,45181
2026-01-05 13:22:36,453.58,457.19,453.58,453.79,106771
2026-01-05 13:32:36,456.75,459.26,455.73,458.35,36047
2026-01-05 13:42:36,465.91,467.58,465.17,465.59,136535
2026-01-05 13:52:36,463.47,464.18,461.07,463.35,118598
2026-01-05 14:02:36,469.23,470.75,468.99,469.86,123374
2026-01-05 14:12:36,452.88,454.33,450.35,451.64,41319
2026-01-05 14:22:36,461.8,464.21,461.6,461.83,126216
2026-01-05 14:32:36,427.19,428.97,427.18,428.14,83482
2026-01-05 14:42:36,412.91,412.98,410.65,410.65,164872
2026-01-05 14:52:36,404.84,408.85,404.84,404.93,71252
2026-01-05 15:02:36,423.95,425.6,419.71,424.37,96718
2026-01-05 15:12:36,435.82,436.21,433.09,434.84,21543
2026-01-05 15:22:36,443.48,445.56,440.0,445.56,14179
2026-01-05 15:32:36,446.63,448.43,445.55,445.55,32433
2026-01-05 15:42:36,445.35,450.15,444.2,445.85,51984
2026-01-05 15:52:36,445.07,448.61,444.04,447.44,95588
2026-01-06 09:32:36,449.65,449.79,447.83,449.79,52393
2026-01-06 09:42:36,426.77,429.31,425.42,426.06,44831
2026-01-06 09:52:36,441.06,442.46,438.7,438.7,65576
2026-01-06 10:02:36,434.07,434.07,430.96,430.96,96463
2026-01-06 10:12:36,445.35,446.54,442.67,442.67,49454
2026-01-06 10:22:36,457.85,458.89,456.94,457.66,116585
2026-01-06 10:32:36,467.14,468.02,465.56,466.71,120563
2026-01-06 10:42:36,468.14,470.24,467.95,470.23,97367
2026-01-06 10:52:36,467.65,473.67,467.65,471.0,33925
2026-01-06 11:02:36,465.59,465.59,461.59,465.53,132287
2026-01-06 11:12:36,465.93,465.93,463.83,465.24,120566
2026-01-06 11:22:36,467.62,468.09,465.5,465.5,79630
2026-01-06 11:32:36,463.97,466.9,463.97,464.37,117760
2026-01-06 11:42:36,474.29,477.06,473.0,473.87,87048
2026-01-06 11:52:36,483.62,484.06,482.65,484.06,109604
2026-01-06 12:02:36,491.74,491.82,490.06,491.44,176600
2026-01-06 12:12:36,491.39,496.01,491.39,494.91,52367
2026-01-06 12:22:36,480.41,482.19,474.82,479.7,105649
2026-01-06 12:32:36,481.35,485.01,481.23,481.23,45105
2026-01-06 12:42:36,479.12,480.53,477.09,478.16,34750
2026-01-06 12:52:36,493.69,495.35,492.67,495.35,175062
2026-01-06 13:02:36,472.07,472.07,470.0,470.0,133501
2026-01-06 13:12:36,473.88,475.36,468.83,473.83,66767
2026-01-06 13:22:36,475.86,477.1,473.19,476.25,128508
2026-01-06 13:32:36,462.37,464.77,461.81,462.15,115829
2026-01-06 13:42:36,463.12,466.69,462.92,464.82,122332
2026-01-06 13:52:36,476.41,478.9,474.19,474.19,144220
2026-01-06 14:02:36,478.16,478.56,474.99,476.88,16993
2026-01-06 14:12:36,470.24,471.53,468.6,470.09,35378
2026-01-06 14:22:36,463.49,465.23,461.59,464.86,115166
2026-01-06 14:32:36,480.25,485.57,480.25,482.75,154294
2026-01-06 14:42:36,485.57,487.09,485.19,486.38,62801
2026-01-06 14:52:36,488.73,490.51,486.2,488.38,57226
2026-01-06 15:02:36,476.95,482.57,475.5,475.86,32246
2026-01-06 15:12:36,500.9,500.9,495.47,497.88,34829
2026-01-06 15:22:36,488.31,489.79,487.17,487.17,129864
2026-01-06 15:32:36,492.67,496.06,491.53,492.49,71694
2026-01-06 15:42:36,499.22,500.11,495.74,499.69,103392
2026-01-06 15:52:36,509.74,511.9,506.47,510.29,171030
2026-01-07 09:32:36,499.73,500.04,498.46,499.31,102651
2026-01-07 09:42:36,517.8,523.17,517.8,520.59,41794
2026-01-07 09:52:36,528.87,532.92,525.95,525.95,143641
2026-01-07 10:02:36,496.35,497.87,494.65,497.84,182908
2026-01-07 10:12:36,520.02,522.16,518.29,519.12,117404
2026-01-07 10:22:36,535.88,535.88,530.84,533.92,177304
2026-01-07 10:32:36,534.39,534.48,532.09,532.09,33776
2026-01-07 10:42:36,548.71,550.49,547.54,550.49,114686
2026-01-07 10:52:36,557.95,559.91,553.93,559.4,35676
2026-01-07 11:02:36,538.72,539.71,537.41,539.03,100619
2026-01-07 11:12:36,549.84,551.02,548.5,551.02,207673
2026-01-07 11:22:36,573.65,573.65,570.73,570.73,330861
2026-01-07 11:32:36,588.2,589.93,587.45,589.5,64605
2026-01-07 11:42:36,597.86,601.86,597.86,600.97,234560
2026-01-07 11:52:36,596.22,596.22,591.54,594.6,395233
2026-01-07 12:02:36,608.63,613.31,608.63,610.95,243030
2026-01-07 12:12:36,612.01,613.38,611.05,612.49,212814
2026-01-07 12:22:36,621.55,624.42,617.33,619.95,419518
2026-01-07 12:32:36,608.13,611.88,607.74,608.04,260545
2026-01-07 12:42:36,617.35,617.35,612.57,612.57,138177
2026-01-07 12:52:36,607.92,609.99,604.25,607.64,187950
2026-01-07 13:02:36,616.85,619.74,615.02,618.71,134932
2026-01-07 13:12:36,610.45,615.32,609.65,609.65,167164
2026-01-07 13:22:36,619.96,622.51,619.43,619.43,365922
2026-01-07 13:32:36,611.53,615.41,610.1,615.41,86965
2026-01-07 13:42:36,588.41,589.32,580.74,587.78,224457
2026-01-07 13:52:36,596.24,598.01,594.2,594.2,166158
2026-01-07 14:02:36,674.84,675.49,673.11,675.3,443065
2026-01-07 14:12:36,694.05,698.99,692.0,692.94,456020
2026-01-07 14:22:36,722.9,722.9,716.1,716.32,102957
2026-01-07 14:32:36,735.85,738.81,734.45,734.45,195851
2026-01-07 14:42:36,720.42,722.33,716.81,722.33,355397
2026-01-07 14:52:36,761.59,761.62,759.4,759.4,484847
2026-01-07 15:02:36,750.68,751.06,749.39,749.48,101896
2026-01-07 15:12:36,741.37,743.79,736.99,740.59,671028
2026-01-07 15:22:36,725.41,729.7,724.65,729.7,514010
2026-01-07 15:32:36,731.63,734.5,730.85,733.86,509504
2026-01-07 15:42:36,769.73,771.55,760.9,771.55,94323
2026-01-07 15:52:36,780.24,791.0,775.15,784.96,530874
2026-01-08 09:32:36,782.04,787.63,782.04,784.16,108368
2026-01-08 09:42:36,797.13,801.06,797.13,799.5,664071
2026-01-08 09:52:36,818.93,818.93,813.61,814.89,818476
2026-01-08 10:02:36,796.25,796.25,787.05,794.61,392182
2026-01-08 10:12:36,806.41,811.31,806.41,808.37,705845
2026-01-08 10:22:36,823.45,823.45,817.29,822.44,912956
2026-01-08 10:32:36,821.02,822.12,818.52,822.12,146266
2026-01-08 10:42:36,826.64,833.23,826.64,833.23,856253
2026-01-08 10:52:36,825.98,830.93,825.98,829.89,513357
2026-01-08 11:02:36,692.45,692.45,685.42,690.98,103495
2026-01-08 11:12:36,687.77,687.97,684.69,685.11,132009
2026-01-08 11:22:36,695.23,702.18,695.23,702.18,342345
2026-01-08 11:32:36,683.72,685.32,676.84,685.32,165540
2026-01-08 11:42:36,688.72,691.95,685.11,687.05,348740
2026-01-08 11:52:36,692.57,697.98,690.85,694.61,444801
2026-01-08 12:02:36,691.58,695.9,688.35,688.35,626872
2026-01-08 12:12:36,703.09,711.4,703.09,705.26,320596
2026-01-08 12:22:36,697.05,699.47,692.44,697.91,415492
2026-01-08 12:32:36,692.02,694.85,688.18,691.56,161199
2026-01-08 12:42:36,690.97,696.51,689.97,689.97,333818
2026-01-08 12:52:36,679.3,680.72,675.65,678.85,542088
2026-01-08 13:02:36,683.36,683.9,680.97,681.37,211821
2026-01-08 13:12:36,683.49,686.73,681.71,686.48,279521
2026-01-08 13:22:36,692.11,692.11,686.14,688.34,407132
2026-01-08 13:32:36,680.67,683.95,677.58,679.62,452044
2026-01-08 13:42:36,656.4,662.4,656.4,658.02,193920
2026-01-08 13:52:36,625.33,627.48,623.88,624.81,184454
2026-01-08 14:02:36,699.53,701.78,694.93,697.1,393263
2026-01-08 14:12:36,685.96,690.39,684.24,684.24,77785
2026-01-08 14:22:36,703.69,707.32,700.08,705.06,260322
2026-01-08 14:32:36,727.13,727.13,723.94,726.65,451324
2026-01-08 14:42:36,707.97,715.86,704.71,705.92,121930
2026-01-08 14:52:36,725.09,731.12,722.13,723.5,185457
2026-01-08 15:02:36,698.21,698.21,691.98,692.43,231481
2026-01-08 15:12:36,716.01,718.66,712.57,714.15,517190
2026-01-08 15:22:36,728.42,732.5,722.1,728.35,261814
2026-01-08 15:32:36,708.74,708.74,699.65,704.29,531410
2026-01-08 15:42:36,713.33,720.41,713.33,717.59,417487
2026-01-08 15:52:36,705.52,705.83,701.71,705.55,111425
2026-01-09 09:32:36,680.08,681.67,672.57,678.29,95577
2026-01-09 09:42:36,671.16,677.87,663.14,668.96,428526
2026-01-09 09:52:36,673.05,674.91,672.37,674.91,135782
2026-01-09 10:02:36,683.29,683.37,681.0,681.46,325238
2026-01-09 10:12:36,671.7,673.38,669.38,669.38,322754
2026-01-09 10:22:36,675.33,677.68,671.65,677.14,579054
2026-01-09 10:32:36,679.09,682.41,675.37,680.35,112352
2026-01-09 10:42:36,666.73,668.15,666.0,666.0,112988
2026-01-09 10:52:36,656.59,658.85,651.12,657.46,407792
2026-01-09 11:02:36,578.51,581.05,574.05,579.81,186053
2026-01-09 11:12:36,594.33,596.11,586.67,595.46,60653
2026-01-09 11:22:36,616.24,617.91,616.07,617.91,286584
2026-01-09 11:32:36,618.1,622.82,617.2,619.05,342589
2026-01-09 11:42:36,626.69,628.08,625.44,627.09,111527
2026-01-09 11:52:36,640.32,640.32,632.14,636.04,186096
2026-01-09 12:02:36,609.69,611.86,607.77,609.13,109354
2026-01-09 12:12:36,601.28,603.42,599.83,601.19,310593
2026-01-09 12:22:36,582.52,586.05,580.82,583.07,200231
2026-01-09 12:32:36,578.23,581.23,574.58,577.39,273720
2026-01-09 12:42:36,590.43,592.2,586.06,591.58,198874
2026-01-09 12:52:36,589.3,590.17,584.85,587.45,370041
2026-01-09 13:02:36,593.99,594.62,591.83,592.31,257189
2026-01-09 13:12:36,585.49,590.42,584.87,589.73,397538
2026-01-09 13:22:36,580.02,581.4,579.39,579.73,300617
2026-01-09 13:32:36,568.54,572.86,567.65,572.86,320737
2026-01-09 13:42:36,547.85,554.94,546.08,550.19,190846
2026-01-09 13:52:36,542.47,544.02,541.02,541.02,219437
2026-01-09 14:02:36,570.9,577.94,568.87,571.0,275205
2026-01-09 14:12:36,562.62,569.44,562.62,566.0,64285
2026-01-09 14:22:36,590.17,591.65,586.91,590.71,199747
2026-01-09 14:32:36,591.61,598.02,591.61,594.58,193449
2026-01-09 14:42:36,610.26,611.57,609.23,610.58,248346
2026-01-09 14:52:36,593.34,593.34,583.6,590.3,357005
2026-01-09 15:02:36,597.1,601.4,592.03,595.25,191214
2026-01-09 15:12:36,606.49,608.7,601.72,607.3,274612
2026-01-09 15:22:36,604.37,604.37,596.16,601.13,427614
2026-01-09 15:32:36,594.54,597.36,594.42,595.13,130501
2026-01-09 15:42:36,589.92,593.87,589.92,592.25,155990
2026-01-09 15:52:36,590.55,593.45,585.43,589.89,360319
2026-01-12 09:32:36,581.83,582.05,579.59,579.59,290911
2026-01-12 09:42:36,574.11,579.66,569.33,576.61,82813
2026-01-12 09:52:36,570.41,572.54,566.92,570.4,136809
2026-01-12 10:02:36,561.75,564.68,557.74,560.78,48671
2026-01-12 10:12:36,550.2,554.96,550.2,551.61,202826
2026-01-12 10:22:36,535.26,540.82,535.26,536.02,261833
2026-01-12 10:32:36,526.45,526.45,525.79,526.34,142960
2026-01-12 10:42:36,545.68,547.62,542.77,547.62,110348
2026-01-12 10:52:36,544.45,549.91,544.45,547.15,231246
2026-01-12 11:02:36,526.64,530.11,525.79,525.79,209076
2026-01-12 11:12:36,533.78,539.04,532.45,534.97,180055
2026-01-12 11:22:36,530.13,532.76,530.13,531.19,227928
2026-01-12 11:32:36,512.46,517.31,510.03,512.65,24602
2026-01-12 11:42:36,520.21,521.83,517.64,517.64,245305
2026-01-12 11:52:36,528.77,529.97,528.0,528.0,147002
2026-01-12 12:02:36,533.05,535.81,533.05,534.48,90969
2026-01-12 12:12:36,537.09,537.12,536.72,536.93,206656
2026-01-12 12:22:36,543.15,546.17,543.15,546.17,175582
2026-01-12 12:32:36,547.69,551.0,547.69,549.31,51791
2026-01-12 12:42:36,526.6,530.26,524.59,525.94,114923
2026-01-12 12:52:36,523.01,524.31,523.01,523.06,90757
2026-01-12 13:02:36,518.48,519.58,515.38,517.5,33210
2026-01-12 13:12:36,519.4,521.3,515.35,518.52,93008
2026-01-12 13:22:36,524.07,526.82,521.15,521.79,250061
2026-01-12 13:32:36,518.65,520.01,516.43,518.18,68019
2026-01-12 13:42:36,516.65,522.48,516.65,518.67,123083
2026-01-12 13:52:36,509.92,514.11,509.92,511.8,50817
2026-01-12 14:02:36,544.96,548.43,543.2,543.91,38632
2026-01-12 14:12:36,539.28,542.84,539.28,540.9,198245
2026-01-12 14:22:36,535.36,537.46,535.36,537.46,55042
2026-01-12 14:32:36,534.55,536.86,533.41,536.06,47727
2026-01-12 14:42:36,526.24,529.53,524.92,524.92,176596
2026-01-12 14:52:36,526.76,531.54,526.76,527.9,110280
2026-01-12 15:02:36,501.28,502.64,500.66,501.39,47372
2026-01-12 15:12:36,510.77,512.23,508.94,509.77,185126
2026-01-12 15:22:36,518.89,519.68,515.52,519.68,80267
2026-01-12 15:32:36,524.85,527.41,524.85,525.93,212058
2026-01-12 15:42:36,521.85,527.05,520.83,520.83,35726
2026-01-12 15:52:36,534.43,538.86,534.15,536.76,52969
2026-01-13 09:32:36,544.23,547.16,542.05,543.37,187262
2026-01-13 09:42:36,534.35,535.37,531.14,531.26,177110
2026-01-13 09:52:36,549.93,549.93,545.92,548.31,258320
2026-01-13 10:02:36,563.52,565.02,557.88,562.48,333390
2026-01-13 10:12:36,534.7,536.82,532.81,534.14,176524
2026-01-13 10:22:36,531.92,534.77,526.88,530.96,237358
2026-01-13 10:32:36,517.62,524.16,517.62,519.33,53469
2026-01-13 10:42:36,533.81,534.14,531.43,532.9,151660
2026-01-13 10:52:36,530.34,532.25,528.0,531.44,87721
2026-01-13 11:02:36,529.01,529.01,525.4,527.2,108080
2026-01-13 11:12:36,529.62,531.7,529.24,531.14,220953
2026-01-13 11:22:36,543.96,545.31,540.3,545.03,53506
2026-01-13 11:32:36,530.35,531.34,528.51,530.89,168807
2026-01-13 11:42:36,537.66,539.39,532.89,532.89,179797
2026-01-13 11:52:36,530.25,532.71,530.25,532.71,89442
2026-01-13 12:02:36,527.21,529.58,523.26,525.63,144417
2026-01-13 12:12:36,517.08,519.19,514.51,518.61,110563
2026-01-13 12:22:36,516.15,518.78,514.84,516.1,220496
2026-01-13 12:32:36,508.82,511.03,508.58,508.58,180625
2026-01-13 12:42:36,517.6,523.72,516.16,518.86,193276
2026-01-13 12:52:36,516.0,522.31,514.83,514.83,71262
2026-01-13 13:02:36,515.59,518.97,513.68,517.01,57231
2026-01-13 13:12:36,521.04,521.36,517.46,519.25,88290
2026-01-13 13:22:36,514.33,515.94,511.29,513.47,123074
2026-01-13 13:32:36,526.48,526.48,523.53,526.15,239240
2026-01-13 13:42:36,550.14,550.88,548.25,549.32,107095
2026-01-13 13:52:36,537.38,539.93,533.63,538.87,212404
2026-01-13 14:02:36,572.23,575.73,569.4,571.04,192430
2026-01-13 14:12:36,579.04,583.7,578.54,578.54,252500
2026-01-13 14:22:36,573.8,577.07,573.8,575.03,348846
2026-01-13 14:32:36,575.22,579.85,574.79,575.71,65868
2026-01-13 14:42:36,578.18,578.18,572.93,576.52,371912
2026-01-13 14:52:36,589.2,595.37,588.33,589.56,389347
2026-01-13 15:02:36,581.99,582.06,579.37,579.76,200211
2026-01-13 15:12:36,581.32,582.54,579.89,582.54,357899
2026-01-13 15:22:36,588.49,594.93,588.49,594.12,287559
2026-01-13 15:32:36,618.63,622.81,617.05,617.05,452161
2026-01-13 15:42:36,614.97,618.1,613.88,616.77,205825
2026-01-13 15:52:36,612.3,612.87,610.55,612.87,51291
2026-01-14 09:32:36,605.1,605.1,603.0,604.2,284257
2026-01-14 09:42:36,618.99,618.99,614.56,614.99,387825
2026-01-14 09:52:36,613.36,614.3,611.99,614.3,122321
2026-01-14 10:02:36,608.36,613.29,606.92,606.92,235880
2026-01-14 10:12:36,578.75,581.99,578.43,578.43,314132
2026-01-14 10:22:36,577.76,582.37,575.64,575.64,48050
2026-01-14 10:32:36,578.1,583.47,578.1,578.61,370088
2026-01-14 10:42:36,558.7,561.46,558.7,561.46,69643
2026-01-14 10:52:36,565.65,570.81,565.65,568.58,283251
2026-01-14 11:02:36,534.73,537.03,534.13,536.88,94897
2026-01-14 11:12:36,523.72,527.07,523.72,525.68,45220
2026-01-14 11:22:36,524.26,525.49,522.63,525.28,209998
2026-01-14 11:32:36,516.07,520.44,516.07,518.31,204082
2026-01-14 11:42:36,511.93,516.8,511.93,512.29,52393
2026-01-14 11:52:36,529.95,530.15,526.74,528.14,242529
2026-01-14 12:02:36,522.78,526.14,522.78,524.39,184305
2026-01-14 12:12:36,535.96,535.96,532.99,535.94,127919
2026-01-14 12:22:36,537.37,538.66,535.88,538.66,155573
2026-01-14 12:32:36,534.09,534.38,531.96,534.38,230592
2026-01-14 12:42:36,551.25,551.25,546.85,546.99,128403
2026-01-14 12:52:36,559.64,566.0,558.03,561.96,36746
2026-01-14 13:02:36,564.42,564.42,560.17,562.55,189530
2026-01-14 13:12:36,570.78,571.19,565.85,565.85,124448
2026-01-14 13:22:36,551.09,554.51,550.97,551.11,235226
2026-01-14 13:32:36,539.21,543.29,535.59,543.29,71722
2026-01-14 13:42:36,534.57,537.24,531.73,537.17,274677
2026-01-14 13:52:36,523.13,524.13,521.61,524.13,168284
2026-01-14 14:02:36,550.14,553.86,545.81,550.07,219523
2026-01-14 14:12:36,522.43,528.5,522.26,524.54,41243
2026-01-14 14:22:36,517.07,521.56,516.88,521.56,104494
2026-01-14 14:32:36,535.17,537.45,531.54,533.19,62471
2026-01-14 14:42:36,527.29,530.08,522.65,525.37,219740
2026-01-14 14:52:36,526.62,528.11,525.19,527.55,208681
2026-01-14 15:02:36,530.73,531.41,528.3,528.3,158566
2026-01-14 15:12:36,522.37,526.25,522.37,524.55,168809
2026-01-14 15:22:36,544.26,545.55,542.88,543.48,258717
2026-01-14 15:32:36,556.84,556.84,549.23,555.29,119009
2026-01-14 15:42:36,568.36,571.04,560.26,569.89,56446
2026-01-14 15:52:36,565.5,567.19,564.11,564.78,214527
2026-01-15 09:32:36,577.63,581.52,573.63,576.82,196827
2026-01-15 09:42:36,592.4,597.91,592.4,593.75,304242
2026-01-15 09:52:36,594.57,594.57,589.47,591.7,143195
2026-01-15 10:02:36,571.19,571.19,565.18,569.03,217229
2026-01-15 10:12:36,566.33,572.0,563.03,567.95,43462
2026-01-15 10:22:36,570.83,575.62,565.59,568.76,355603
2026-01-15 10:32:36,565.78,567.32,563.83,566.16,122792
2026-01-15 10:42:36,582.15,585.16,579.59,584.23,365936
2026-01-15 10:52:36,586.93,587.65,580.28,587.03,334995
2026-01-15 11:02:36,547.8,549.7,547.72,549.65,206109
2026-01-15 11:12:36,548.21,548.21,545.62,546.32,227640
2026-01-15 11:22:36,536.55,541.3,536.04,536.24,271762
2026-01-15 11:32:36,526.64,528.49,526.01,526.91,219349
2026-01-15 11:42:36,526.14,530.0,526.14,529.51,261401
2026-01-15 11:52:36,538.32,540.72,533.38,539.25,215140
2026-01-15 12:02:36,548.91,551.86,543.18,547.3,264749
2026-01-15 12:12:36,534.24,536.26,532.32,533.78,273479
2026-01-15 12:22:36,551.63,552.2,547.47,548.98,81761
2026-01-15 12:32:36,547.57,552.46,546.8,548.3,115923
2026-01-15 12:42:36,554.26,559.04,554.26,557.36,292755
2026-01-15 12:52:36,556.17,559.64,556.17,559.64,177791
2026-01-15 13:02:36,557.15,560.2,557.15,559.82,102601
2026-01-15 13:12:36,556.91,557.86,556.13,557.45,45440
2026-01-15 13:22:36,553.64,557.24,551.69,552.92,278288
2026-01-15 13:32:36,559.27,562.53,558.63,560.73,271682
2026-01-15 13:42:36,567.45,567.96,565.59,567.0,85706
2026-01-15 13:52:36,563.13,564.44,560.03,560.6,36579
2026-01-15 14:02:36,618.34,619.47,613.34,616.89,126124
2026-01-15 14:12:36,628.31,631.17,623.55,629.92,63106
2026-01-15 14:22:36,606.32,609.59,603.23,607.88,205203
2026-01-15 14:32:36,589.35,591.42,586.85,587.45,122721
2026-01-15 14:42:36,600.85,606.02,600.75,602.54,406476
2026-01-15 14:52:36,597.84,601.44,597.13,599.74,346482
2026-01-15 15:02:36,594.12,595.5,593.01,594.27,183828
2026-01-15 15:12:36,609.38,611.37,607.15,610.59,250412
2026-01-15 15:22:36,630.12,633.75,623.2,629.99,438250
2026-01-15 15:32:36,601.62,611.01,601.62,604.89,115563
2026-01-15 15:42:36,607.29,612.42,604.41,606.2,362581
2026-01-15 15:52:36,604.32,606.16,604.32,606.16,53489
2026-01-16 09:32:36,600.8,602.37,597.86,597.86,301182
2026-01-16 09:42:36,608.67,614.03,607.4,609.69,69783
2026-01-16 09:52:36,588.02,588.84,583.83,583.84,130914
2026-01-16 10:02:36,606.82,611.45,602.93,607.36,222001
2026-01-16 10:12:36,606.14,607.52,599.64,603.22,420813
2026-01-16 10:22:36,600.79,607.9,598.59,598.59,232885
2026-01-16 10:32:36,573.16,576.73,573.16,573.86,346852
2026-01-16 10:42:36,580.63,583.77,576.09,583.64,182379
2026-01-16 10:52:36,581.68,587.35,581.68,584.33,256355
2026-01-16 11:02:36,552.43,554.2,549.75,553.17,167671
2026-01-16 11:12:36,555.2,558.3,553.03,553.03,226136
2026-01-16 11:22:36,558.76,559.7,556.71,559.7,170365
2026-01-16 11:32:36,547.29,551.37,546.42,550.7,116134
2026-01-16 11:42:36,545.3,547.86,543.93,544.38,66790
2026-01-16 11:52:36,548.09,552.86,544.09,545.75,35294
2026-01-16 12:02:36,535.96,536.92,529.53,536.41,83445
2026-01-16 12:12:36,540.21,545.83,538.58,538.58,62872
2026-01-16 12:22:36,534.55,534.55,530.92,532.42,168234
2026-01-16 12:32:36,532.07,535.45,529.41,534.2,50927
2026-01-16 12:42:36,538.54,543.36,534.05,536.01,91550
2026-01-16 12:52:36,533.93,538.32,533.42,535.2,218501
2026-01-16 13:02:36,536.82,539.78,536.82,537.08,78437
2026-01-16 13:12:36,553.42,555.3,552.64,554.91,47135
2026-01-16 13:22:36,549.2,549.43,547.7,549.43,165594
2026-01-16 13:32:36,548.24,548.24,545.23,546.08,296127
2026-01-16 13:42:36,538.55,540.29,537.64,540.29,80536
2026-01-16 13:52:36,543.98,543.98,536.19,540.34,158462
2026-01-16 14:02:36,578.44,582.2,577.73,580.55,218332
2026-01-16 14:12:36,582.13,584.82,578.78,581.74,343561
2026-01-16 14:22:36,572.13,572.13,568.93,571.39,282130
2026-01-16 14:32:36,563.97,563.97,560.63,562.73,304784
2026-01-16 14:42:36,564.25,564.25,559.13,562.94,108279
2026-01-16 14:52:36,557.83,561.0,554.12,558.99,120300
2026-01-16 15:02:36,560.52,562.33,556.04,559.12,330476
2026-01-16 15:12:36,575.6,575.6,574.51,574.51,319241
2026-01-16 15:22:36,573.97,576.52,566.07,570.22,246021
2026-01-16 15:32:36,566.04,566.58,563.51,566.58,254280
2026-01-16 15:42:36,559.94,561.89,559.75,561.89,35998
2026-01-16 15:52:36,542.52,545.63,540.73,545.63,310186
2026-01-19 09:32:36,545.82,549.25,544.42,546.18,115518
2026-01-19 09:42:36,535.66,538.03,534.15,536.32,42114
2026-01-19 09:52:36,531.98,533.84,528.78,533.68,53971
2026-01-19 10:02:36,529.5,531.64,527.35,527.35,269831
2026-01-19 10:12:36,520.43,525.65,519.46,521.87,244816
2026-01-19 10:22:36,526.19,532.28,526.19,527.53,188875
2026-01-19 10:32:36,524.28,524.28,518.44,521.83,254773
2026-01-19 10:42:36,525.61,531.33,525.48,526.4,129871
2026-01-19 10:52:36,532.84,532.89,531.31,532.27,206207
2026-01-19 11:02:36,517.45,519.81,514.2,515.21,207565
2026-01-19 11:12:36,516.89,518.0,512.24,515.04,58559
2026-01-19 11:22:36,529.66,531.42,529.29,531.42,203132
2026-01-19 11:32:36,532.32,532.32,530.14,531.9,165186
2026-01-19 11:42:36,531.13,533.76,527.74,531.24,63217
2026-01-19 11:52:36,536.16,538.8,531.31,538.8,253252
2026-01-19 12:02:36,537.71,542.8,537.71,538.33,68793
2026-01-19 12:12:36,540.44,541.23,537.92,540.2,128216
2026-01-19 12:22:36,545.83,551.19,542.06,542.06,243383
2026-01-19 12:32:36,536.78,542.06,536.78,538.85,285504
2026-01-19 12:42:36,537.76,538.69,534.0,535.71,180414
2026-01-19 12:52:36,549.48,551.61,544.77,549.38,215360
2026-01-19 13:02:36,543.36,543.71,539.95,539.95,176832
2026-01-19 13:12:36,546.05,547.98,545.34,546.1,189051
2026-01-19 13:22:36,538.33,541.27,536.69,539.53,204387
2026-01-19 13:32:36,516.28,521.2,515.87,518.51,55163
2026-01-19 13:42:36,512.46,517.7,512.46,517.7,81137
2026-01-19 13:52:36,504.21,505.71,504.21,505.71,208914
2026-01-19 14:02:36,514.69,517.14,513.53,515.08,204892
2026-01-19 14:12:36,500.65,504.63,498.25,501.46,125480
2026-01-19 14:22:36,525.97,530.16,525.16,528.56,257530
2026-01-19 14:32:36,539.07,539.07,534.8,536.04,58796
2026-01-19 14:42:36,520.9,526.43,518.31,522.3,97184
2026-01-19 14:52:36,527.54,528.18,527.07,527.7,247652
2026-01-19 15:02:36,554.98,559.32,554.98,555.58,194182
2026-01-19 15:12:36,558.89,567.14,558.89,561.35,243479
2026-01-19 15:22:36,541.65,541.86,535.33,538.22,82312
2026-01-19 15:32:36,530.68,532.16,526.52,529.36,205807
2026-01-19 15:42:36,516.97,517.77,512.35,513.78,187506
2026-01-19 15:52:36,521.01,521.6,516.96,517.65,224141
2026-01-20 09:32:36,493.59,496.18,492.69,494.51,134749
2026-01-20 09:42:36,486.95,490.18,485.27,487.88,105527
2026-01-20 09:52:36,511.07,513.81,510.39,511.36,198342
2026-01-20 10:02:36,514.22,514.58,510.13,510.13,179406
2026-01-20 10:12:36,502.27,502.32,497.87,500.61,157574
2026-01-20 10:22:36,495.65,498.28,491.9,496.22,99012
2026-01-20 10:32:36,483.48,485.43,478.22,482.65,145762
2026-01-20 10:42:36,500.29,502.9,500.16,500.16,102877
2026-01-20 10:52:36,518.0,523.02,515.02,519.71,43562
2026-01-20 11:02:36,496.84,502.32,492.67,496.88,202315
2026-01-20 11:12:36,514.15,519.55,514.15,516.16,105773
2026-01-20 11:22:36,523.5,527.92,523.5,524.9,233837
2026-01-20 11:32:36,526.26,530.06,526.26,527.46,97317
2026-01-20 11:42:36,524.84,527.22,523.95,527.22,159917
2026-01-20 11:52:36,518.84,522.06,518.84,520.67,54855
2026-01-20 12:02:36,508.49,511.79,508.49,510.95,185594
2026-01-20 12:12:36,497.23,500.76,493.67,495.37,168113
2026-01-20 12:22:36,484.08,488.38,480.44,487.48,173578
2026-01-20 12:32:36,498.19,499.66,495.38,498.34,43483
2026-01-20 12:42:36,499.59,504.52,497.41,501.7,197656
2026-01-20 12:52:36,502.16,503.42,493.48,499.01,71165
2026-01-20 13:02:36,510.36,512.62,504.99,508.89,57205
2026-01-20 13:12:36,506.21,506.25,500.13,502.93,172653
2026-01-20 13:22:36,497.55,497.55,494.19,495.78,102580
2026-01-20 13:32:36,490.37,492.44,485.91,487.93,24901
2026-01-20 13:42:36,490.09,493.86,490.09,491.57,193313
2026-01-20 13:52:36,493.35,495.25,490.65,494.41,47467
2026-01-20 14:02:36,512.87,512.87,509.19,510.08,143542
2026-01-20 14:12:36,494.45,494.86,492.09,494.2,162611
2026-01-20 14:22:36,482.79,486.04,480.59,484.19,90914
2026-01-20 14:32:36,478.91,484.18,476.24,476.72,19807
2026-01-20 14:42:36,491.53,495.68,487.7,491.86,117848
2026-01-20 14:52:36,524.51,525.97,524.2,525.12,105578
2026-01-20 15:02:36,552.15,553.66,550.42,551.54,96656
2026-01-20 15:12:36,539.2,540.82,539.0,539.89,78118
2026-01-20 15:22:36,549.46,553.03,548.29,549.55,210026
2026-01-20 15:32:36,548.99,554.08,548.12,554.08,242481
2026-01-20 15:42:36,553.27,556.23,550.83,554.83,124343
2026-01-20 15:52:36,549.87,555.02,546.66,546.93,147605
2026-01-21 09:32:36,561.61,562.5,560.71,561.35,238123
2026-01-21 09:42:36,564.24,564.24,560.89,560.89,343422
2026-01-21 09:52:36,568.45,571.67,564.57,571.67,151909
2026-01-21 10:02:36,579.28,579.6,576.38,578.93,341238
2026-01-21 10:12:36,592.07,592.29,586.93,587.19,56585
2026-01-21 10:22:36,589.29,590.38,586.39,590.38,165434
2026-01-21 10:32:36,593.6,598.59,593.48,597.12,203920
2026-01-21 10:42:36,594.28,596.3,590.48,590.48,208706
2026-01-21 10:52:36,608.87,612.39,608.56,612.39,190049
2026-01-21 11:02:36,558.63,561.66,555.64,561.66,114682
2026-01-21 11:12:36,558.89,559.77,556.26,559.68,46427
2026-01-21 11:22:36,553.39,555.93,553.39,555.93,168219
2026-01-21 11:32:36,561.02,562.89,557.88,562.89,271864
2026-01-21 11:42:36,567.96,574.77,563.32,567.96,319481
2026-01-21 11:52:36,567.39,570.7,567.39,570.7,47585
2026-01-21 12:02:36,564.42,565.4,563.06,564.07,131443
2026-01-21 12:12:36,565.29,568.55,564.8,564.8,223880
2026-01-21 12:22:36,565.68,566.68,562.5,566.68,309114
2026-01-21 12:32:36,579.32,588.38,579.32,580.5,71401
2026-01-21 12:42:36,573.82,575.69,567.96,572.07,96605
2026-01-21 12:52:36,580.21,582.23,580.17,580.17,222866
2026-01-21 13:02:36,576.79,576.95,570.99,575.22,86423
2026-01-21 13:12:36,573.98,579.92,570.82,574.89,39220
2026-01-21 13:22:36,583.31,585.59,579.68,582.77,47323
2026-01-21 13:32:36,580.01,582.23,578.11,581.05,328688
2026-01-21 13:42:36,577.38,578.47,574.27,575.51,304076
2026-01-21 13:52:36,587.59,589.05,585.2,585.2,376040
2026-01-21 14:02:36,647.42,649.12,646.6,649.12,157211
2026-01-21 14:12:36,621.54,629.23,621.54,624.65,253355
2026-01-21 14:22:36,624.3,626.13,620.66,624.55,453899
2026-01-21 14:32:36,636.21,637.52,635.83,636.79,286263
2026-01-21 14:42:36,629.17,633.33,629.17,630.15,240332
2026-01-21 14:52:36,639.98,641.33,639.09,641.33,160947
2026-01-21 15:02:36,635.06,641.02,631.27,637.97,412807
2026-01-21 15:12:36,627.2,627.2,620.05,623.87,120564
2026-01-21 15:22:36,618.68,619.63,615.25,618.46,443315
2026-01-21 15:32:36,633.66,636.41,633.27,635.28,263987
2026-01-21 15:42:36,636.7,638.78,632.22,638.17,464734
2026-01-21 15:52:36,638.46,643.31,637.23,639.46,108471
2026-01-22 09:32:36,628.19,629.23,622.8,622.91,49537
2026-01-22 09:42:36,643.36,651.1,643.33,643.33,200652
2026-01-22 09:52:36,653.34,660.88,653.34,655.16,351382
2026-01-22 10:02:36,668.67,669.25,659.46,666.84,430877
2026-01-22 10:12:36,679.55,679.55,672.54,677.39,323981
2026-01-22 10:22:36,698.53,701.94,695.19,697.66,201446
2026-01-22 10:32:36,702.22,704.27,700.04,700.04,384624
2026-01-22 10:42:36,687.15,687.31,683.43,687.31,368575
2026-01-22 10:52:36,676.65,677.85,675.21,676.63,248760
2026-01-22 11:02:36,623.16,629.64,619.52,622.84,81963
2026-01-22 11:12:36,620.62,625.34,615.45,623.24,180403
2026-01-22 11:22:36,621.2,623.45,617.51,621.87,60518
2026-01-22 11:32:36,620.14,622.95,614.73,622.66,471906
2026-01-22 11:42:36,630.99,632.35,628.24,632.35,106482
2026-01-22 11:52:36,609.45,612.49,605.24,612.49,446528
2026-01-22 12:02:36,621.44,621.56,617.61,620.94,97199
2026-01-22 12:12:36,609.95,611.15,608.47,608.82,142565
2026-01-22 12:22:36,602.14,609.11,601.76,602.52,156029
2026-01-22 12:32:36,603.57,606.42,602.89,606.42,392665
2026-01-22 12:42:36,598.27,600.01,595.52,599.26,345317
2026-01-22 12:52:36,601.97,602.73,599.03,600.57,138485
2026-01-22 13:02:36,607.58,608.56,601.8,605.38,115610
2026-01-22 13:12:36,608.5,614.15,606.75,611.01,429325
2026-01-22 13:22:36,610.14,615.97,608.12,610.27,349859
2026-01-22 13:32:36,604.89,606.77,602.45,606.77,101284
2026-01-22 13:42:36,585.68,585.68,583.42,583.42,76762
2026-01-22 13:52:36,594.83,598.62,594.28,597.79,49480
2026-01-22 14:02:36,666.88,669.92,664.21,666.7,280110
2026-01-22 14:12:36,665.05,670.03,664.98,670.03,140978
2026-01-22 14:22:36,663.07,672.25,663.07,665.12,360969
2026-01-22 14:32:36,681.95,681.95,680.91,681.91,103566
2026-01-22 14:42:36,713.64,713.64,709.83,710.19,208160
2026-01-22 14:52:36,675.79,684.28,675.79,677.14,240594
2026-01-22 15:02:36,672.53,672.53,669.3,669.68,470212
2026-01-22 15:12:36,655.36,659.31,653.4,658.78,489295
2026-01-22 15:22:36,670.28,670.28,662.61,665.94,576825
2026-01-22 15:32:36,667.09,668.34,667.09,668.34,369864
2026-01-22 15:42:36,668.49,671.65,668.49,671.65,252099
2026-01-22 15:52:36,670.53,674.05,670.53,672.24,87993
2026-01-23 09:32:36,662.57,665.86,662.57,665.17,295119
2026-01-23 09:42:36,663.69,666.52,661.28,665.37,291735
2026-01-23 09:52:36,671.82,671.84,664.17,670.95,82531
2026-01-23 10:02:36,659.02,664.32,654.21,655.86,550758
2026-01-23 10:12:36,654.68,656.07,652.94,655.87,97896
2026-01-23 10:22:36,644.97,649.95,643.55,645.54,368701
2026-01-23 10:32:36,628.33,633.05,625.89,633.05,388038
2026-01-23 10:42:36,622.8,627.07,619.12,620.87,156326
2026-01-23 10:52:36,610.14,615.94,608.78,614.03,310471
2026-01-23 11:02:36,573.52,577.41,573.52,577.41,95746
2026-01-23 11:12:36,569.11,570.94,567.1,567.1,315215
2026-01-23 11:22:36,568.84,573.84,565.71,571.0,156521
2026-01-23 11:32:36,578.63,581.7,577.38,578.98,175899
2026-01-23 11:42:36,550.4,553.47,547.08,553.13,130448
2026-01-23 11:52:36,573.25,576.84,573.22,576.84,286778
2026-01-23 12:02:36,569.58,571.5,568.94,570.37,220780
2026-01-23 12:12:36,579.65,585.22,578.88,580.1,233053
2026-01-23 12:22:36,565.24,568.49,563.76,564.64,312434
2026-01-23 12:32:36,579.2,581.04,578.27,579.14,244622
2026-01-23 12:42:36,576.62,579.83,575.83,576.05,315586
2026-01-23 12:52:36,562.22,563.88,559.96,563.88,270173
2026-01-23 13:02:36,568.87,568.87,566.33,567.13,112796
2026-01-23 13:12:36,570.21,574.65,569.58,571.36,356623
2026-01-23 13:22:36,566.71,568.79,564.08,565.15,293923
2026-01-23 13:32:36,564.25,567.53,562.74,564.43,306285
2026-01-23 13:42:36,564.93,567.43,561.57,566.15,179054
2026-01-23 13:52:36,552.7,555.09,550.41,550.41,41798
2026-01-23 14:02:36,601.33,601.46,600.41,601.19,225174
2026-01-23 14:12:36,628.25,634.54,628.25,632.46,382469
2026-01-23 14:22:36,639.28,639.76,638.99,639.67,497017
2026-01-23 14:32:36,622.42,622.42,620.45,622.32,48207
2026-01-23 14:42:36,649.7,652.41,643.7,650.74,476573
2026-01-23 14:52:36,644.41,647.35,641.39,643.1,227297
2026-01-23 15:02:36,644.26,648.69,640.95,641.77,366729
2026-01-23 15:12:36,616.98,618.82,612.83,612.83,432709
2026-01-23 15:22:36,621.82,624.76,620.92,620.92,406966
2026-01-23 15:32:36,617.75,617.75,614.43,614.97,425574
2026-01-23 15:42:36,625.52,629.68,622.25,624.86,409569
2026-01-23 15:52:36,634.03,634.44,630.88,632.8,201308
2026-01-26 09:32:36,630.97,635.92,626.87,632.13,367495
2026-01-26 09:42:36,617.94,619.67,616.68,617.49,76352
2026-01-26 09:52:36,619.05,620.38,616.38,616.78,435286
2026-01-26 10:02:36,608.27,608.27,602.09,607.04,438236
2026-01-26 10:12:36,609.4,610.57,608.51,608.51,300567
2026-01-26 10:22:36,609.18,611.61,602.09,607.94,311876
2026-01-26 10:32:36,593.33,600.25,593.33,594.82,126549
2026-01-26 10:42:36,612.26,614.11,609.99,611.92,85358
2026-01-26 10:52:36,611.97,615.14,610.21,610.21,408000
2026-01-26 11:02:36,566.2,572.96,566.2,570.4,69982
2026-01-26 11:12:36,576.57,577.66,575.17,575.17,128743
2026-01-26 11:22:36,570.36,574.28,566.34,573.59,102329
2026-01-26 11:32:36,566.49,573.31,564.72,568.53,89289
2026-01-26 11:42:36,569.87,572.54,565.39,568.05,356273
2026-01-26 11:52:36,562.03,563.53,560.34,560.34,295184
2026-01-26 12:02:36,572.11,572.11,569.97,569.97,235540
2026-01-26 12:12:36,587.73,588.97,583.46,585.72,242850
2026-01-26 12:22:36,587.85,590.07,586.84,588.6,369421
2026-01-26 12:32:36,586.63,590.95,576.19,585.87,387826
2026-01-26 12:42:36,588.79,588.79,585.2,586.68,177245
2026-01-26 12:52:36,580.33,583.42,579.39,579.39,135660
2026-01-26 13:02:36,596.01,599.1,594.47,594.66,256986
2026-01-26 13:12:36,615.63,616.44,611.52,611.52,257354
2026-01-26 13:22:36,623.48,628.14,622.24,623.37,257982
2026-01-26 13:32:36,640.39,643.14,638.04,638.45,147054
2026-01-26 13:42:36,624.84,628.84,623.22,623.79,475879
2026-01-26 13:52:36,614.34,615.09,612.27,615.09,125449
2026-01-26 14:02:36,692.89,695.14,689.53,689.53,560214
2026-01-26 14:12:36,677.08,680.76,672.51,679.58,234967
2026-01-26 14:22:36,669.87,674.1,667.4,673.13,410184
2026-01-26 14:32:36,672.93,675.32,668.26,672.54,362687
2026-01-26 14:42:36,679.1,680.7,678.9,680.64,498853
2026-01-26 14:52:36,693.28,693.28,689.07,691.63,610504
2026-01-26 15:02:36,715.84,721.11,709.78,715.67,135872
2026-01-26 15:12:36,725.89,727.6,723.74,726.96,73232
2026-01-26 15:22:36,733.21,735.32,731.07,732.72,684533
2026-01-26 15:32:36,740.77,743.58,735.83,740.58,704093
2026-01-26 15:42:36,737.01,737.55,733.92,733.92,288884
2026-01-26 15:52:36,738.93,738.93,735.78,738.0,628114
2026-01-27 09:32:36,722.69,722.78,718.6,722.78,399865
2026-01-27 09:42:36,727.52,727.52,722.38,724.56,686292
2026-01-27 09:52:36,710.9,715.13,706.47,709.83,297395
2026-01-27 10:02:36,700.13,702.22,696.44,696.68,621209
2026-01-27 10:12:36,684.2,685.06,679.93,684.3,146003
2026-01-27 10:22:36,680.86,683.61,680.11,680.66,247746
2026-01-27 10:32:36,667.65,669.72,667.22,669.72,540678
2026-01-27 10:42:36,670.99,675.02,669.25,675.02,220158
2026-01-27 10:52:36,686.71,690.1,684.71,689.24,83805
2026-01-27 11:02:36,611.07,613.74,610.15,610.95,210758
2026-01-27 11:12:36,598.32,598.32,594.63,594.83,233967
2026-01-27 11:22:36,604.08,608.0,601.07,603.5,68775
2026-01-27 11:32:36,590.49,591.8,586.47,588.92,69145
2026-01-27 11:42:36,589.86,591.9,587.91,587.91,97092
2026-01-27 11:52:36,591.72,596.32,590.35,590.35,246181
2026-01-27 12:02:36,590.59,592.56,590.59,592.56,230634
2026-01-27 12:12:36,571.24,571.37,568.57,568.57,217973
2026-01-27 12:22:36,568.92,572.3,567.07,567.53,64494
2026-01-27 12:32:36,558.81,561.03,554.9,557.66,180040
2026-01-27 12:42:36,560.78,563.99,559.36,559.79,204763
2026-01-27 12:52:36,554.93,556.83,554.93,555.73,149952
2026-01-27 13:02:36,553.39,554.85,552.37,552.37,52461
2026-01-27 13:12:36,546.06,547.11,540.08,547.11,161570
2026-01-27 13:22:36,534.03,535.79,529.87,531.94,175310
2026-01-27 13:32:36,522.02,523.76,521.38,522.8,59672
2026-01-27 13:42:36,530.27,530.45,523.08,526.91,80628
2026-01-27 13:52:36,536.56,539.88,536.56,539.88,39664
2026-01-27 14:02:36,574.53,577.24,571.69,574.93,66554
2026-01-27 14:12:36,565.76,570.74,564.74,568.73,287671
2026-01-27 14:22:36,550.92,552.37,548.52,548.52,83014
2026-01-27 14:32:36,547.13,552.14,546.57,546.57,152412
2026-01-27 14:42:36,587.06,588.25,583.34,584.78,273839
2026-01-27 14:52:36,581.68,587.65,578.04,581.68,316832
2026-01-27 15:02:36,565.71,569.83,564.77,565.92,199165
2026-01-27 15:12:36,588.66,592.37,584.63,584.63,67213
2026-01-27 15:22:36,572.08,572.63,570.56,572.31,258944
2026-01-27 15:32:36,573.97,579.13,572.93,574.51,238832
2026-01-27 15:42:36,565.37,566.71,561.66,563.62,225750
2026-01-27 15:52:36,590.7,592.22,590.43,591.06,146237
2026-01-28 09:32:36,592.01,592.34,590.3,592.34,71206
2026-01-28 09:42:36,612.32,612.53,607.8,607.8,229018
2026-01-28 09:52:36,589.53,590.7,586.4,587.17,224607
2026-01-28 10:02:36,574.16,579.27,571.43,571.87,229619
2026-01-28 10:12:36,555.21,555.21,551.46,551.46,286466
2026-01-28 10:22:36,562.9,566.72,562.33,565.17,55154
2026-01-28 10:32:36,556.53,558.29,554.39,557.73,279244
2026-01-28 10:42:36,563.65,567.49,562.3,564.41,129660
2026-01-28 10:52:36,572.2,572.82,568.02,572.82,168754
2026-01-28 11:02:36,537.58,538.9,536.08,536.67,56852
2026-01-28 11:12:36,541.59,546.09,541.59,544.23,167622
2026-01-28 11:22:36,552.59,556.58,552.12,554.99,194965
2026-01-28 11:32:36,556.48,559.1,552.27,559.1,129587
2026-01-28 11:42:36,561.31,561.62,556.8,561.62,225012
2026-01-28 11:52:36,553.36,558.37,553.36,556.81,46720
2026-01-28 12:02:36,562.92,564.33,559.94,559.94,227727
2026-01-28 12:12:36,559.44,559.44,556.4,558.62,239942
2026-01-28 12:22:36,564.16,575.58,561.47,565.12,181915
2026-01-28 12:32:36,572.68,574.37,569.4,574.37,347540
2026-01-28 12:42:36,570.06,573.27,568.44,571.01,215207
2026-01-28 12:52:36,577.42,578.55,575.78,577.68,53475
2026-01-28 13:02:36,571.92,577.23,567.45,577.23,138705
2026-01-28 13:12:36,578.09,580.75,575.97,577.64,65567
2026-01-28 13:22:36,574.92,579.58,574.92,578.13,86347
2026-01-28 13:32:36,564.51,572.89,564.51,565.44,206054
2026-01-28 13:42:36,564.17,566.4,561.39,564.86,334680
2026-01-28 13:52:36,562.26,563.09,558.27,563.09,292353
2026-01-28 14:02:36,609.63,612.42,609.48,612.36,299959
2026-01-28 14:12:36,627.03,627.98,625.83,627.98,395681
2026-01-28 14:22:36,613.75,622.09,613.04,618.31,232738
2026-01-28 14:32:36,618.04,618.38,615.38,617.12,154643
2026-01-28 14:42:36,624.64,624.64,620.93,621.54,322608
2026-01-28 14:52:36,617.11,620.16,616.74,616.74,326901
2026-01-28 15:02:36,617.48,617.48,611.56,616.73,341783
2026-01-28 15:12:36,623.41,625.46,616.56,621.09,318943
2026-01-28 15:22:36,614.08,617.89,609.37,614.38,295203
2026-01-28 15:32:36,619.23,621.81,615.3,620.35,62706
2026-01-28 15:42:36,623.43,628.53,617.53,625.82,233235
2026-01-28 15:52:36,610.34,619.73,604.96,608.76,392574
2026-01-29 09:32:36,606.11,607.12,606.11,606.37,156024
2026-01-29 09:42:36,620.0,624.49,612.36,622.23,230976
2026-01-29 09:52:36,609.47,612.57,607.63,610.76,440019
2026-01-29 10:02:36,602.61,603.98,599.73,603.98,146089
2026-01-29 10:12:36,618.69,619.9,613.34,619.18,152266
2026-01-29 10:22:36,612.37,616.35,612.37,614.42,134613
2026-01-29 10:32:36,617.5,620.21,612.74,616.75,204573
2026-01-29 10:42:36,625.01,625.01,619.59,622.54,328402
2026-01-29 10:52:36,618.74,623.96,618.74,621.98,317047
2026-01-29 11:02:36,573.5,575.96,571.52,574.22,270375
2026-01-29 11:12:36,571.9,573.26,571.07,572.35,321988
2026-01-29 11:22:36,575.3,578.26,571.74,571.74,122682
2026-01-29 11:32:36,581.6,584.01,579.84,582.2,213919
2026-01-29 11:42:36,566.17,566.17,561.53,561.53,217446
2026-01-29 11:52:36,561.36,561.42,558.44,561.22,274348
2026-01-29 12:02:36,553.89,558.98,553.04,555.13,235241
2026-01-29 12:12:36,540.61,544.02,540.61,542.72,288890
2026-01-29 12:22:36,542.8,548.84,541.56,543.28,191958
2026-01-29 12:32:36,531.08,533.58,530.96,531.35,94567
2026-01-29 12:42:36,537.8,538.85,532.64,538.85,197706
2026-01-29 12:52:36,542.03,544.3,542.03,543.28,69328
2026-01-29 13:02:36,546.55,548.8,542.87,543.08,75475
2026-01-29 13:12:36,552.3,554.48,550.49,551.26,203326
2026-01-29 13:22:36,549.93,555.31,546.28,553.27,296305
2026-01-29 13:32:36,572.94,578.44,572.94,574.57,173227
2026-01-29 13:42:36,589.88,595.55,589.26,590.09,361551
2026-01-29 13:52:36,598.51,602.01,590.49,602.01,133072
2026-01-29 14:02:36,650.23,651.61,648.84,651.61,186857
2026-01-29 14:12:36,657.74,662.53,656.12,662.53,243387
2026-01-29 14:22:36,652.41,655.39,650.51,651.02,423564
2026-01-29 14:32:36,655.91,657.18,655.09,655.46,82263
2026-01-29 14:42:36,662.85,663.24,662.3,663.24,69936
2026-01-29 14:52:36,681.24,684.53,678.9,681.92,472348
2026-01-29 15:02:36,667.26,667.3,661.67,664.55,455689
2026-01-29 15:12:36,670.34,677.11,667.34,674.73,253527
2026-01-29 15:22:36,647.01,648.58,640.99,646.13,515227
2026-01-29 15:32:36,653.62,655.95,649.47,654.11,206937
2026-01-29 15:42:36,674.37,676.84,674.01,674.01,287910
2026-01-29 15:52:36,686.28,689.91,685.58,689.91,268671
2026-01-30 09:32:36,677.23,677.31,675.25,676.67,532771
2026-01-30 09:42:36,706.15,708.2,700.11,706.29,607650
2026-01-30 09:52:36,705.8,705.8,698.77,702.86,569704
2026-01-30 10:02:36,689.98,695.28,687.8,688.21,626383
2026-01-30 10:12:36,688.73,695.51,687.16,691.64,479349
2026-01-30 10:22:36,695.84,698.79,694.9,698.79,462807
2026-01-30 10:32:36,687.81,690.31,686.18,688.35,328539
2026-01-30 10:42:36,713.14,713.14,706.99,708.59,414597
2026-01-30 10:52:36,721.87,731.62,720.36,726.22,93836
2026-01-30 11:02:36,661.72,662.68,658.89,660.54,233711
2026-01-30 11:12:36,657.87,657.87,652.66,657.43,378757
2026-01-30 11:22:36,650.26,658.48,650.26,655.6,232063
2026-01-30 11:32:36,648.85,648.85,642.83,646.79,334959
2026-01-30 11:42:36,643.85,644.83,640.75,640.75,408755
2026-01-30 11:52:36,636.5,637.17,633.09,637.17,477100
2026-01-30 12:02:36,631.64,633.53,631.64,633.21,425916
2026-01-30 12:12:36,644.28,647.16,642.23,642.23,250613
2026-01-30 12:22:36,654.46,655.6,652.17,654.0,267872
2026-01-30 12:32:36,621.14,625.16,618.75,623.88,379284
2026-01-30 12:42:36,604.35,605.48,599.08,602.74,260785
2026-01-30 12:52:36,606.61,607.54,603.23,603.23,71749
2026-01-30 13:02:36,608.17,608.46,606.29,606.29,56458
2026-01-30 13:12:36,620.02,623.58,620.02,620.85,330677
2026-01-30 13:22:36,622.01,622.93,621.0,622.93,452614
2026-01-30 13:32:36,606.52,609.72,605.95,609.72,351736
2026-01-30 13:42:36,603.91,604.01,598.34,601.53,422103
2026-01-30 13:52:36,595.02,597.91,592.46,597.91,217222
2026-01-30 14:02:36,650.05,651.88,647.46,650.0,399729
2026-01-30 14:12:36,645.85,651.05,645.85,647.24,54842
2026-01-30 14:22:36,673.57,680.85,672.67,672.67,123971
2026-01-30 14:32:36,668.25,672.94,663.33,668.09,364376
2026-01-30 14:42:36,678.18,682.17,676.33,676.33,404145
2026-01-30 14:52:36,663.88,665.86,663.88,665.86,357397
2026-01-30 15:02:36,642.51,644.67,635.97,644.67,80975
2026-01-30 15:12:36,642.83,648.3,641.3,641.62,309211
2026-01-30 15:22:36,638.63,643.64,632.38,639.02,516580
2026-01-30 15:32:36,623.26,625.93,616.48,622.79,251639
2026-01-30 15:42:36,628.98,630.35,626.96,629.64,144842
2026-01-30 15:52:36,603.58,604.11,599.9,602.89,222226
2026-02-02 09:32:36,604.01,608.67,602.21,603.49,149356
2026-02-02 09:42:36,593.45,594.12,591.39,594.12,264090
2026-02-02 09:52:36,598.12,605.83,593.57,596.87,100202
2026-02-02 10:02:36,581.79,585.69,576.56,580.61,363102
2026-02-02 10:12:36,599.85,603.23,596.62,600.92,401082
2026-02-02 10:22:36,629.31,630.24,626.78,628.64,404502
2026-02-02 10:32:36,614.95,615.88,607.81,611.09,72863
2026-02-02 10:42:36,586.76,593.47,585.19,587.39,349580
2026-02-02 10:52:36,613.5,614.74,612.24,614.74,353711
2026-02-02 11:02:36,579.9,581.26,575.91,578.78,372379
2026-02-02 11:12:36,580.13,581.75,570.39,580.21,345060
2026-02-02 11:22:36,574.0,574.0,571.27,572.63,281114
2026-02-02 11:32:36,577.19,577.19,575.17,575.82,254069
2026-02-02 11:42:36,564.07,564.59,563.02,563.73,173032
2026-02-02 11:52:36,568.93,569.41,563.04,569.17,41779
2026-02-02 12:02:36,563.42,563.42,557.03,560.33,288698
2026-02-02 12:12:36,562.54,565.11,560.8,561.02,166382
2026-02-02 12:22:36,557.15,557.22,552.11,555.47,204814
2026-02-02 12:32:36,554.53,558.37,554.53,556.8,44377
2026-02-02 12:42:36,542.67,544.36,541.28,542.63,117449
2026-02-02 12:52:36,558.61,558.9,557.42,557.47,265431
2026-02-02 13:02:36,557.88,561.9,557.88,561.9,219467
2026-02-02 13:12:36,566.91,566.91,563.2,565.35,186444
2026-02-02 13:22:36,563.66,565.68,561.78,565.53,340556
2026-02-02 13:32:36,551.94,554.95,551.57,553.5,223724
2026-02-02 13:42:36,563.49,563.54,557.98,563.44,35834
2026-02-02 13:52:36,569.36,569.36,567.43,568.54,101835
2026-02-02 14:02:36,612.07,616.01,609.32,613.78,387073
2026-02-02 14:12:36,618.16,620.82,618.16,620.16,312364
2026-02-02 14:22:36,612.82,614.34,611.12,614.34,148602
2026-02-02 14:32:36,638.37,643.24,636.21,639.24,276196
2026-02-02 14:42:36,630.7,635.26,628.74,632.45,143046
2026-02-02 14:52:36,634.27,636.14,630.43,632.73,66198
2026-02-02 15:02:36,612.25,617.58,610.97,613.35,441011
2026-02-02 15:12:36,616.89,618.88,612.71,618.07,389932
2026-02-02 15:22:36,641.64,642.5,638.51,642.5,393052
2026-02-02 15:32:36,628.4,629.76,628.28,628.38,74011
2026-02-02 15:42:36,615.69,616.73,612.81,614.06,147401
2026-02-02 15:52:36,624.81,629.57,620.79,623.49,357290
2026-02-03 09:32:36,641.17,643.36,637.09,641.9,259982
2026-02-03 09:42:36,652.75,654.5,650.95,651.0,73846
2026-02-03 09:52:36,662.41,667.29,661.93,662.86,335667
2026-02-03 10:02:36,635.46,644.92,635.46,639.3,445844
2026-02-03 10:12:36,657.36,660.23,653.02,655.2,265290
2026-02-03 10:22:36,658.8,662.47,658.8,662.47,332142
2026-02-03 10:32:36,651.24,652.41,649.56,649.88,498647
2026-02-03 10:42:36,644.75,645.01,644.09,645.01,523537
2026-02-03 10:52:36,642.0,647.52,641.52,646.22,284399
2026-02-03 11:02:36,594.34,598.94,591.95,598.94,364176
2026-02-03 11:12:36,586.55,590.76,583.67,583.67,290329
2026-02-03 11:22:36,602.49,602.49,597.22,598.83,287956
2026-02-03 11:32:36,599.87,599.87,596.69,597.84,51017
2026-02-03 11:42:36,584.69,588.52,583.3,583.3,123402
2026-02-03 11:52:36,568.98,568.98,566.45,567.0,312750
2026-02-03 12:02:36,563.57,568.53,560.72,562.91,95068
2026-02-03 12:12:36,560.26,561.22,557.96,558.79,210211
2026-02-03 12:22:36,545.8,547.24,545.34,547.24,63567
2026-02-03 12:32:36,545.52,545.63,541.9,542.75,213432
2026-02-03 12:42:36,556.01,557.63,554.9,555.31,207908
2026-02-03 12:52:36,551.99,553.53,548.59,548.59,51107
2026-02-03 13:02:36,566.73,569.3,566.15,566.15,51681
2026-02-03 13:12:36,564.1,572.05,561.61,566.74,262330
2026-02-03 13:22:36,553.43,556.76,552.91,553.55,316420
2026-02-03 13:32:36,553.57,554.76,546.62,553.28,282245
2026-02-03 13:42:36,553.18,554.86,551.65,553.58,105130
2026-02-03 13:52:36,549.62,551.51,548.43,550.62,168879
2026-02-03 14:02:36,559.21,560.88,558.16,558.16,83873
2026-02-03 14:12:36,563.99,566.07,561.33,562.21,40299
2026-02-03 14:22:36,569.44,574.08,567.42,569.37,137431
2026-02-03 14:32:36,560.76,560.76,556.61,556.61,187649
2026-02-03 14:42:36,568.49,569.81,568.1,568.1,306346
2026-02-03 14:52:36,580.2,580.61,578.0,579.56,66632
2026-02-03 15:02:36,545.33,550.94,543.31,549.79,180625
2026-02-03 15:12:36,553.0,554.89,550.48,550.48,297508
2026-02-03 15:22:36,536.18,540.42,534.81,534.81,260682
2026-02-03 15:32:36,522.95,523.53,520.71,522.1,53319
2026-02-03 15:42:36,492.2,493.34,490.29,492.72,29318
2026-02-03 15:52:36,496.7,500.71,494.33,499.3,25160
2026-02-04 09:32:36,495.99,500.15,495.99,500.15,139301
2026-02-04 09:42:36,479.9,480.29,479.29,479.46,111932
2026-02-04 09:52:36,482.16,482.16,478.37,478.37,84797
2026-02-04 10:02:36,470.62,473.56,465.33,471.53,99676
2026-02-04 10:12:36,460.0,461.44,456.86,456.86,96597
2026-02-04 10:22:36,467.66,467.66,459.96,465.92,45636
2026-02-04 10:32:36,465.51,465.51,460.69,463.84,44833
2026-02-04 10:42:36,452.24,453.62,450.45,452.96,26630
2026-02-04 10:52:36,458.73,461.91,458.73,461.91,65655
2026-02-04 11:02:36,454.64,456.98,453.37,456.05,99171
2026-02-04 11:12:36,451.55,454.18,450.3,450.49,57048
2026-02-04 11:22:36,451.44,451.44,443.53,449.03,15780
2026-02-04 11:32:36,441.37,445.85,436.41,442.04,74175
2026-02-04 11:42:36,432.87,435.27,432.0,432.94,98410
2026-02-04 11:52:36,432.58,434.32,426.93,431.13,48586
2026-02-04 12:02:36,432.52,436.46,432.52,435.18,122342
2026-02-04 12:12:36,445.71,448.48,445.13,448.48,83425
2026-02-04 12:22:36,460.63,460.63,457.45,458.61,75031
2026-02-04 12:32:36,459.93,462.27,454.66,458.72,46417
2026-02-04 12:42:36,450.15,452.76,448.3,451.76,90763
2026-02-04 12:52:36,437.66,438.81,436.33,437.6,37199
2026-02-04 13:02:36,438.63,440.45,438.63,440.14,107655
2026-02-04 13:12:36,429.72,433.68,429.72,432.92,21045
2026-02-04 13:22:36,410.76,412.33,409.98,409.98,64820
2026-02-04 13:32:36,418.98,423.99,418.93,418.94,45604
2026-02-04 13:42:36,410.77,410.77,408.82,409.87,125058
2026-02-04 13:52:36,393.53,393.99,391.58,393.24,64929
2026-02-04 14:02:36,320.63,321.3,318.4,318.4,376809
2026-02-04 14:12:36,341.9,344.81,341.75,342.51,140723
2026-02-04 14:22:36,347.61,353.11,345.82,346.62,73303
2026-02-04 14:32:36,342.07,342.07,339.12,341.24,317437
2026-02-04 14:42:36,332.14,333.34,329.84,333.34,344716
2026-02-04 14:52:36,352.71,352.71,350.28,350.9,43540
2026-02-04 15:02:36,342.32,343.76,341.3,342.66,37699
2026-02-04 15:12:36,343.92,345.38,340.1,344.01,205033
2026-02-04 15:22:36,367.25,367.97,363.8,365.45,276987
2026-02-04 15:32:36,357.38,357.88,355.61,356.93,106829
2026-02-04 15:42:36,359.58,360.43,357.21,360.43,57022
2026-02-04 15:52:36,355.66,359.07,353.91,358.07,192592
2026-02-05 09:32:36,365.13,369.07,365.13,369.07,85689
2026-02-05 09:42:36,356.71,358.39,355.69,357.53,303510
2026-02-05 09:52:36,358.61,358.61,354.95,358.57,158204
2026-02-05 10:02:36,329.12,331.37,327.88,329.9,330523
2026-02-05 10:12:36,339.78,339.78,337.66,338.39,207788
2026-02-05 10:22:36,321.56,322.72,320.28,322.56,366844
2026-02-05 10:32:36,344.64,345.62,341.27,345.34,197110
2026-02-05 10:42:36,345.6,347.08,343.95,343.95,203202
2026-02-05 10:52:36,344.12,345.24,339.71,342.84,260468
2026-02-05 11:02:36,388.02,389.61,388.02,389.53,183176
2026-02-05 11:12:36,395.51,396.26,393.41,395.08,79381
2026-02-05 11:22:36,397.89,397.89,394.95,395.99,110972
2026-02-05 11:32:36,396.44,399.42,392.73,399.12,69234
2026-02-05 11:42:36,403.73,407.25,401.77,401.77,56598
2026-02-05 11:52:36,413.22,414.91,411.76,414.59,38217
2026-02-05 12:02:36,407.46,409.67,407.34,408.33,82370
2026-02-05 12:12:36,411.97,411.97,410.7,410.7,158439
2026-02-05 12:22:36,412.02,414.06,411.21,412.19,131743
2026-02-05 12:32:36,409.28,413.0,408.32,409.73,172348
2026-02-05 12:42:36,409.89,410.98,408.05,409.46,59810
2026-02-05 12:52:36,398.4,398.49,397.51,398.29,150345
2026-02-05 13:02:36,393.41,393.63,389.65,392.42,172368
2026-02-05 13:12:36,399.15,400.47,395.3,400.47,180175
2026-02-05 13:22:36,384.47,386.29,384.28,384.85,204861
2026-02-05 13:32:36,378.44,381.0,378.44,380.46,55787
2026-02-05 13:42:36,384.13,385.95,382.3,383.02,37737
2026-02-05 13:52:36,383.53,384.57,383.37,383.62,204841
2026-02-05 14:02:36,317.41,317.41,315.34,316.44,79683
2026-02-05 14:12:36,322.53,327.83,320.98,321.1,78942
2026-02-05 14:22:36,322.7,322.7,320.8,320.8,264318
2026-02-05 14:32:36,329.04,330.43,328.22,330.36,200447
2026-02-05 14:42:36,359.29,361.76,358.46,360.34,71851
2026-02-05 14:52:36,368.47,369.15,366.82,368.62,72740
2026-02-05 15:02:36,368.82,371.2,368.14,369.91,276639
2026-02-05 15:12:36,358.83,360.62,358.72,360.29,106800
2026-02-05 15:22:36,376.28,377.59,373.79,377.59,248338
2026-02-05 15:32:36,357.6,357.95,355.76,355.87,137855
2026-02-05 15:42:36,356.71,358.12,356.35,357.51,116787
2026-02-05 15:52:36,353.8,354.54,353.19,354.09,233079
2026-02-06 09:32:36,349.84,351.13,347.77,351.13,244988
2026-02-06 09:42:36,351.63,351.63,348.92,349.13,272730
2026-02-06 09:52:36,353.17,356.4,352.29,352.44,176725
2026-02-06 10:02:36,327.86,327.86,325.98,325.98,223211
2026-02-06 10:12:36,316.64,316.96,316.01,316.96,52943
2026-02-06 10:22:36,317.1,319.12,315.96,316.69,87667
2026-02-06 10:32:36,318.78,319.82,318.78,319.17,375203
2026-02-06 10:42:36,306.7,310.08,306.7,308.22,239790
2026-02-06 10:52:36,302.18,304.91,301.37,302.71,214212
2026-02-06 11:02:36,341.18,344.25,340.35,340.35,112095
2026-02-06 11:12:36,329.2,330.93,326.66,326.66,262990
2026-02-06 11:22:36,345.21,347.02,345.21,346.42,176371
2026-02-06 11:32:36,329.08,329.08,326.25,327.18,220087
2026-02-06 11:42:36,342.09,342.71,340.63,342.13,41784
2026-02-06 11:52:36,341.72,341.77,337.63,341.5,251194
2026-02-06 12:02:36,328.65,331.61,328.65,329.92,211049
2026-02-06 12:12:36,329.59,330.98,326.42,327.66,169290
2026-02-06 12:22:36,327.3,327.7,327.1,327.1,269439
2026-02-06 12:32:36,320.51,320.9,320.2,320.9,128024
2026-02-06 12:42:36,320.63,323.0,320.63,321.2,74811
2026-02-06 12:52:36,326.99,329.06,326.47,327.62,346541
2026-02-06 13:02:36,311.18,311.61,310.27,311.44,298000
2026-02-06 13:12:36,301.77,302.09,299.22,301.58,424749
2026-02-06 13:22:36,309.29,310.32,308.88,310.25,114806
2026-02-06 13:32:36,303.36,304.72,303.0,303.46,396800
2026-02-06 13:42:36,298.91,302.1,298.91,301.45,203898
2026-02-06 13:52:36,305.03,306.46,305.03,306.37,344383
2026-02-06 14:02:36,199.78,199.82,197.98,198.35,208219
2026-02-06 14:12:36,195.35,197.37,195.35,196.09,229096
2026-02-06 14:22:36,209.53,209.66,207.25,208.36,611643
2026-02-06 14:32:36,207.39,209.5,207.39,208.33,459202
2026-02-06 14:42:36,201.28,201.28,200.08,200.43,341833
2026-02-06 14:52:36,186.1,186.94,185.68,186.29,170463
2026-02-06 15:02:36,196.12,196.12,194.58,195.36,505586
2026-02-06 15:12:36,214.47,215.53,213.43,214.36,337225
2026-02-06 15:22:36,226.98,227.75,226.54,227.75,525871
2026-02-06 15:32:36,248.46,250.42,246.89,249.95,436837
2026-02-06 15:42:36,244.9,247.31,243.43,244.27,100633
2026-02-06 15:52:36,248.23,250.54,247.65,247.89,391722
2026-02-09 09:32:36,263.5,266.07,263.5,264.2,186400
2026-02-09 09:42:36,277.25,278.37,276.74,277.88,343914
2026-02-09 09:52:36,271.44,272.07,270.21,272.07,230896
2026-02-09 10:02:36,265.36,268.88,264.1,265.85,360832
2026-02-09 10:12:36,264.49,266.63,264.49,266.63,204267
2026-02-09 10:22:36,270.95,271.23,268.78,270.0,260176
2026-02-09 10:32:36,283.59,283.85,282.27,282.27,271111
2026-02-09 10:42:36,273.66,276.95,273.12,273.12,462607
2026-02-09 10:52:36,270.29,270.72,268.42,270.72,458538
2026-02-09 11:02:36,345.07,346.22,342.3,344.47,283318
2026-02-09 11:12:36,340.2,340.2,336.59,339.56,254564
2026-02-09 11:22:36,348.65,350.12,348.32,349.11,132846
2026-02-09 11:32:36,349.51,351.94,346.2,349.05,285155
2026-02-09 11:42:36,363.85,366.35,361.64,366.35,91834
2026-02-09 11:52:36,376.64,376.64,375.25,376.22,51977
2026-02-09 12:02:36,376.28,376.46,374.56,376.46,164732
2026-02-09 12:12:36,368.79,368.79,366.28,366.28,233166
2026-02-09 12:22:36,368.86,368.86,364.16,368.58,112813
2026-02-09 12:32:36,366.54,367.97,365.45,365.45,142117
2026-02-09 12:42:36,378.98,380.3,377.23,379.45,196398
2026-02-09 12:52:36,379.87,381.14,379.87,381.14,164132
2026-02-09 13:02:36,386.74,387.86,386.74,387.18,33000
2026-02-09 13:12:36,381.92,383.74,380.09,381.01,176228
2026-02-09 13:22:36,376.63,380.44,376.17,377.02,209662
2026-02-09 13:32:36,377.31,377.77,375.52,377.77,243809
2026-02-09 13:42:36,378.49,380.5,375.96,375.96,155396
2026-02-09 13:52:36,382.19,382.25,378.05,379.89,41911
2026-02-09 14:02:36,342.5,345.27,342.5,344.39,35175
2026-02-09 14:12:36,337.61,339.53,337.61,338.43,149932
2026-02-09 14:22:36,352.46,353.69,350.34,351.96,198336
2026-02-09 14:32:36,384.05,385.76,383.98,384.03,153262
2026-02-09 14:42:36,368.41,370.12,368.29,368.46,107562
2026-02-09 14:52:36,371.93,374.3,370.52,373.45,256886
2026-02-09 15:02:36,351.74,353.18,350.85,353.18,71596
2026-02-09 15:12:36,356.14,357.89,355.34,355.99,249234
2026-02-09 15:22:36,362.94,365.93,361.38,363.32,159080
2026-02-09 15:32:36,360.02,363.04,359.88,360.95,153395
2026-02-09 15:42:36,339.79,341.11,339.18,339.55,68325
2026-02-09 15:52:36,344.7,344.7,341.92,341.92,142874
2026-02-10 09:32:36,306.02,307.61,305.25,306.13,350151
2026-02-10 09:42:36,284.39,287.85,283.25,284.67,397855
2026-02-10 09:52:36,283.24,283.26,281.76,282.87,298382
2026-02-10 10:02:36,286.37,286.37,285.37,286.14,108746
2026-02-10 10:12:36,303.0,303.0,300.04,302.76,142274
2026-02-10 10:22:36,313.0,314.15,312.88,314.15,357456
2026-02-10 10:32:36,296.52,296.52,293.66,293.66,408005
2026-02-10 10:42:36,296.61,299.13,296.21,299.13,411280
2026-02-10 10:52:36,310.64,311.85,309.83,310.4,283790
2026-02-10 11:02:36,364.64,368.78,363.38,367.93,278616
2026-02-10 11:12:36,374.56,376.42,369.91,376.42,176105
2026-02-10 11:22:36,365.51,365.51,359.18,362.9,43418
2026-02-10 11:32:36,378.39,382.49,378.21,379.04,65072
2026-02-10 11:42:36,383.66,385.37,381.34,384.0,232721
2026-02-10 11:52:36,386.75,388.76,384.78,386.08,53472
2026-02-10 12:02:36,393.44,396.94,391.28,394.65,63035
2026-02-10 12:12:36,391.49,392.27,389.77,392.27,199199
2026-02-10 12:22:36,393.6,395.34,391.98,394.25,94581
2026-02-10 12:32:36,385.23,385.96,382.31,383.77,186359
2026-02-10 12:42:36,384.34,388.41,384.34,385.75,86518
2026-02-10 12:52:36,373.42,374.76,372.47,373.96,102382
2026-02-10 13:02:36,375.67,377.65,374.17,377.65,62584
2026-02-10 13:12:36,383.04,383.04,380.08,380.08,104938
2026-02-10 13:22:36,380.77,382.77,380.13,380.44,56456
2026-02-10 13:32:36,367.15,368.54,365.7,368.02,272093
2026-02-10 13:42:36,372.37,375.56,371.8,371.8,210371
2026-02-10 13:52:36,362.52,365.58,362.52,365.0,271523
2026-02-10 14:02:36,315.77,322.01,315.52,317.41,195738
2026-02-10 14:12:36,328.84,329.63,326.1,328.15,78991
2026-02-10 14:22:36,337.14,337.14,335.88,336.88,116897
2026-02-10 14:32:36,351.19,352.37,350.17,352.09,284715
2026-02-10 14:42:36,327.95,331.14,326.51,328.9,125279
2026-02-10 14:52:36,341.31,345.41,340.59,342.33,68362
2026-02-10 15:02:36,334.84,335.7,332.9,335.29,125888
2026-02-10 15:12:36,352.62,355.03,352.01,352.02,254133
2026-02-10 15:22:36,349.03,350.16,348.45,350.16,150088
2026-02-10 15:32:36,334.25,334.9,332.59,334.71,340707
2026-02-10 15:42:36,312.96,314.59,309.78,312.27,170063
2026-02-10 15:52:36,321.97,323.92,321.5,322.99,136737
2026-02-11 09:32:36,329.93,330.62,329.76,330.62,79865
2026-02-11 09:42:36,340.66,342.39,340.66,341.99,177857
2026-02-11 09:52:36,348.7,350.47,346.71,349.51,42707
2026-02-11 10:02:36,364.76,366.19,363.81,365.1,140419
2026-02-11 10:12:36,371.63,371.63,369.04,370.65,246377
2026-02-11 10:22:36,369.14,369.55,367.78,367.78,188367
2026-02-11 10:32:36,367.84,367.84,364.22,366.75,225570
2026-02-11 10:42:36,379.72,380.74,377.47,379.68,73579
2026-02-11 10:52:36,376.93,378.15,375.84,376.09,116836
2026-02-11 11:02:36,417.58,417.58,415.95,416.97,92969
2026-02-11 11:12:36,405.77,407.62,404.81,404.81,180784
2026-02-11 11:22:36,400.22,401.77,398.36,399.73,188247
2026-02-11 11:32:36,398.55,398.68,394.5,397.46,66862
2026-02-11 11:42:36,387.61,391.15,387.61,390.42,197874
2026-02-11 11:52:36,388.41,388.41,386.58,386.68,39791
2026-02-11 12:02:36,385.96,385.96,383.1,383.71,91045
2026-02-11 12:12:36,367.32,367.48,366.4,366.98,236374
2026-02-11 12:22:36,361.06,364.28,360.93,361.67,122175
2026-02-11 12:32:36,375.27,377.26,375.27,377.26,208919
2026-02-11 12:42:36,377.62,378.49,373.2,377.6,133105
2026-02-11 12:52:36,373.12,376.13,373.12,373.13,95260
2026-02-11 13:02:36,368.43,369.82,368.05,368.05,229423
2026-02-11 13:12:36,346.66,347.75,345.33,347.13,139839
2026-02-11 13:22:36,341.55,343.75,341.55,343.08,292821
2026-02-11 13:32:36,335.42,337.02,335.32,335.32,177316
2026-02-11 13:42:36,354.45,357.77,353.17,356.1,275787
2026-02-11 13:52:36,361.64,364.46,357.72,360.84,240512
2026-02-11 14:02:36,305.77,306.96,304.02,306.96,51453
2026-02-11 14:12:36,290.16,290.58,289.07,290.58,422712
2026-02-11 14:22:36,276.69,278.63,275.48,277.43,71549
2026-02-11 14:32:36,262.03,263.26,260.36,260.36,151834
2026-02-11 14:42:36,262.98,263.87,261.89,261.89,454686
2026-02-11 14:52:36,234.68,236.56,234.68,236.56,376297
2026-02-11 15:02:36,223.57,223.94,221.82,223.64,342539
2026-02-11 15:12:36,256.91,256.91,255.12,255.12,410205
2026-02-11 15:22:36,235.39,237.31,234.46,235.83,190142
2026-02-11 15:32:36,228.01,230.2,228.01,229.57,384047
2026-02-11 15:42:36,233.76,235.01,233.72,233.72,411241
2026-02-11 15:52:36,235.75,236.87,235.5,236.87,468269
2026-02-12 09:32:36,239.56,241.18,239.05,239.05,444898
2026-02-12 09:42:36,243.48,245.18,243.05,245.18,476850
2026-02-12 09:52:36,233.25,234.16,232.33,233.75,359844
2026-02-12 10:02:36,233.67,234.25,233.0,233.46,407903
2026-02-12 10:12:36,232.22,232.91,229.96,230.94,510543
2026-02-12 10:22:36,246.82,246.82,245.13,246.4,409018
2026-02-12 10:32:36,251.85,252.87,249.5,251.78,301874
2026-02-12 10:42:36,259.17,260.76,257.51,260.4,408923
2026-02-12 10:52:36,254.2,255.25,253.43,253.43,281974
2026-02-12 11:02:36,337.08,338.58,337.08,338.48,35291
2026-02-12 11:12:36,339.53,340.62,338.79,338.88,111195
2026-02-12 11:22:36,338.23,340.28,333.73,339.35,95872
2026-02-12 11:32:36,343.11,344.38,338.02,342.62,108070
2026-02-12 11:42:36,326.26,326.65,324.47,325.07,272740
2026-02-12 11:52:36,318.37,320.35,317.19,318.59,210335
2026-02-12 12:02:36,313.59,314.82,312.07,314.03,372070
2026-02-12 12:12:36,299.37,300.7,299.37,300.7,379588
2026-02-12 12:22:36,306.8,310.53,306.64,307.07,70765
2026-02-12 12:32:36,296.16,297.89,293.9,296.61,189579
2026-02-12 12:42:36,305.96,305.96,303.81,305.45,60018
2026-02-12 12:52:36,297.65,298.5,293.36,297.4,266610
2026-02-12 13:02:36,285.99,286.17,284.67,284.67,410070
2026-02-12 13:12:36,277.59,277.59,276.62,276.85,300573
2026-02-12 13:22:36,267.52,267.55,266.41,266.41,324151
2026-02-12 13:32:36,268.92,268.92,267.77,268.17,359158
2026-02-12 13:42:36,265.88,267.84,265.88,266.73,251163
2026-02-12 13:52:36,275.25,276.39,275.21,275.67,359369
2026-02-12 14:02:36,159.56,160.47,158.59,159.06,613707
2026-02-12 14:12:36,153.28,154.16,152.43,153.99,480908
2026-02-12 14:22:36,168.36,169.28,167.48,167.5,184383
2026-02-12 14:32:36,176.13,176.13,174.97,175.86,709109
2026-02-12 14:42:36,167.99,170.16,167.99,168.15,418205
2026-02-12 14:52:36,165.23,165.59,164.58,165.59,266782
2026-02-12 15:02:36,162.22,163.44,161.65,162.08,200765
2026-02-12 15:12:36,139.13,139.49,137.72,138.73,552177
2026-02-12 15:22:36,142.84,144.21,142.07,142.97,624997
2026-02-12 15:32:36,148.15,149.1,147.5,147.64,707314
2026-02-12 15:42:36,166.57,167.44,164.92,166.34,580828
2026-02-12 15:52:36,187.85,189.26,186.68,187.33,345165
2026-02-13 09:32:36,180.56,181.15,179.91,180.54,130465
2026-02-13 09:42:36,166.12,166.12,164.85,164.85,495639
2026-02-13 09:52:36,160.62,160.68,160.08,160.4,737860
2026-02-13 10:02:36,163.74,164.22,163.6,163.64,704467
2026-02-13 10:12:36,185.6,185.86,184.37,184.95,373905
2026-02-13 10:22:36,189.57,189.86,188.55,189.48,324051
2026-02-13 10:32:36,209.67,210.0,207.93,208.88,247210
2026-02-13 10:42:36,206.07,207.08,206.07,206.8,450875
2026-02-13 10:52:36,215.2,215.83,215.09,215.57,442643
2026-02-13 11:02:36,308.45,309.53,308.45,309.53,47042
2026-02-13 11:12:36,311.34,311.95,310.22,310.86,41913
2026-02-13 11:22:36,315.26,315.9,313.58,314.2,320330
2026-02-13 11:32:36,311.91,313.83,310.6,311.77,279029
2026-02-13 11:42:36,314.64,316.21,313.95,315.0,384442
2026-02-13 11:52:36,333.32,335.78,331.46,333.5,319383
2026-02-13 12:02:36,334.78,336.21,332.04,334.63,209869
2026-02-13 12:12:36,333.4,333.43,331.3,332.74,329290
2026-02-13 12:22:36,330.18,331.9,329.46,331.17,321819
2026-02-13 12:32:36,331.87,333.91,327.0,331.23,76534
2026-02-13 12:42:36,343.39,344.46,341.91,343.12,326950
2026-02-13 12:52:36,349.01,349.01,346.54,347.5,151934
2026-02-13 13:02:36,341.92,342.69,339.94,342.31,77791
2026-02-13 13:12:36,332.83,333.67,330.34,333.24,241495
2026-02-13 13:22:36,332.48,333.02,332.36,333.02,151438
2026-02-13 13:32:36,343.08,343.88,340.49,342.09,72018
2026-02-13 13:42:36,336.35,336.35,334.37,334.67,85855
2026-02-13 13:52:36,346.66,347.65,344.34,344.72,135042
2026-02-13 14:02:36,255.21,256.09,255.15,256.09,376374
2026-02-13 14:12:36,257.01,260.07,256.2,256.2,378532
2026-02-13 14:22:36,259.78,259.78,258.57,259.48,58869
2026-02-13 14:32:36,272.0,272.89,268.46,272.56,340777
2026-02-13 14:42:36,258.31,258.31,256.24,256.24,213239
2026-02-13 14:52:36,248.32,249.68,247.64,248.7,190962
2026-02-13 15:02:36,243.22,245.31,241.9,244.26,80553
2026-02-13 15:12:36,236.18,237.79,234.82,236.84,221345
2026-02-13 15:22:36,254.81,257.43,254.78,256.3,249486
2026-02-13 15:32:36,258.58,261.08,258.08,258.08,183963
2026-02-13 15:42:36,253.54,256.16,252.97,254.4,269777
2026-02-13 15:52:36,267.75,268.57,265.8,266.37,158534
2026-02-16 09:32:36,260.37,261.14,258.59,259.71,219091
2026-02-16 09:42:36,266.14,267.57,262.28,264.5,487041
2026-02-16 09:52:36,265.7,266.19,263.72,265.22,182586
2026-02-16 10:02:36,265.23,266.8,265.23,266.18,352091
2026-02-16 10:12:36,265.94,270.86,265.73,265.73,173924
2026-02-16 10:22:36,286.79,287.94,285.83,286.18,92546
2026-02-16 10:32:36,266.63,267.83,266.63,267.37,437765
2026-02-16 10:42:36,277.0,278.0,277.0,277.76,196934
2026-02-16 10:52:36,247.43,247.51,246.62,246.62,307578
2026-02-16 11:02:36,318.99,320.54,317.03,320.54,279390
2026-02-16 11:12:36,331.35,332.56,328.61,330.34,258900
2026-02-16 11:22:36,323.51,325.55,322.21,324.58,69431
2026-02-16 11:32:36,326.88,329.48,325.47,328.83,248618
2026-02-16 11:42:36,340.56,341.89,339.06,339.06,251790
2026-02-16 11:52:36,343.77,348.38,343.16,343.57,132049
2026-02-16 12:02:36,337.88,339.03,335.75,338.38,45370
2026-02-16 12:12:36,330.21,331.25,329.06,329.18,359665
2026-02-16 12:22:36,330.96,333.76,330.4,333.21,270690
2026-02-16 12:32:36,347.45,350.73,345.99,350.73,89716
2026-02-16 12:42:36,356.77,356.77,354.55,355.67,90351
2026-02-16 12:52:36,350.98,351.17,348.77,349.12,247660
2026-02-16 13:02:36,347.55,347.68,346.24,346.63,201307
2026-02-16 13:12:36,355.0,357.12,354.11,354.11,179200
2026-02-16 13:22:36,365.92,367.31,362.98,364.18,143112
2026-02-16 13:32:36,358.34,358.72,356.02,358.21,76989
2026-02-16 13:42:36,372.95,374.33,372.95,373.68,252466
2026-02-16 13:52:36,368.7,370.67,367.31,368.3,125590
2026-02-16 14:02:36,318.75,319.6,315.91,317.66,341134
2026-02-16 14:12:36,338.46,340.87,336.07,339.49,177149
2026-02-16 14:22:36,355.86,355.89,354.85,355.09,34970
2026-02-16 14:32:36,359.76,359.78,358.2,358.2,237957
2026-02-16 14:42:36,381.07,382.02,378.2,380.03,35805
2026-02-16 14:52:36,391.0,393.53,388.57,391.34,82566
2026-02-16 15:02:36,395.79,396.66,391.18,394.75,58319
2026-02-16 15:12:36,389.06,390.6,387.77,390.6,178900
2026-02-16 15:22:36,387.35,387.57,386.69,386.69,90683
2026-02-16 15:32:36,380.01,381.37,378.78,381.37,79420
2026-02-16 15:42:36,375.9,379.59,375.26,378.35,184568
2026-02-16 15:52:36,386.77,386.77,385.42,385.42,205846
2026-02-17 09:32:36,379.47,382.68,376.14,379.12,65649
2026-02-17 09:42:36,407.85,407.85,406.62,407.0,122375
2026-02-17 09:52:36,429.86,430.66,429.73,429.73,46234
2026-02-17 10:02:36,426.58,427.69,423.07,425.33,33256
2026-02-17 10:12:36,421.19,423.34,418.41,421.69,61853
2026-02-17 10:22:36,410.71,413.2,407.83,410.79,159699
2026-02-17 10:32:36,425.79,426.8,424.22,426.8,16432
2026-02-17 10:42:36,435.89,438.45,435.54,436.95,34161
2026-02-17 10:52:36,427.57,428.33,423.84,423.84,70189
2026-02-17 11:02:36,459.02,460.31,457.91,459.76,95351
2026-02-17 11:12:36,459.06,460.37,456.26,460.37,68544
2026-02-17 11:22:36,450.85,457.67,450.85,451.21,99801
2026-02-17 11:32:36,472.49,474.29,470.53,471.3,107458
2026-02-17 11:42:36,463.29,469.46,463.29,465.88,32853
2026-02-17 11:52:36,465.1,469.23,461.55,465.24,25779
2026-02-17 12:02:36,460.27,461.7,457.26,459.26,47766
2026-02-17 12:12:36,465.48,465.48,463.43,465.44,24524
2026-02-17 12:22:36,444.5,445.71,443.71,443.71,109760
2026-02-17 12:32:36,430.83,431.78,430.12,431.41,101896
2026-02-17 12:42:36,427.65,429.08,426.32,427.65,123270
2026-02-17 12:52:36,422.77,423.74,419.01,423.74,115742
2026-02-17 13:02:36,437.3,441.48,436.27,436.27,77178
2026-02-17 13:12:36,433.14,435.01,431.43,433.47,111834
2026-02-17 13:22:36,438.64,440.21,437.59,440.21,117797
2026-02-17 13:32:36,443.66,446.02,440.66,441.57,45503
2026-02-17 13:42:36,440.82,443.26,440.82,443.13,34695
2026-02-17 13:52:36,428.97,430.97,428.97,429.11,70625
2026-02-17 14:02:36,404.83,406.73,404.81,406.47,39618
2026-02-17 14:12:36,423.3,426.16,423.3,423.54,148360
2026-02-17 14:22:36,421.63,425.38,420.53,423.05,36119
2026-02-17 14:32:36,416.24,418.08,414.91,415.06,22489
2026-02-17 14:42:36,414.46,414.68,413.59,413.59,103876
2026-02-17 14:52:36,408.07,410.99,407.11,407.11,61455
2026-02-17 15:02:36,426.16,430.38,424.17,427.76,111282
2026-02-17 15:12:36,409.46,414.3,406.98,410.73,95763
2026-02-17 15:22:36,404.7,404.7,402.34,402.85,89674
2026-02-17 15:32:36,392.7,395.25,390.82,393.37,200106
2026-02-17 15:42:36,391.92,393.2,388.33,390.3,211300
2026-02-17 15:52:36,398.85,398.85,395.69,395.69,200204
2026-02-18 09:32:36,380.05,380.83,379.31,380.31,193026
2026-02-18 09:42:36,380.52,381.42,379.79,381.42,177909
2026-02-18 09:52:36,402.24,403.72,397.44,400.49,72890
2026-02-18 10:02:36,405.33,409.63,402.87,405.5,164207
2026-02-18 10:12:36,402.74,403.54,402.37,402.37,103249
2026-02-18 10:22:36,393.82,394.18,391.18,394.18,137371
2026-02-18 10:32:36,399.98,400.67,398.81,398.81,165899
2026-02-18 10:42:36,400.06,403.79,400.06,403.79,110312
2026-02-18 10:52:36,402.87,405.79,401.71,404.94,77485
2026-02-18 11:02:36,427.76,429.62,424.34,429.62,148276
2026-02-18 11:12:36,425.85,429.08,424.64,429.08,128100
2026-02-18 11:22:36,427.8,427.8,425.07,425.07,149897
2026-02-18 11:32:36,420.18,423.95,419.93,420.26,97694
2026-02-18 11:42:36,420.58,422.24,418.89,420.54,105459
2026-02-18 11:52:36,423.91,427.31,423.18,423.18,87567
2026-02-18 12:02:36,431.29,433.27,427.75,429.34,113091
2026-02-18 12:12:36,433.34,434.03,431.45,431.65,27410
2026-02-18 12:22:36,430.93,431.63,428.88,430.98,41084
2026-02-18 12:32:36,436.14,436.14,430.95,432.54,39837
2026-02-18 12:42:36,422.8,423.76,419.38,422.5,74046
2026-02-18 12:52:36,421.22,422.86,420.03,421.07,92257
2026-02-18 13:02:36,447.49,449.02,445.71,446.93,96729
2026-02-18 13:12:36,465.16,468.75,461.65,468.42,41586
2026-02-18 13:22:36,454.0,457.42,454.0,457.42,93256
2026-02-18 13:32:36,457.5,457.5,454.08,454.71,69713
2026-02-18 13:42:36,463.89,467.25,461.72,464.87,95131
2026-02-18 13:52:36,455.15,455.97,452.99,453.61,81090
2026-02-18 14:02:36,415.49,418.49,414.92,415.82,85744
2026-02-18 14:12:36,419.04,419.81,411.76,419.03,131987
2026-02-18 14:22:36,422.33,423.84,421.02,423.84,153865
2026-02-18 14:32:36,424.16,424.16,419.76,422.25,125897
2026-02-18 14:42:36,400.25,402.99,400.25,402.38,41875
2026-02-18 14:52:36,417.65,418.76,417.43,418.76,125955
2026-02-18 15:02:36,411.03,411.46,406.84,409.67,162827
2026-02-18 15:12:36,401.31,404.5,400.33,403.6,181906
2026-02-18 15:22:36,401.82,405.19,401.21,401.85,120891
2026-02-18 15:32:36,414.31,414.77,413.59,414.11,155714
2026-02-18 15:42:36,430.48,433.81,429.68,433.81,45222
2026-02-18 15:52:36,457.14,459.13,456.62,457.68,18649
2026-02-19 09:32:36,465.34,467.54,465.34,466.95,80912
2026-02-19 09:42:36,463.57,466.61,460.05,464.79,85305
2026-02-19 09:52:36,466.1,467.97,464.07,466.22,36070
2026-02-19 10:02:36,473.79,477.5,473.79,477.5,70622
2026-02-19 10:12:36,486.99,488.39,483.12,486.72,84916
2026-02-19 10:22:36,475.47,477.19,473.46,475.27,117837
2026-02-19 10:32:36,473.97,474.77,467.8,473.92,55663
2026-02-19 10:42:36,466.43,473.2,466.28,468.99,76023
2026-02-19 10:52:36,457.88,457.88,453.76,456.29,44229
2026-02-19 11:02:36,474.35,476.18,472.5,476.06,72980
2026-02-19 11:12:36,471.61,473.85,471.61,473.3,116409
2026-02-19 11:22:36,482.41,485.53,481.45,482.61,54845
2026-02-19 11:32:36,482.26,482.6,477.87,482.6,109245
2026-02-19 11:42:36,483.27,483.27,477.81,481.53,56344
2026-02-19 11:52:36,494.3,494.3,490.97,490.97,177360
2026-02-19 12:02:36,488.97,490.33,487.65,490.07,54353
2026-02-19 12:12:36,481.54,483.56,478.38,478.84,148364
2026-02-19 12:22:36,458.86,459.62,453.57,456.24,86205
2026-02-19 12:32:36,449.64,450.86,448.75,450.86,69321
2026-02-19 12:42:36,454.97,455.57,452.44,454.27,11749
2026-02-19 12:52:36,466.23,469.04,465.06,468.12,115648
2026-02-19 13:02:36,466.62,467.9,462.05,467.9,100494
2026-02-19 13:12:36,479.05,480.43,476.88,478.11,43572
2026-02-19 13:22:36,470.19,472.85,468.61,472.15,20460
2026-02-19 13:32:36,457.71,459.4,455.7,457.46,107264
2026-02-19 13:42:36,465.34,467.49,463.12,465.03,65245
2026-02-19 13:52:36,471.36,474.76,469.62,471.9,91619
2026-02-19 14:02:36,443.66,444.65,443.28,444.48,102713
2026-02-19 14:12:36,456.39,458.02,456.39,457.22,112593
2026-02-19 14:22:36,456.82,456.82,454.46,455.16,73276
2026-02-19 14:32:36,463.97,470.76,463.35,469.0,63673
2026-02-19 14:42:36,462.48,464.02,461.27,461.27,76386
2026-02-19 14:52:36,483.32,485.09,483.32,484.96,17955
2026-02-19 15:02:36,486.59,492.62,486.59,488.29,158120
2026-02-19 15:12:36,468.21,470.38,467.66,467.66,31561
2026-02-19 15:22:36,483.41,485.21,481.9,483.05,26022
2026-02-19 15:32:36,465.52,470.32,465.36,466.52,20599
2026-02-19 15:42:36,485.89,486.16,481.81,484.36,159065
2026-02-19 15:52:36,473.05,475.15,467.12,471.55,15546
2026-02-20 09:32:36,461.31,464.46,459.5,463.66,112555
2026-02-20 09:42:36,474.3,478.28,474.3,478.28,71327
2026-02-20 09:52:36,462.79,464.53,460.16,463.43,81936
2026-02-20 10:02:36,478.56,481.3,475.21,478.6,81455
2026-02-20 10:12:36,493.8,502.14,490.78,495.59,51200
2026-02-20 10:22:36,504.34,504.34,500.76,500.76,70922
2026-02-20 10:32:36,489.58,490.47,483.67,489.97,143520
2026-02-20 10:42:36,494.59,494.59,492.26,492.26,36386
2026-02-20 10:52:36,492.0,493.91,490.82,492.58,21853
2026-02-20 11:02:36,477.46,481.18,476.08,478.54,49323
2026-02-20 11:12:36,480.67,480.67,476.61,479.23,101770
2026-02-20 11:22:36,485.79,488.48,483.84,484.79,87963
2026-02-20 11:32:36,471.67,474.09,471.24,472.66,64045
2026-02-20 11:42:36,477.33,478.68,476.29,477.36,153277
2026-02-20 11:52:36,476.29,476.29,469.82,473.02,78706
2026-02-20 12:02:36,472.07,474.45,470.8,474.45,81238
2026-02-20 12:12:36,488.11,488.41,486.87,486.99,89574
2026-02-20 12:22:36,501.81,503.08,496.9,502.72,88196
2026-02-20 12:32:36,486.26,486.26,482.94,484.93,110169
2026-02-20 12:42:36,478.71,479.66,477.17,479.26,64278
2026-02-20 12:52:36,475.46,480.16,475.44,475.44,70333
2026-02-20 13:02:36,460.27,460.94,457.65,460.74,64097
2026-02-20 13:12:36,446.48,448.48,443.31,445.04,71565
2026-02-20 13:22:36,452.23,455.35,451.97,452.3,77937
2026-02-20 13:32:36,462.03,462.03,455.65,461.53,14017
2026-02-20 13:42:36,458.23,458.23,453.1,455.62,82054
2026-02-20 13:52:36,463.62,465.4,460.54,462.51,63023
2026-02-20 14:02:36,466.34,467.44,463.34,463.83,15058
2026-02-20 14:12:36,488.77,492.21,484.71,489.73,77492
2026-02-20 14:22:36,465.28,469.44,459.4,464.68,111135
2026-02-20 14:32:36,472.38,473.79,467.77,472.26,102777
2026-02-20 14:42:36,465.65,467.3,464.37,464.37,51657
2026-02-20 14:52:36,466.42,468.89,462.49,468.17,109365
2026-02-20 15:02:36,483.96,488.05,483.96,486.83,47795
2026-02-20 15:12:36,507.0,507.0,503.41,503.41,25411
2026-02-20 15:22:36,489.85,493.37,489.85,492.79,107140
2026-02-20 15:32:36,501.71,507.25,499.9,501.32,192817
2026-02-20 15:42:36,493.25,493.25,492.1,492.49,88868
2026-02-20 15:52:36,484.95,486.38,482.79,482.79,97102
2026-02-23 09:32:36,466.93,471.52,466.93,469.17,111095
2026-02-23 09:42:36,460.49,462.78,458.74,459.21,93129
2026-02-23 09:52:36,460.58,463.64,460.34,460.56,67753
2026-02-23 10:02:36,442.73,443.08,441.48,442.61,41026
2026-02-23 10:12:36,457.27,457.27,454.09,455.31,52058
2026-02-23 10:22:36,444.76,445.56,441.14,443.86,30802
2026-02-23 10:32:36,456.91,461.27,456.12,457.67,30679
2026-02-23 10:42:36,475.07,475.78,470.45,475.78,143806
2026-02-23 10:52:36,492.07,492.07,488.53,490.41,173638
2026-02-23 11:02:36,487.36,490.9,487.36,488.2,62664
2026-02-23 11:12:36,491.94,496.42,490.97,490.97,24155
2026-02-23 11:22:36,493.63,498.11,492.54,494.31,72854
2026-02-23 11:32:36,494.88,494.88,491.92,492.11,142951
2026-02-23 11:42:36,476.55,478.89,474.48,474.48,85071
2026-02-23 11:52:36,477.62,480.96,474.47,479.37,149137
2026-02-23 12:02:36,484.58,487.49,484.58,485.29,130329
2026-02-23 12:12:36,486.79,489.55,486.79,489.52,101204
2026-02-23 12:22:36,495.77,499.48,492.82,494.11,151643
2026-02-23 12:32:36,493.95,495.25,493.34,495.2,122032
2026-02-23 12:42:36,505.71,510.98,505.26,506.81,80530
2026-02-23 12:52:36,509.51,510.59,507.56,509.88,112197
2026-02-23 13:02:36,506.18,509.82,505.98,506.53,26533
2026-02-23 13:12:36,507.11,509.3,504.02,507.67,80877
2026-02-23 13:22:36,500.7,500.7,499.13,499.68,30112
2026-02-23 13:32:36,497.38,502.34,497.38,499.15,51370
2026-02-23 13:42:36,499.94,503.83,499.1,500.33,112418
2026-02-23 13:52:36,509.69,509.95,509.32,509.95,180280
2026-02-23 14:02:36,525.45,525.48,522.31,523.49,220821
2026-02-23 14:12:36,536.98,541.52,533.8,538.38,36367
2026-02-23 14:22:36,548.59,549.94,542.13,545.13,159346
2026-02-23 14:32:36,556.21,557.3,554.74,554.74,191649
2026-02-23 14:42:36,559.34,560.23,552.69,559.69,38297
2026-02-23 14:52:36,556.51,557.08,555.07,555.58,118781
2026-02-23 15:02:36,539.24,539.24,535.08,537.91,180882
2026-02-23 15:12:36,518.47,518.47,517.19,517.3,239828
2026-02-23 15:22:36,502.9,504.72,501.27,503.6,85417
2026-02-23 15:32:36,491.93,493.14,488.43,492.48,79861
2026-02-23 15:42:36,497.98,498.19,497.34,497.34,83530
2026-02-23 15:52:36,492.32,495.59,490.81,490.81,59026
2026-02-24 09:32:36,489.91,489.91,488.38,489.25,167564
2026-02-24 09:42:36,478.98,484.57,476.41,479.92,35486
2026-02-24 09:52:36,508.18,510.61,506.77,506.77,25463
2026-02-24 10:02:36,508.37,509.94,506.47,508.13,75008
2026-02-24 10:12:36,503.34,508.25,503.13,506.85,203032
2026-02-24 10:22:36,493.06,493.79,490.54,493.79,168464
2026-02-24 10:32:36,480.2,485.48,477.6,479.37,88477
2026-02-24 10:42:36,469.94,471.9,468.57,471.66,48024
2026-02-24 10:52:36,480.01,483.27,477.89,480.9,35917
2026-02-24 11:02:36,478.8,482.44,478.8,482.44,72989
2026-02-24 11:12:36,503.58,503.6,499.05,501.67,157584
2026-02-24 11:22:36,501.56,501.56,497.04,497.04,115035
2026-02-24 11:32:36,516.42,517.42,513.69,513.69,235879
2026-02-24 11:42:36,535.45,535.45,528.22,532.09,265132
2026-02-24 11:52:36,539.68,541.12,536.98,538.54,133402
2026-02-24 12:02:36,537.62,541.01,537.62,541.01,105935
2026-02-24 12:12:36,532.86,533.6,532.62,532.95,242893
2026-02-24 12:22:36,521.08,523.33,519.88,521.47,175119
2026-02-24 12:32:36,519.21,519.92,516.25,519.51,186366
2026-02-24 12:42:36,519.92,525.16,519.83,525.16,161239
2026-02-24 12:52:36,528.05,530.57,526.07,528.41,262354
2026-02-24 13:02:36,518.76,520.88,516.66,520.88,99480
2026-02-24 13:12:36,506.47,506.47,501.77,503.51,160089
2026-02-24 13:22:36,502.26,502.4,499.3,500.39,146542
2026-02-24 13:32:36,493.91,497.15,490.95,492.29,109240
2026-02-24 13:42:36,492.85,494.72,490.26,493.45,22308
2026-02-24 13:52:36,477.23,478.81,475.4,478.81,34246
2026-02-24 14:02:36,452.97,457.82,451.57,455.45,97560
2026-02-24 14:12:36,457.68,459.84,457.43,458.43,14018
2026-02-24 14:22:36,454.05,460.11,452.7,455.39,84857
2026-02-24 14:32:36,443.64,445.66,442.2,445.66,62564
2026-02-24 14:42:36,462.44,469.82,462.44,463.29,111560
2026-02-24 14:52:36,475.98,477.21,474.5,476.35,60659
2026-02-24 15:02:36,485.87,486.91,484.7,486.21,153822
2026-02-24 15:12:36,485.43,488.2,485.19,486.06,133760
2026-02-24 15:22:36,483.98,485.57,483.98,484.57,22242
2026-02-24 15:32:36,497.27,497.56,493.86,496.84,127470
2026-02-24 15:42:36,506.41,507.7,505.15,505.15,153013
2026-02-24 15:52:36,518.74,520.84,516.3,517.28,89736
2026-02-25 09:32:36,503.99,505.26,503.9,504.55,165501
2026-02-25 09:42:36,518.14,521.06,516.02,517.69,90338
2026-02-25 09:52:36,519.06,521.46,518.72,518.72,58096
2026-02-25 10:02:36,518.24,521.41,518.24,521.41,87385
2026-02-25 10:12:36,502.77,502.9,501.11,501.11,155272
2026-02-25 10:22:36,499.56,499.56,496.44,496.44,78056
2026-02-25 10:32:36,512.84,512.84,508.64,509.04,160318
2026-02-25 10:42:36,512.71,514.02,511.04,514.02,57869
2026-02-25 10:52:36,533.25,538.16,533.25,538.16,30279
2026-02-25 11:02:36,531.7,534.65,531.39,534.65,258035
2026-02-25 11:12:36,521.63,524.75,521.63,522.4,34565
2026-02-25 11:22:36,529.47,529.55,527.27,527.27,224574
2026-02-25 11:32:36,526.71,530.99,524.65,524.65,47244
2026-02-25 11:42:36,510.11,510.14,507.31,507.8,141270
2026-02-25 11:52:36,486.18,488.81,482.5,486.0,144079
2026-02-25 12:02:36,474.28,475.92,469.88,473.95,142631
2026-02-25 12:12:36,466.83,466.83,463.35,465.69,22509
2026-02-25 12:22:36,466.07,470.03,463.16,463.16,86929
2026-02-25 12:32:36,449.61,452.86,448.09,448.09,90112
2026-02-25 12:42:36,445.94,448.39,445.54,448.39,75259
2026-02-25 12:52:36,447.63,451.21,447.05,448.65,24849
2026-02-25 13:02:36,446.32,449.59,446.32,447.21,95967
2026-02-25 13:12:36,438.15,440.34,433.17,436.97,120399
2026-02-25 13:22:36,443.39,446.24,440.76,442.95,108935
2026-02-25 13:32:36,442.92,445.27,439.17,442.03,57531
2026-02-25 13:42:36,458.5,460.2,456.81,456.81,49889
2026-02-25 13:52:36,448.31,452.55,443.86,451.09,22476
2026-02-25 14:02:36,402.48,403.5,401.07,401.77,117659
2026-02-25 14:12:36,416.6,416.81,415.46,415.71,56279
2026-02-25 14:22:36,417.66,418.11,415.2,416.76,107878
2026-02-25 14:32:36,433.81,434.66,431.34,432.55,14057
2026-02-25 14:42:36,417.71,419.73,416.41,419.73,63662
2026-02-25 14:52:36,433.06,433.06,429.49,432.72,100092
2026-02-25 15:02:36,428.89,430.6,427.91,427.91,77069
2026-02-25 15:12:36,423.57,424.44,421.43,424.44,145288
2026-02-25 15:22:36,418.19,418.19,413.63,417.94,109064
2026-02-25 15:32:36,417.44,417.56,413.3,414.26,125721
2026-02-25 15:42:36,398.33,401.8,397.6,398.68,190642
2026-02-25 15:52:36,424.12,424.12,420.35,423.38,30823
2026-02-26 09:32:36,429.27,432.37,429.27,432.37,97331
2026-02-26 09:42:36,405.85,407.9,403.52,407.82,147519
2026-02-26 09:52:36,406.14,408.52,404.87,408.03,192827
2026-02-26 10:02:36,390.49,394.71,389.92,391.6,80396
2026-02-26 10:12:36,399.11,401.51,399.11,401.51,126362
2026-02-26 10:22:36,393.73,393.73,390.98,391.72,43866
2026-02-26 10:32:36,377.58,379.04,374.95,376.75,80083
2026-02-26 10:42:36,391.99,392.03,389.17,391.26,227874
2026-02-26 10:52:36,404.02,407.34,404.02,405.3,133659
2026-02-26 11:02:36,442.13,446.33,442.13,444.28,34248
2026-02-26 11:12:36,443.08,446.57,441.61,441.61,21965
2026-02-26 11:22:36,436.75,437.76,434.76,434.76,32848
2026-02-26 11:32:36,428.38,431.34,424.86,428.91,128443
2026-02-26 11:42:36,421.06,423.28,420.56,420.56,106406
2026-02-26 11:52:36,398.06,402.25,398.06,400.0,172100
2026-02-26 12:02:36,395.67,395.7,393.55,395.35,47326
2026-02-26 12:12:36,388.51,390.81,387.41,389.0,223856
2026-02-26 12:22:36,379.24,380.48,377.87,377.87,27760
2026-02-26 12:32:36,382.41,382.41,380.53,381.08,133207
2026-02-26 12:42:36,398.08,399.72,394.45,399.72,52094
2026-02-26 12:52:36,388.94,393.17,388.94,389.04,202138
2026-02-26 13:02:36,395.89,398.25,395.57,396.11,96706
2026-02-26 13:12:36,388.54,389.48,388.03,388.63,121070
2026-02-26 13:22:36,401.07,401.36,400.36,401.14,155666
2026-02-26 13:32:36,382.87,384.29,381.61,381.61,228513
2026-02-26 13:42:36,381.08,383.05,381.08,383.0,48595
2026-02-26 13:52:36,366.95,370.85,366.5,367.14,74214
2026-02-26 14:02:36,289.66,291.47,289.66,290.02,368145
2026-02-26 14:12:36,280.4,281.33,280.11,280.71,250923
2026-02-26 14:22:36,284.08,286.73,282.62,283.9,440389
2026-02-26 14:32:36,277.43,277.72,276.2,276.87,114360
2026-02-26 14:42:36,253.92,254.86,253.29,254.35,85451
2026-02-26 14:52:36,265.27,265.27,263.64,263.69,442138
2026-02-26 15:02:36,259.77,260.13,259.32,259.58,440443
2026-02-26 15:12:36,258.61,258.68,256.16,257.26,363875
2026-02-26 15:22:36,255.67,256.02,254.33,255.43,257696
2026-02-26 15:32:36,251.84,254.23,250.88,252.95,189051
2026-02-26 15:42:36,244.75,245.87,242.78,245.36,162141
2026-02-26 15:52:36,223.57,224.47,222.08,224.24,149408
2026-02-27 09:32:36,231.34,231.34,229.58,230.72,449124
2026-02-27 09:42:36,237.36,239.71,237.28,239.11,331006
2026-02-27 09:52:36,228.18,228.18,226.38,226.38,88062
2026-02-27 10:02:36,254.35,256.02,254.22,255.34,162896
2026-02-27 10:12:36,270.44,271.44,268.78,268.78,292813
2026-02-27 10:22:36,283.76,285.38,283.59,284.81,224776
2026-02-27 10:32:36,266.23,267.31,265.27,265.55,495509
2026-02-27 10:42:36,251.22,251.49,250.19,251.49,456479
2026-02-27 10:52:36,250.47,251.36,249.69,251.22,191508
2026-02-27 11:02:36,341.98,343.9,341.96,341.96,263768
2026-02-27 11:12:36,347.2,348.96,344.88,348.96,139820
2026-02-27 11:22:36,351.8,354.06,350.82,352.28,231385
2026-02-27 11:32:36,348.25,350.85,345.27,348.79,210293
2026-02-27 11:42:36,338.32,339.37,338.32,338.73,121505
2026-02-27 11:52:36,345.47,345.57,344.23,345.45,113475
2026-02-27 12:02:36,343.14,343.23,341.74,341.74,74680
2026-02-27 12:12:36,346.86,346.86,343.7,344.91,128988
2026-02-27 12:22:36,355.89,357.49,352.74,355.2,188859
2026-02-27 12:32:36,355.24,356.14,354.74,355.48,157441
2026-02-27 12:42:36,358.63,359.41,357.87,357.87,181984
2026-02-27 12:52:36,351.63,353.71,349.41,351.18,90251
2026-02-27 13:02:36,348.75,350.04,347.28,349.97,183539
2026-02-27 13:12:36,363.03,365.41,362.86,362.86,143827
2026-02-27 13:22:36,359.7,361.78,358.46,361.78,63473
2026-02-27 13:32:36,359.23,359.23,357.28,357.28,147394
2026-02-27 13:42:36,352.86,353.34,348.21,352.14,254242
2026-02-27 13:52:36,347.86,351.19,346.1,348.47,107650
2026-02-27 14:02:36,274.49,275.62,271.63,274.68,246887
2026-02-27 14:12:36,257.99,258.58,257.32,258.49,177487
2026-02-27 14:22:36,261.63,262.52,260.37,261.84,314951
2026-02-27 14:32:36,271.75,272.45,270.04,271.54,315161
2026-02-27 14:42:36,285.97,286.65,284.78,285.53,351482
2026-02-27 14:52:36,266.38,269.97,266.27,268.11,479114
2026-02-27 15:02:36,251.36,252.2,251.29,251.32,234311
2026-02-27 15:12:36,244.9,245.72,243.26,245.72,247737
2026-02-27 15:22:36,242.66,245.33,240.54,244.06,437674
2026-02-27 15:32:36,225.8,226.61,225.8,226.3,442828
2026-02-27 15:42:36,237.37,237.37,236.08,236.08,157859
2026-02-27 15:52:36,251.15,252.11,251.15,251.48,418724
2026-03-02 09:32:36,260.2,261.21,259.84,259.94,483427
2026-03-02 09:42:36,258.78,259.81,258.75,259.44,165673
2026-03-02 09:52:36,268.13,269.85,267.27,267.43,231120
2026-03-02 10:02:36,291.39,292.22,289.49,289.49,322309
2026-03-02 10:12:36,311.85,315.12,311.35,312.97,217925
2026-03-02 10:22:36,287.84,287.84,286.36,286.36,419913
2026-03-02 10:32:36,273.75,274.63,272.8,272.8,263727
2026-03-02 10:42:36,268.04,269.08,267.22,267.22,111012
2026-03-02 10:52:36,235.46,236.06,234.47,236.06,248250
2026-03-02 11:02:36,328.63,329.56,327.77,327.77,227831
2026-03-02 11:12:36,333.37,336.56,333.37,334.39,206194
2026-03-02 11:22:36,337.49,339.11,335.92,338.37,138802
2026-03-02 11:32:36,346.75,346.75,344.48,345.47,262603
2026-03-02 11:42:36,352.8,356.49,350.83,354.0,173764
2026-03-02 11:52:36,365.32,369.2,365.32,367.0,225324
2026-03-02 12:02:36,368.34,369.53,368.18,368.21,252866
2026-03-02 12:12:36,369.86,370.27,368.44,368.44,103078
2026-03-02 12:22:36,367.16,369.89,364.77,367.1,185060
2026-03-02 12:32:36,373.67,375.4,371.27,371.89,157396
2026-03-02 12:42:36,369.05,372.07,367.28,368.68,77402
2026-03-02 12:52:36,358.17,359.12,357.73,359.12,198765
2026-03-02 13:02:36,351.88,353.29,350.1,352.38,189806
2026-03-02 13:12:36,353.48,353.94,352.53,353.94,165277
2026-03-02 13:22:36,362.62,362.8,359.26,361.12,92872
2026-03-02 13:32:36,349.8,353.55,348.92,348.92,272467
2026-03-02 13:42:36,342.48,344.83,340.11,342.43,44227
2026-03-02 13:52:36,356.91,360.44,356.91,358.93,256511
2026-03-02 14:02:36,286.91,289.52,286.91,289.52,251999
2026-03-02 14:12:36,293.67,295.39,292.59,293.44,199910
2026-03-02 14:22:36,288.43,291.56,287.74,288.37,198093
2026-03-02 14:32:36,291.7,293.74,288.93,292.6,281025
2026-03-02 14:42:36,310.24,310.28,309.67,310.27,58387
2026-03-02 14:52:36,321.16,324.62,321.16,324.62,152817
2026-03-02 15:02:36,337.0,338.52,335.83,338.44,162759
2026-03-02 15:12:36,336.11,337.97,335.79,337.27,344891
2026-03-02 15:22:36,336.36,338.12,333.96,335.26,122798
2026-03-02 15:32:36,314.89,316.53,313.46,315.01,210091
2026-03-02 15:42:36,336.67,336.67,334.94,336.66,173317
2026-03-02 15:52:36,330.79,334.22,330.79,332.56,287514
2026-03-03 09:32:36,329.47,330.16,327.26,328.52,324526
2026-03-03 09:42:36,328.71,329.49,326.63,327.86,164027
2026-03-03 09:52:36,329.04,329.04,326.02,327.73,95723
2026-03-03 10:02:36,312.35,312.35,310.23,311.16,336891
2026-03-03 10:12:36,290.14,295.0,290.14,292.62,403229
2026-03-03 10:22:36,314.09,315.66,312.46,312.92,266560
2026-03-03 10:32:36,314.26,315.59,313.79,314.49,113593
2026-03-03 10:42:36,315.85,317.98,315.85,316.4,301455
2026-03-03 10:52:36,328.85,332.06,327.44,328.51,315242
2026-03-03 11:02:36,387.47,389.39,385.89,386.92,128943
2026-03-03 11:12:36,386.01,386.01,382.43,385.11,46572
2026-03-03 11:22:36,384.49,384.49,383.03,384.38,219025
2026-03-03 11:32:36,360.56,360.56,358.11,359.45,55157
2026-03-03 11:42:36,369.52,369.91,365.31,367.16,183518
2026-03-03 11:52:36,351.54,352.91,348.05,351.8,193442
2026-03-03 12:02:36,352.63,355.87,352.37,353.39,248562
2026-03-03 12:12:36,364.79,368.48,361.58,366.11,172989
2026-03-03 12:22:36,383.15,386.27,382.0,383.66,207227
2026-03-03 12:32:36,385.27,386.73,383.58,385.14,222014
2026-03-03 12:42:36,394.05,395.3,390.85,394.6,221669
2026-03-03 12:52:36,397.08,399.01,396.99,399.01,93703
2026-03-03 13:02:36,401.46,402.76,399.49,400.58,44673
2026-03-03 13:12:36,408.56,410.92,406.69,408.35,135903
2026-03-03 13:22:36,413.27,415.67,411.62,415.67,44672
2026-03-03 13:32:36,401.3,401.39,398.75,401.39,66305
2026-03-03 13:42:36,386.57,388.73,385.53,386.86,137787
2026-03-03 13:52:36,390.57,391.55,388.69,389.39,83986
2026-03-03 14:02:36,330.56,333.45,330.23,331.39,271961
2026-03-03 14:12:36,368.92,370.23,367.65,370.23,192670
2026-03-03 14:22:36,363.8,364.86,361.53,364.86,291957
2026-03-03 14:32:36,366.29,367.74,365.2,367.74,38484
2026-03-03 14:42:36,354.2,354.2,351.86,353.24,274616
2026-03-03 14:52:36,358.66,358.66,355.87,357.09,274871
2026-03-03 15:02:36,353.31,356.48,353.31,353.86,34857
2026-03-03 15:12:36,369.03,370.21,369.03,369.09,164044
2026-03-03 15:22:36,390.0,391.49,386.86,389.74,77973
2026-03-03 15:32:36,381.95,384.72,381.95,384.72,199415
2026-03-03 15:42:36,381.01,381.01,379.09,381.0,196445
2026-03-03 15:52:36,391.98,395.91,388.83,391.82,203038
2026-03-04 09:32:36,416.64,417.55,416.64,416.93,148584
2026-03-04 09:42:36,387.94,388.84,387.94,388.84,31983
2026-03-04 09:52:36,384.23,384.23,382.15,383.73,174885
2026-03-04 10:02:36,374.48,374.94,374.21,374.5,197899
2026-03-04 10:12:36,348.68,349.39,347.4,348.78,287378
2026-03-04 10:22:36,362.28,364.23,358.6,358.71,196347
2026-03-04 10:32:36,374.32,375.34,373.07,373.07,121450
2026-03-04 10:42:36,366.13,368.31,365.32,365.32,226719
2026-03-04 10:52:36,367.34,369.12,362.64,366.77,238162
2026-03-04 11:02:36,426.07,430.06,425.57,426.13,76604
2026-03-04 11:12:36,425.74,426.29,423.17,423.55,138354
2026-03-04 11:22:36,417.04,418.69,415.88,416.62,108306
2026-03-04 11:32:36,414.78,417.19,412.46,413.36,25670
2026-03-04 11:42:36,411.36,411.52,407.85,411.28,95940
2026-03-04 11:52:36,421.05,423.52,418.77,419.42,99144
2026-03-04 12:02:36,423.62,423.95,422.17,422.17,28235
2026-03-04 12:12:36,407.42,407.42,403.3,405.28,136391
2026-03-04 12:22:36,412.47,413.94,408.67,411.53,134664
2026-03-04 12:32:36,421.77,425.92,420.74,423.38,122915
2026-03-04 12:42:36,428.43,433.38,426.74,430.24,123208
2026-03-04 12:52:36,429.96,432.02,429.19,430.64,78628
2026-03-04 13:02:36,428.85,430.29,427.4,427.49,89234
2026-03-04 13:12:36,427.67,427.67,422.69,426.83,73278
2026-03-04 13:22:36,417.27,419.53,414.41,417.51,150133
2026-03-04 13:32:36,412.81,416.85,412.81,412.93,94453
2026-03-04 13:42:36,400.05,404.35,396.6,402.3,46040
2026-03-04 13:52:36,399.83,400.14,396.22,398.88,63641
2026-03-04 14:02:36,348.43,349.59,345.25,346.7,160609
2026-03-04 14:12:36,341.73,343.01,341.73,342.14,50056
2026-03-04 14:22:36,331.06,333.05,329.02,333.05,294091
2026-03-04 14:32:36,321.54,322.77,321.08,321.54,155331
2026-03-04 14:42:36,316.3,319.23,315.73,316.28,127818
2026-03-04 14:52:36,309.15,311.75,308.67,309.38,402146
2026-03-04 15:02:36,311.96,313.52,311.12,313.52,229935
2026-03-04 15:12:36,341.79,342.12,337.37,339.55,311804
2026-03-04 15:22:36,356.95,359.69,353.18,357.9,99820
2026-03-04 15:32:36,326.4,326.4,324.83,324.83,255398
2026-03-04 15:42:36,313.74,313.74,310.05,312.14,386975
2026-03-04 15:52:36,322.03,323.86,320.94,322.86,308030
2026-03-05 09:32:36,317.46,318.45,316.06,317.86,58664
2026-03-05 09:42:36,297.42,300.33,297.42,297.42,422575
2026-03-05 09:52:36,325.86,327.68,324.16,324.76,335892
2026-03-05 10:02:36,339.17,341.2,338.52,339.06,252274
2026-03-05 10:12:36,356.35,358.0,356.29,356.29,63747
2026-03-05 10:22:36,373.0,373.39,371.54,371.54,259979
2026-03-05 10:32:36,362.11,363.4,359.98,362.24,143295
2026-03-05 10:42:36,354.35,356.96,351.58,354.36,280293
2026-03-05 10:52:36,360.91,361.53,360.08,361.33,169229
2026-03-05 11:02:36,405.18,405.76,404.37,405.18,117648
2026-03-05 11:12:36,404.12,408.65,402.35,404.34,125612
2026-03-05 11:22:36,414.79,414.79,408.94,413.69,95375
2026-03-05 11:32:36,422.71,427.69,422.71,423.76,49526
2026-03-05 11:42:36,437.1,441.61,436.55,438.62,52838
2026-03-05 11:52:36,442.94,443.89,441.53,443.19,48326
2026-03-05 12:02:36,437.3,438.82,434.95,438.82,15342
2026-03-05 12:12:36,450.81,451.66,448.84,449.07,10448
2026-03-05 12:22:36,453.79,454.75,453.79,453.8,55132
2026-03-05 12:32:36,460.8,463.86,457.71,460.52,90100
2026-03-05 12:42:36,458.16,459.65,454.84,459.65,42004
2026-03-05 12:52:36,474.57,474.74,471.47,473.77,61885
2026-03-05 13:02:36,497.72,498.23,494.15,497.31,23151
2026-03-05 13:12:36,499.14,501.16,497.55,497.94,99529
2026-03-05 13:22:36,503.62,508.18,501.84,501.87,38831
2026-03-05 13:32:36,494.14,497.95,492.68,497.01,194369
2026-03-05 13:42:36,479.24,479.24,477.1,478.35,47380
2026-03-05 13:52:36,493.73,498.3,493.73,494.23,33881
2026-03-05 14:02:36,483.18,485.41,480.23,485.41,160310
2026-03-05 14:12:36,508.45,509.63,507.85,509.06,110786
2026-03-05 14:22:36,512.93,515.34,509.32,510.58,188951
2026-03-05 14:32:36,535.34,537.24,532.63,532.63,157724
2026-03-05 14:42:36,525.58,526.77,520.49,524.48,237504
2026-03-05 14:52:36,497.79,499.71,495.43,499.27,164460
2026-03-05 15:02:36,505.66,506.69,504.09,504.09,29925
2026-03-05 15:12:36,534.0,536.09,533.23,533.23,224780
2026-03-05 15:22:36,539.59,539.59,536.94,539.42,278179
2026-03-05 15:32:36,532.14,535.18,530.29,531.33,93128
2026-03-05 15:42:36,533.0,537.27,530.89,533.55,176664
2026-03-05 15:52:36,527.7,529.96,525.35,525.35,159587
2026-03-06 09:32:36,544.29,545.51,541.32,545.47,298828
2026-03-06 09:42:36,550.17,555.95,547.12,555.95,303815
2026-03-06 09:52:36,531.59,532.05,527.67,527.72,272600
2026-03-06 10:02:36,526.68,527.98,526.68,526.72,141302
2026-03-06 10:12:36,544.22,544.22,541.79,543.48,273697
2026-03-06 10:22:36,541.73,542.52,539.85,539.85,254935
2026-03-06 10:32:36,554.35,559.07,552.99,555.43,80783
2026-03-06 10:42:36,553.92,557.02,552.62,553.91,219353
2026-03-06 10:52:36,550.72,553.27,549.23,550.11,67157
2026-03-06 11:02:36,525.54,527.78,524.52,527.78,147869
2026-03-06 11:12:36,546.72,549.09,545.17,546.94,191971
2026-03-06 11:22:36,541.53,544.26,541.53,542.33,200201
2026-03-06 11:32:36,543.19,544.03,541.24,541.92,105746
2026-03-06 11:42:36,550.49,551.86,548.61,550.29,250629
2026-03-06 11:52:36,563.31,567.38,560.93,567.38,216646
2026-03-06 12:02:36,551.86,556.04,551.86,551.89,283186
2026-03-06 12:12:36,553.13,554.72,549.97,551.52,306142
2026-03-06 12:22:36,555.52,555.52,551.96,554.44,183109
2026-03-06 12:32:36,538.06,540.63,536.11,538.61,124500
2026-03-06 12:42:36,532.54,536.84,529.91,530.97,271155
2026-03-06 12:52:36,542.64,547.01,538.71,541.66,234557
2026-03-06 13:02:36,544.6,545.78,541.46,544.82,199947
2026-03-06 13:12:36,534.99,535.38,529.04,534.71,141782
2026-03-06 13:22:36,549.79,558.09,549.65,551.38,189522
2026-03-06 13:32:36,541.33,541.33,533.48,540.25,62214
2026-03-06 13:42:36,529.02,533.86,528.89,528.89,130950
2026-03-06 13:52:36,527.78,530.38,527.58,527.58,272549
2026-03-06 14:02:36,526.37,527.61,525.48,527.61,111207
2026-03-06 14:12:36,540.36,540.36,538.75,538.75,191155
2026-03-06 14:22:36,526.39,528.17,524.79,524.86,193046
2026-03-06 14:32:36,514.69,516.66,514.69,515.31,162861
2026-03-06 14:42:36,485.59,490.27,485.47,487.45,32828
2026-03-06 14:52:36,474.66,475.03,472.89,473.36,123965
2026-03-06 15:02:36,462.28,469.31,457.58,462.82,56755
2026-03-06 15:12:36,434.63,436.47,429.69,433.79,71236
2026-03-06 15:22:36,448.65,451.5,446.74,449.74,95952
2026-03-06 15:32:36,440.3,441.98,439.12,441.98,82952
2026-03-06 15:42:36,429.76,430.14,426.99,426.99,146063
2026-03-06 15:52:36,427.54,430.98,427.54,430.98,72623
2026-03-09 09:32:36,432.56,434.64,430.26,431.83,87481
2026-03-09 09:42:36,429.95,432.54,428.76,432.54,96698
2026-03-09 09:52:36,425.52,426.72,423.07,425.56,19702
2026-03-09 10:02:36,413.12,414.32,411.05,414.32,70054
2026-03-09 10:12:36,416.36,416.36,413.32,414.4,158819
2026-03-09 10:22:36,428.11,429.84,427.45,429.84,57630
2026-03-09 10:32:36,432.38,433.85,432.38,433.05,117896
2026-03-09 10:42:36,437.6,437.6,435.04,436.41,87450
2026-03-09 10:52:36,447.15,447.36,444.37,445.26,25421
2026-03-09 11:02:36,475.33,476.52,475.21,476.52,81877
2026-03-09 11:12:36,458.76,458.76,456.52,457.23,70830
2026-03-09 11:22:36,454.96,456.04,453.19,455.93,77639
2026-03-09 11:32:36,456.68,457.26,454.7,457.06,50717
2026-03-09 11:42:36,447.53,449.69,447.53,448.61,72258
2026-03-09 11:52:36,454.25,457.91,452.84,455.35,61379
2026-03-09 12:02:36,453.43,457.22,450.99,455.54,83835
2026-03-09 12:12:36,475.08,478.38,473.17,477.2,57683
2026-03-09 12:22:36,479.28,481.08,476.96,476.96,161745
2026-03-09 12:32:36,476.78,480.37,475.64,475.64,149802
2026-03-09 12:42:36,479.28,483.59,477.5,480.17,17278
2026-03-09 12:52:36,471.0,472.0,468.93,471.26,73450
2026-03-09 13:02:36,465.97,467.59,465.93,466.27,101224
2026-03-09 13:12:36,486.53,486.53,482.03,483.74,115595
2026-03-09 13:22:36,482.91,487.2,481.85,482.6,136457
2026-03-09 13:32:36,470.55,472.27,470.55,472.01,92326
2026-03-09 13:42:36,474.85,476.74,473.27,476.74,106856
2026-03-09 13:52:36,468.05,468.05,465.14,466.45,117001
2026-03-09 14:02:36,433.37,434.85,429.07,433.83,55604
2026-03-09 14:12:36,423.66,423.66,419.83,422.42,80230
2026-03-09 14:22:36,419.75,421.76,419.68,420.46,47858
2026-03-09 14:32:36,428.31,429.94,427.22,427.22,76580
2026-03-09 14:42:36,425.79,427.27,425.74,426.01,39363
2026-03-09 14:52:36,407.76,409.0,406.94,407.84,42159
2026-03-09 15:02:36,400.52,402.42,399.8,399.99,176303
2026-03-09 15:12:36,385.39,390.19,384.2,384.51,63558
2026-03-09 15:22:36,417.21,417.21,414.33,414.33,53736
2026-03-09 15:32:36,430.9,431.63,428.15,430.98,46092
2026-03-09 15:42:36,419.61,424.6,419.61,421.89,87771
2026-03-09 15:52:36,408.83,410.42,406.66,407.99,84488
2026-03-10 09:32:36,414.88,417.01,414.07,414.65,172703
2026-03-10 09:42:36,400.6,406.05,399.56,400.32,197179
2026-03-10 09:52:36,401.05,402.36,399.45,399.51,99637
2026-03-10 10:02:36,421.65,421.94,420.59,421.66,86144
2026-03-10 10:12:36,425.08,426.18,424.39,425.14,111604
2026-03-10 10:22:36,412.35,413.96,409.99,413.96,169924
2026-03-10 10:32:36,390.22,392.0,387.99,388.49,168403
2026-03-10 10:42:36,378.77,378.77,376.77,376.77,203738
2026-03-10 10:52:36,371.15,371.15,368.19,369.45,75446
2026-03-10 11:02:36,429.22,430.09,429.22,429.56,122723
2026-03-10 11:12:36,430.61,431.05,429.88,431.05,97551
2026-03-10 11:22:36,425.97,427.83,425.09,425.09,72303
2026-03-10 11:32:36,431.47,434.83,431.35,432.94,59873
2026-03-10 11:42:36,442.52,447.06,437.81,440.88,98844
2026-03-10 11:52:36,434.93,436.11,432.85,432.85,132052
2026-03-10 12:02:36,435.61,439.13,433.3,438.74,119052
2026-03-10 12:12:36,429.7,431.39,426.57,427.39,111489
2026-03-10 12:22:36,427.63,429.45,427.56,429.45,85066
2026-03-10 12:32:36,430.09,432.28,427.34,431.01,17293
2026-03-10 12:42:36,438.13,438.29,436.15,436.78,35373
2026-03-10 12:52:36,422.84,422.84,418.64,421.94,122993
2026-03-10 13:02:36,421.7,426.19,419.33,419.33,73771
2026-03-10 13:12:36,409.04,411.46,405.8,407.56,160606
2026-03-10 13:22:36,402.24,404.26,399.67,404.26,113948
2026-03-10 13:32:36,406.17,406.17,403.83,403.83,110176
2026-03-10 13:42:36,402.52,403.18,399.71,401.48,79699
2026-03-10 13:52:36,411.05,414.74,411.05,412.56,135838
2026-03-10 14:02:36,358.28,359.04,356.52,359.04,222184
2026-03-10 14:12:36,340.81,340.81,338.1,339.09,220165
2026-03-10 14:22:36,332.83,333.39,332.23,332.23,52494
2026-03-10 14:32:36,368.49,370.65,368.23,370.65,82677
2026-03-10 14:42:36,363.1,363.1,359.29,362.14,179639
2026-03-10 14:52:36,362.24,364.7,360.23,364.28,201395
2026-03-10 15:02:36,378.47,378.96,377.03,377.92,217633
2026-03-10 15:12:36,379.65,379.91,377.55,379.4,31141
2026-03-10 15:22:36,419.6,420.74,416.51,418.64,86300
2026-03-10 15:32:36,393.11,393.11,390.03,390.97,184699
2026-03-10 15:42:36,380.35,381.85,377.72,379.46,118659
2026-03-10 15:52:36,373.8,376.58,373.25,373.25,240690
2026-03-11 09:32:36,361.39,364.06,361.0,362.14,221361
2026-03-11 09:42:36,370.39,372.2,368.69,371.87,35287
2026-03-11 09:52:36,356.08,357.58,355.47,357.58,297560
2026-03-11 10:02:36,366.72,367.86,364.49,365.79,222257
2026-03-11 10:12:36,368.27,369.13,367.48,368.94,36349
2026-03-11 10:22:36,364.01,365.07,363.26,364.04,105149
2026-03-11 10:32:36,370.84,372.75,370.71,372.75,38903
2026-03-11 10:42:36,365.98,367.05,364.54,367.05,236753
2026-03-11 10:52:36,389.27,390.38,388.3,389.42,121903
2026-03-11 11:02:36,452.72,457.99,449.9,453.46,92470
2026-03-11 11:12:36,459.68,460.96,458.76,458.76,51996
2026-03-11 11:22:36,468.18,470.7,465.57,468.77,68977
2026-03-11 11:32:36,467.67,471.6,467.67,469.95,69532
2026-03-11 11:42:36,450.7,453.59,449.37,450.81,84452
2026-03-11 11:52:36,449.04,451.6,447.61,449.63,101081
2026-03-11 12:02:36,459.34,459.34,455.9,456.92,62830
2026-03-11 12:12:36,441.06,441.41,438.57,439.03,62575
2026-03-11 12:22:36,429.29,432.72,428.81,431.32,111620
2026-03-11 12:32:36,423.95,426.74,423.95,424.49,59175
2026-03-11 12:42:36,434.34,434.34,431.99,431.99,96092
2026-03-11 12:52:36,450.66,451.97,450.66,450.84,47622
2026-03-11 13:02:36,454.45,456.33,453.16,453.16,60005
2026-03-11 13:12:36,462.9,462.9,460.15,461.39,46334
2026-03-11 13:22:36,453.58,456.64,452.08,454.71,12686
2026-03-11 13:32:36,430.98,431.28,427.5,431.28,47050
2026-03-11 13:42:36,444.41,444.41,441.05,443.43,32423
2026-03-11 13:52:36,448.35,451.73,448.35,451.73,58718
2026-03-11 14:02:36,418.84,418.84,414.5,414.5,55913
2026-03-11 14:12:36,417.37,417.37,411.73,415.62,123548
2026-03-11 14:22:36,394.31,395.31,393.0,393.81,193575
2026-03-11 14:32:36,403.25,404.8,402.58,403.63,154314
2026-03-11 14:42:36,392.9,393.26,390.27,391.72,220775
2026-03-11 14:52:36,395.55,396.23,393.51,394.23,141938
2026-03-11 15:02:36,404.84,407.47,404.34,405.98,141056
2026-03-11 15:12:36,409.59,412.62,408.84,412.56,50808
2026-03-11 15:22:36,422.56,424.1,421.51,423.71,142436
2026-03-11 15:32:36,416.57,417.15,416.37,416.55,76947
2026-03-11 15:42:36,425.49,426.96,424.88,426.48,98348
2026-03-11 15:52:36,453.57,454.5,452.24,452.69,101053
2026-03-12 09:32:36,460.99,462.33,458.45,460.76,85497
2026-03-12 09:42:36,448.79,451.27,448.79,450.15,61298
2026-03-12 09:52:36,458.96,461.43,457.62,459.04,25035
2026-03-12 10:02:36,429.01,429.01,424.22,427.59,70348
2026-03-12 10:12:36,421.51,423.61,419.34,419.63,145480
2026-03-12 10:22:36,428.85,431.14,427.8,429.04,61384
2026-03-12 10:32:36,436.06,438.91,435.63,436.28,121282
2026-03-12 10:42:36,431.65,431.65,429.1,429.56,126579
2026-03-12 10:52:36,434.65,438.28,432.02,432.02,42569
2026-03-12 11:02:36,451.45,456.4,449.75,451.06,63317
2026-03-12 11:12:36,449.07,451.15,448.24,449.26,67844
2026-03-12 11:22:36,443.52,444.08,440.94,444.08,40486
2026-03-12 11:32:36,435.1,437.34,432.8,434.23,53491
2026-03-12 11:42:36,435.5,437.85,433.72,435.66,101731
2026-03-12 11:52:36,428.99,431.77,426.16,427.64,96738
2026-03-12 12:02:36,432.02,433.33,429.58,432.25,73937
2026-03-12 12:12:36,408.52,408.52,405.9,405.9,114839
2026-03-12 12:22:36,410.29,412.76,407.32,412.11,130198
2026-03-12 12:32:36,413.25,413.29,411.79,413.29,36962
2026-03-12 12:42:36,411.17,414.71,410.94,412.47,89225
2026-03-12 12:52:36,407.2,412.69,407.2,410.2,163561
2026-03-12 13:02:36,405.14,408.14,403.6,404.84,139600
2026-03-12 13:12:36,399.55,401.92,398.32,398.32,104892
2026-03-12 13:22:36,396.57,396.95,394.66,396.95,97785
2026-03-12 13:32:36,401.01,403.34,400.01,402.88,109204
2026-03-12 13:42:36,423.97,425.47,422.11,423.45,33181
2026-03-12 13:52:36,434.54,436.59,432.85,432.85,68918
2026-03-12 14:02:36,388.68,388.68,385.53,386.78,75741
2026-03-12 14:12:36,403.5,404.83,402.27,404.83,123578
2026-03-12 14:22:36,379.96,384.0,378.13,379.92,187560
2026-03-12 14:32:36,377.61,379.31,376.82,378.83,47901
2026-03-12 14:42:36,377.51,378.23,375.67,376.67,56518
2026-03-12 14:52:36,376.21,378.42,374.91,376.15,33741
2026-03-12 15:02:36,371.94,372.58,371.46,372.37,245900
2026-03-12 15:12:36,356.8,357.14,354.93,355.81,62261
2026-03-12 15:22:36,377.17,380.35,375.19,376.74,145843
2026-03-12 15:32:36,354.26,355.02,351.88,353.01,302042
2026-03-12 15:42:36,370.19,370.25,369.11,369.56,269285
2026-03-12 15:52:36,362.91,368.36,360.53,364.48,69809
2026-03-13 09:32:36,345.98,348.56,342.33,346.54,142525
2026-03-13 09:42:36,314.45,314.49,312.72,314.49,384472
2026-03-13 09:52:36,305.19,305.37,304.01,304.55,128516
2026-03-13 10:02:36,280.07,280.72,279.0,279.0,426495
2026-03-13 10:12:36,286.19,286.96,283.74,286.21,193012
2026-03-13 10:22:36,268.47,269.54,266.55,267.21,111364
2026-03-13 10:32:36,298.92,303.28,298.92,300.51,201251
2026-03-13 10:42:36,296.61,299.6,294.28,295.79,222242
2026-03-13 10:52:36,289.79,292.55,289.79,292.55,313159
2026-03-13 11:02:36,371.08,371.36,368.9,371.36,125624
2026-03-13 11:12:36,363.38,365.46,360.93,362.4,156844
2026-03-13 11:22:36,372.56,372.69,371.78,371.78,208586
2026-03-13 11:32:36,366.64,366.79,363.86,365.34,84716
2026-03-13 11:42:36,361.31,362.36,358.68,360.55,215452
2026-03-13 11:52:36,354.23,355.23,354.15,355.23,94359
2026-03-13 12:02:36,363.09,364.94,362.39,364.94,126515
2026-03-13 12:12:36,372.1,373.16,369.86,370.85,145778
2026-03-13 12:22:36,362.19,364.76,362.19,363.87,247544
2026-03-13 12:32:36,366.37,367.39,366.21,366.21,280517
2026-03-13 12:42:36,377.19,378.16,376.2,377.65,95728
2026-03-13 12:52:36,375.0,375.91,373.6,375.59,106380
2026-03-13 13:02:36,380.11,382.72,376.38,379.56,74895
2026-03-13 13:12:36,380.21,383.77,377.24,380.63,135228
2026-03-13 13:22:36,384.99,387.85,382.11,384.57,206475
2026-03-13 13:32:36,382.4,382.45,379.49,381.16,115431
2026-03-13 13:42:36,391.44,394.63,391.44,392.55,170204
2026-03-13 13:52:36,389.96,390.78,387.39,390.46,176977
2026-03-13 14:02:36,332.47,334.77,332.47,332.73,277176
2026-03-13 14:12:36,338.15,338.16,336.78,338.16,200992
2026-03-13 14:22:36,335.95,337.79,334.87,336.51,76117
2026-03-13 14:32:36,355.13,355.21,354.6,354.98,79700
2026-03-13 14:42:36,368.15,368.15,365.05,368.1,67980
2026-03-13 14:52:36,358.59,359.64,354.96,357.85,143003
2026-03-13 15:02:36,354.04,354.38,351.97,353.04,153326
2026-03-13 15:12:36,357.54,357.54,355.93,356.47,94193
2026-03-13 15:22:36,357.38,359.13,355.3,355.49,253793
2026-03-13 15:32:36,348.85,348.98,345.29,346.63,291953
2026-03-13 15:42:36,364.47,369.01,364.47,367.39,104146
2026-03-13 15:52:36,356.45,357.86,354.39,354.39,191182
2026-03-16 09:32:36,360.78,363.0,358.17,361.08,60382
2026-03-16 09:42:36,348.84,351.39,348.84,349.51,255223
2026-03-16 09:52:36,369.84,371.04,368.02,368.22,54546
2026-03-16 10:02:36,359.33,360.6,359.33,360.6,118608
2026-03-16 10:12:36,363.88,367.03,363.88,365.41,257020
2026-03-16 10:22:36,361.38,361.38,359.94,360.39,237706
2026-03-16 10:32:36,362.01,363.53,360.95,361.77,211763
2026-03-16 10:42:36,360.7,361.48,360.7,361.13,32234
2026-03-16 10:52:36,352.9,352.9,350.1,351.47,93664
2026-03-16 11:02:36,403.5,405.37,401.56,401.56,202874
2026-03-16 11:12:36,388.69,389.46,383.19,389.46,86982
2026-03-16 11:22:36,380.35,380.59,377.95,380.59,121520
2026-03-16 11:32:36,375.39,375.39,373.41,373.41,252344
2026-03-16 11:42:36,378.94,378.94,375.88,377.57,99946
2026-03-16 11:52:36,356.68,359.63,354.02,356.26,204831
2026-03-16 12:02:36,361.21,361.21,358.94,358.94,198912
2026-03-16 12:12:36,360.09,362.06,360.09,360.36,90732
2026-03-16 12:22:36,353.34,355.45,352.67,355.45,294645
2026-03-16 12:32:36,348.89,352.7,348.89,350.11,107028
2026-03-16 12:42:36,352.46,354.19,350.48,351.54,168140
2026-03-16 12:52:36,344.44,345.25,342.53,345.25,316460
2026-03-16 13:02:36,350.01,350.92,345.96,348.0,39343
2026-03-16 13:12:36,341.2,342.46,338.74,340.85,152361
2026-03-16 13:22:36,341.46,342.1,339.91,340.98,305168
2026-03-16 13:32:36,338.36,341.81,334.86,338.72,99118
2026-03-16 13:42:36,351.1,351.1,349.26,350.55,236797
2026-03-16 13:52:36,329.3,334.32,329.3,330.71,204870
2026-03-16 14:02:36,240.27,241.34,240.27,241.34,276284
2026-03-16 14:12:36,232.3,233.63,232.3,233.63,159228
2026-03-16 14:22:36,218.2,218.93,217.61,218.93,278259
2026-03-16 14:32:36,231.58,232.42,231.58,231.63,450219
2026-03-16 14:42:36,239.58,240.24,237.57,240.24,513900
2026-03-16 14:52:36,213.69,214.03,213.05,213.05,434445
2026-03-16 15:02:36,229.39,229.54,228.08,228.72,292318
2026-03-16 15:12:36,260.51,262.6,260.18,260.18,379519
2026-03-16 15:22:36,252.96,253.51,249.59,252.89,112495
2026-03-16 15:32:36,269.59,271.66,268.95,271.35,213894
2026-03-16 15:42:36,257.68,258.44,257.11,258.09,262618
2026-03-16 15:52:36,273.6,275.61,273.6,273.94,414207
2026-03-17 09:32:36,273.08,274.42,270.77,272.97,227563
2026-03-17 09:42:36,264.68,266.43,264.68,265.48,228583
2026-03-17 09:52:36,269.76,271.55,269.35,271.55,156686
2026-03-17 10:02:36,281.43,282.89,278.15,280.74,354401
2026-03-17 10:12:36,280.1,280.1,277.93,280.0,99683
2026-03-17 10:22:36,276.75,278.93,274.38,277.29,465707
2026-03-17 10:32:36,308.88,309.77,307.26,307.26,291364
2026-03-17 10:42:36,306.64,309.97,306.26,307.23,125707
2026-03-17 10:52:36,275.0,276.48,274.16,276.09,259874
2026-03-17 11:02:36,338.06,341.43,335.58,340.87,270551
2026-03-17 11:12:36,351.76,353.53,351.36,352.15,113672
2026-03-17 11:22:36,371.64,371.76,369.39,371.37,77340
2026-03-17 11:32:36,368.44,370.17,367.68,369.56,160773
2026-03-17 11:42:36,370.79,371.72,370.51,370.63,71666
2026-03-17 11:52:36,378.54,378.54,373.86,377.46,170887
2026-03-17 12:02:36,371.34,371.67,369.11,369.6,139469
2026-03-17 12:12:36,369.12,369.18,364.68,366.74,236712
2026-03-17 12:22:36,373.06,375.74,373.06,373.38,63214
2026-03-17 12:32:36,390.98,390.98,388.82,388.82,103735
2026-03-17 12:42:36,393.14,395.46,392.98,392.98,216092
2026-03-17 12:52:36,391.94,393.4,389.83,392.83,215127
2026-03-17 13:02:36,381.52,383.28,380.03,383.28,213916
2026-03-17 13:12:36,380.19,381.82,378.93,381.82,118887
2026-03-17 13:22:36,375.22,377.21,374.74,376.07,171542
2026-03-17 13:32:36,376.25,378.5,375.78,378.5,51904
2026-03-17 13:42:36,375.04,375.7,370.08,374.85,124968
2026-03-17 13:52:36,376.21,378.08,375.55,378.08,180424
2026-03-17 14:02:36,293.95,293.95,290.09,290.09,139746
2026-03-17 14:12:36,268.76,269.81,268.3,269.81,87885
2026-03-17 14:22:36,288.09,291.46,288.09,289.01,224225
2026-03-17 14:32:36,287.82,289.98,286.83,288.02,243320
2026-03-17 14:42:36,267.41,269.43,267.29,268.78,491415
2026-03-17 14:52:36,262.85,263.67,261.88,261.9,333883
2026-03-17 15:02:36,247.69,248.76,246.53,247.15,514601
2026-03-17 15:12:36,249.91,250.79,249.53,249.53,534307
2026-03-17 15:22:36,266.88,268.04,266.12,267.92,115141
2026-03-17 15:32:36,245.9,246.96,245.56,246.23,198751
2026-03-17 15:42:36,258.46,260.35,258.2,259.31,369821
2026-03-17 15:52:36,268.03,268.03,266.45,266.45,394958
2026-03-18 09:32:36,266.75,267.15,266.55,266.68,166832
2026-03-18 09:42:36,276.25,278.51,275.05,275.63,51450
2026-03-18 09:52:36,270.36,271.17,270.36,270.84,165044
2026-03-18 10:02:36,252.95,256.2,252.95,255.15,310669
2026-03-18 10:12:36,250.1,254.31,249.36,250.13,202636
2026-03-18 10:22:36,229.57,230.01,226.74,228.93,402776
2026-03-18 10:32:36,206.11,206.23,205.58,206.15,469156
2026-03-18 10:42:36,214.89,215.67,214.26,215.38,99880
2026-03-18 10:52:36,210.74,212.07,210.62,210.62,388656
2026-03-18 11:02:36,302.12,305.0,302.12,303.38,140886
2026-03-18 11:12:36,321.39,321.68,319.74,321.68,41150
2026-03-18 11:22:36,318.18,320.39,317.49,319.22,161705
2026-03-18 11:32:36,305.86,308.11,305.86,306.76,276389
2026-03-18 11:42:36,306.7,307.16,305.42,307.15,388900
2026-03-18 11:52:36,289.44,290.82,288.94,290.82,193905
2026-03-18 12:02:36,290.44,291.67,289.32,290.62,298593
2026-03-18 12:12:36,300.49,302.57,300.49,302.19,305265
2026-03-18 12:22:36,301.22,303.28,300.49,300.9,394834
2026-03-18 12:32:36,291.82,291.82,290.09,290.52,409700
2026-03-18 12:42:36,309.28,309.95,309.09,309.09,202842
2026-03-18 12:52:36,305.45,307.74,305.45,306.96,284783
2026-03-18 13:02:36,303.54,304.28,303.22,304.08,292111
2026-03-18 13:12:36,320.49,321.0,317.02,321.0,300596
2026-03-18 13:22:36,319.12,320.01,318.17,318.17,220337
2026-03-18 13:32:36,331.51,331.51,330.29,331.27,260030
2026-03-18 13:42:36,334.45,335.79,331.44,333.18,80943
2026-03-18 13:52:36,333.15,334.02,332.18,333.27,189525
2026-03-18 14:02:36,233.05,233.52,231.38,232.75,245366
2026-03-18 14:12:36,214.66,214.66,213.04,214.45,446811
2026-03-18 14:22:36,200.21,200.37,198.77,199.82,136400
2026-03-18 14:32:36,173.79,175.14,173.56,174.64,597374
2026-03-18 14:42:36,148.94,149.55,148.35,149.55,115032
2026-03-18 14:52:36,166.93,167.42,166.15,167.42,538775
2026-03-18 15:02:36,155.93,156.5,153.49,154.87,241399
2026-03-18 15:12:36,158.24,159.24,157.58,158.23,509370
2026-03-18 15:22:36,173.76,173.76,172.17,172.85,221022
2026-03-18 15:32:36,177.81,178.47,177.16,177.16,594459
2026-03-18 15:42:36,182.4,184.14,180.64,182.26,228062
2026-03-18 15:52:36,202.95,203.85,201.87,203.85,116725
2026-03-19 09:32:36,238.05,239.52,236.86,239.52,273801
2026-03-19 09:42:36,242.95,243.2,240.48,243.0,559172
2026-03-19 09:52:36,237.73,240.49,237.73,238.43,252530
2026-03-19 10:02:36,243.82,244.74,242.92,244.25,145939
2026-03-19 10:12:36,254.5,255.8,253.66,254.67,225447
2026-03-19 10:22:36,257.71,257.94,256.84,256.84,262184
2026-03-19 10:32:36,244.63,244.63,242.74,242.74,339116
2026-03-19 10:42:36,251.81,251.93,249.25,250.52,120679
2026-03-19 10:52:36,257.1,259.15,255.31,257.81,346636
2026-03-19 11:02:36,339.67,340.64,337.09,339.72,112878
2026-03-19 11:12:36,345.46,348.78,343.86,345.04,318465
2026-03-19 11:22:36,351.9,354.73,351.51,351.51,106371
2026-03-19 11:32:36,346.75,348.64,346.75,348.51,272989
2026-03-19 11:42:36,345.55,346.89,344.14,346.89,43336
2026-03-19 11:52:36,355.45,356.67,354.16,355.91,170119
2026-03-19 12:02:36,358.53,361.09,353.92,361.09,267536
2026-03-19 12:12:36,358.16,358.16,356.96,357.75,47271
2026-03-19 12:22:36,345.61,350.07,344.87,347.05,74273
2026-03-19 12:32:36,343.81,347.41,343.81,345.52,114909
2026-03-19 12:42:36,346.47,346.99,342.91,346.38,78498
2026-03-19 12:52:36,357.4,359.57,356.39,357.28,187228
2026-03-19 13:02:36,367.0,369.21,365.92,367.52,219950
2026-03-19 13:12:36,358.58,361.08,358.58,358.69,289762
2026-03-19 13:22:36,361.43,364.4,360.85,361.85,69056
2026-03-19 13:32:36,363.01,363.01,359.49,362.96,128127
2026-03-19 13:42:36,356.41,360.44,355.87,357.31,128319
2026-03-19 13:52:36,350.86,355.44,350.86,352.96,250471
2026-03-19 14:02:36,267.92,269.5,265.34,268.97,150542
2026-03-19 14:12:36,258.25,260.71,257.46,260.71,439210
2026-03-19 14:22:36,252.15,252.7,249.94,252.7,530764
2026-03-19 14:32:36,243.48,243.87,243.15,243.87,424523
2026-03-19 14:42:36,286.35,288.57,284.48,285.09,249432
2026-03-19 14:52:36,267.33,267.33,265.87,266.29,52797
2026-03-19 15:02:36,281.6,282.49,280.62,280.62,108143
2026-03-19 15:12:36,306.37,306.37,305.48,305.48,356087
2026-03-19 15:22:36,287.86,288.55,286.93,287.56,364299
2026-03-19 15:32:36,311.48,311.48,308.2,311.33,123848
2026-03-19 15:42:36,298.7,300.08,297.69,299.04,342666
2026-03-19 15:52:36,300.24,300.32,299.49,299.98,432668
2026-03-20 09:32:36,299.06,299.35,298.75,298.96,399363
2026-03-20 09:42:36,284.54,284.87,281.95,282.09,444204
2026-03-20 09:52:36,275.92,277.69,275.28,275.59,445160
2026-03-20 10:02:36,248.85,251.04,248.85,251.04,167800
2026-03-20 10:12:36,257.04,260.0,257.04,257.65,298940
2026-03-20 10:22:36,242.54,242.55,240.76,241.39,103616
2026-03-20 10:32:36,260.47,261.81,259.17,259.87,242479
2026-03-20 10:42:36,266.02,266.43,263.72,265.44,380942
2026-03-20 10:52:36,258.79,261.0,257.51,259.04,102795
2026-03-20 11:02:36,327.8,328.61,326.52,327.07,301041
2026-03-20 11:12:36,335.31,336.81,332.9,334.08,64804
2026-03-20 11:22:36,319.42,323.8,316.55,321.11,172344
2026-03-20 11:32:36,320.96,320.96,318.98,319.67,373014
2026-03-20 11:42:36,301.3,303.4,300.17,301.02,357269
2026-03-20 11:52:36,289.54,291.31,289.38,290.51,334495
2026-03-20 12:02:36,278.44,279.75,278.44,279.75,155209
2026-03-20 12:12:36,283.35,284.19,281.96,282.59,313091
2026-03-20 12:22:36,286.0,288.38,286.0,286.56,89261
2026-03-20 12:32:36,283.79,283.87,283.26,283.87,470273
2026-03-20 12:42:36,278.92,279.92,278.09,279.81,443059
2026-03-20 12:52:36,274.07,275.13,274.01,274.03,59029
2026-03-20 13:02:36,265.9,266.59,265.56,266.59,204137
2026-03-20 13:12:36,267.78,268.83,265.57,267.31,65405
2026-03-20 13:22:36,266.51,269.19,261.59,266.02,136901
2026-03-20 13:32:36,272.6,274.65,271.36,272.28,405542
2026-03-20 13:42:36,281.69,283.89,281.69,283.29,236554
2026-03-20 13:52:36,290.29,291.55,288.7,288.7,191482
2026-03-20 14:02:36,197.64,198.3,197.64,198.3,436830
2026-03-20 14:12:36,177.66,178.41,176.67,178.22,466295
2026-03-20 14:22:36,145.72,146.98,145.19,145.66,259465
2026-03-20 14:32:36,171.79,172.91,171.47,172.91,457093
2026-03-20 14:42:36,179.59,180.55,179.44,180.55,443015
2026-03-20 14:52:36,193.53,195.06,193.53,194.61,268999
2026-03-20 15:02:36,183.82,184.6,183.36,184.08,555872
2026-03-20 15:12:36,172.38,173.33,170.88,173.33,296964
2026-03-20 15:22:36,182.48,184.7,181.89,183.23,122488
2026-03-20 15:32:36,199.44,200.97,198.74,199.06,422800
2026-03-20 15:42:36,213.85,214.08,211.24,212.55,261304
2026-03-20 15:52:36,214.98,216.98,214.76,214.76,410898
2026-03-23 09:32:36,201.81,203.25,200.41,203.25,510074
2026-03-23 09:42:36,218.22,219.54,218.1,218.58,289057
2026-03-23 09:52:36,205.05,205.05,203.39,203.5,340000
2026-03-23 10:02:36,185.33,185.39,184.28,184.56,500318
2026-03-23 10:12:36,180.66,181.47,180.53,180.54,363016
2026-03-23 10:22:36,190.07,190.14,187.95,190.14,622555
2026-03-23 10:32:36,196.86,198.19,196.52,197.44,439092
2026-03-23 10:42:36,204.34,204.87,202.7,204.82,471877
2026-03-23 10:52:36,201.34,203.3,201.34,202.08,129606
2026-03-23 11:02:36,290.18,290.36,287.34,290.27,449071
2026-03-23 11:12:36,284.1,286.31,283.22,283.43,412650
2026-03-23 11:22:36,285.73,285.78,281.03,285.78,403384
2026-03-23 11:32:36,284.49,286.06,283.4,285.05,330706
2026-03-23 11:42:36,292.2,292.86,291.59,291.9,102261
2026-03-23 11:52:36,291.33,292.75,290.48,290.48,257515
2026-03-23 12:02:36,288.11,288.27,285.68,287.96,405781
2026-03-23 12:12:36,286.0,287.99,284.52,284.52,211204
2026-03-23 12:22:36,286.5,288.54,284.89,285.54,122888
2026-03-23 12:32:36,293.8,293.8,291.3,293.66,235898
2026-03-23 12:42:36,278.07,281.48,278.07,279.89,145465
2026-03-23 12:52:36,297.35,298.91,295.03,295.59,434518
2026-03-23 13:02:36,297.15,298.33,294.07,297.26,73797
2026-03-23 13:12:36,292.0,292.28,290.32,291.94,408119
2026-03-23 13:22:36,294.25,294.25,290.51,291.71,197517
2026-03-23 13:32:36,281.5,281.5,279.67,281.15,472229
2026-03-23 13:42:36,281.06,282.27,278.72,280.99,237188
2026-03-23 13:52:36,283.55,285.58,280.59,283.38,393196
2026-03-23 14:02:36,194.54,194.87,194.25,194.25,476702
2026-03-23 14:12:36,184.57,186.32,183.57,184.86,307030
2026-03-23 14:22:36,210.18,211.36,209.8,211.1,245588
2026-03-23 14:32:36,212.05,212.5,210.95,212.29,101732
2026-03-23 14:42:36,218.44,221.75,217.47,220.03,341820
2026-03-23 14:52:36,213.13,214.81,212.68,212.68,102730
2026-03-23 15:02:36,228.04,228.21,226.77,227.88,561569
2026-03-23 15:12:36,217.03,218.15,216.74,218.15,253469
2026-03-23 15:22:36,210.99,212.05,208.75,210.86,257231
2026-03-23 15:32:36,243.55,245.77,243.22,245.29,458991
2026-03-23 15:42:36,247.24,247.74,245.15,247.74,61254
2026-03-23 15:52:36,233.22,233.77,232.33,232.95,216074
2026-03-24 09:32:36,237.49,238.76,236.03,238.76,336701
2026-03-24 09:42:36,224.65,225.19,222.72,225.19,330812
2026-03-24 09:52:36,237.6,237.6,236.19,236.79,179787
2026-03-24 10:02:36,238.75,240.3,238.75,239.7,528723
2026-03-24 10:12:36,223.67,224.22,222.24,223.91,587614
2026-03-24 10:22:36,244.69,244.69,243.89,243.89,377245
2026-03-24 10:32:36,222.86,222.86,221.01,221.74,146495
2026-03-24 10:42:36,214.31,216.47,214.17,214.68,245181
2026-03-24 10:52:36,210.12,211.4,210.12,211.23,240720
2026-03-24 11:02:36,332.79,336.45,331.02,331.75,353153
2026-03-24 11:12:36,336.59,337.79,333.08,335.45,216585
2026-03-24 11:22:36,335.47,335.57,334.77,335.21,214698
2026-03-24 11:32:36,337.44,339.82,337.44,339.82,83324
2026-03-24 11:42:36,337.58,339.55,336.46,338.45,58528
2026-03-24 11:52:36,336.6,336.68,335.35,336.68,338948
2026-03-24 12:02:36,347.67,350.3,345.35,347.29,93335
2026-03-24 12:12:36,327.7,327.93,326.37,326.47,189169
2026-03-24 12:22:36,335.67,336.72,334.16,335.18,55312
2026-03-24 12:32:36,334.17,334.7,332.08,333.15,302503
2026-03-24 12:42:36,334.44,334.54,331.98,333.19,223842
2026-03-24 12:52:36,332.79,333.8,332.79,333.8,109205
2026-03-24 13:02:36,331.09,333.79,330.57,331.4,243853
2026-03-24 13:12:36,335.32,337.08,333.74,335.04,86536
2026-03-24 13:22:36,333.8,333.8,330.22,332.77,121883
2026-03-24 13:32:36,330.0,330.0,327.51,327.51,69347
2026-03-24 13:42:36,312.31,313.52,311.77,311.99,209993
2026-03-24 13:52:36,313.49,315.3,312.19,313.31,344710
2026-03-24 14:02:36,209.46,210.78,208.76,208.76,306433
2026-03-24 14:12:36,194.86,196.3,194.16,194.42,639305
2026-03-24 14:22:36,196.57,198.86,195.77,198.04,417282
2026-03-24 14:32:36,177.97,178.4,177.38,177.73,494991
2026-03-24 14:42:36,192.23,192.95,191.26,191.83,107311
2026-03-24 14:52:36,184.11,185.1,183.49,184.07,256041
2026-03-24 15:02:36,175.67,175.78,174.65,175.78,332252
2026-03-24 15:12:36,179.66,180.43,178.43,178.88,266305
2026-03-24 15:22:36,178.68,179.0,178.1,179.0,166039
2026-03-24 15:32:36,164.01,164.01,162.39,163.66,232416
2026-03-24 15:42:36,158.3,158.3,157.28,157.98,76376
2026-03-24 15:52:36,153.59,153.74,152.8,152.91,706938
2026-03-25 09:32:36,174.14,175.16,173.44,174.92,551110
2026-03-25 09:42:36,181.24,181.91,180.88,181.03,199019
2026-03-25 09:52:36,171.94,174.42,171.94,172.98,86870
2026-03-25 10:02:36,182.18,184.09,180.96,182.25,114205
2026-03-25 10:12:36,181.63,182.44,181.45,181.8,140157
2026-03-25 10:22:36,190.76,191.19,189.7,190.47,522309
2026-03-25 10:32:36,213.9,214.61,211.97,214.61,90748
2026-03-25 10:42:36,192.2,192.35,190.44,190.71,262559
2026-03-25 10:52:36,197.22,197.48,196.31,196.31,187841
2026-03-25 11:02:36,317.26,317.26,315.49,317.24,48612
2026-03-25 11:12:36,309.95,310.06,308.15,308.62,364020
2026-03-25 11:22:36,314.68,315.33,314.6,314.86,105407
2026-03-25 11:32:36,305.85,306.18,304.13,305.17,117611
2026-03-25 11:42:36,291.31,291.78,286.61,291.56,339289
2026-03-25 11:52:36,284.65,285.34,283.13,283.13,287194
2026-03-25 12:02:36,273.08,275.84,272.22,272.64,407764
2026-03-25 12:12:36,278.41,279.13,276.57,277.24,343964
2026-03-25 12:22:36,282.23,282.79,281.27,282.45,113001
2026-03-25 12:32:36,289.76,291.96,287.83,287.89,345292
2026-03-25 12:42:36,286.94,289.16,286.45,286.45,390947
2026-03-25 12:52:36,285.27,285.27,283.44,284.95,305032
2026-03-25 13:02:36,298.88,299.33,298.45,298.45,241107
2026-03-25 13:12:36,307.54,312.42,307.54,308.01,204585
2026-03-25 13:22:36,327.82,328.54,327.33,327.77,246136
2026-03-25 13:32:36,326.28,326.28,324.1,325.66,363582
2026-03-25 13:42:36,333.5,333.5,331.07,331.99,302529
2026-03-25 13:52:36,341.2,342.52,340.7,341.12,122837
2026-03-25 14:02:36,257.89,259.05,257.36,258.88,360455
2026-03-25 14:12:36,227.67,228.73,224.36,226.34,452647
2026-03-25 14:22:36,228.58,229.84,228.33,229.84,265063
2026-03-25 14:32:36,227.95,228.37,227.47,228.37,456539
2026-03-25 14:42:36,231.17,231.99,229.32,230.08,246089
2026-03-25 14:52:36,221.08,223.96,219.96,222.03,105161
2026-03-25 15:02:36,205.38,206.99,203.82,204.79,633036
2026-03-25 15:12:36,187.67,188.48,187.1,188.48,216155
2026-03-25 15:22:36,177.03,177.92,175.77,177.92,337921
2026-03-25 15:32:36,203.65,205.02,203.13,203.25,381520
2026-03-25 15:42:36,221.97,222.75,218.9,221.02,139773
2026-03-25 15:52:36,201.53,203.86,200.73,201.81,135882
2026-03-26 09:32:36,203.88,204.86,203.88,204.86,73605
2026-03-26 09:42:36,226.06,226.58,225.07,225.07,305745
2026-03-26 09:52:36,233.74,233.74,231.59,233.37,60953
2026-03-26 10:02:36,233.45,234.22,232.64,234.22,507011
2026-03-26 10:12:36,221.14,222.36,219.72,220.58,103491
2026-03-26 10:22:36,218.56,218.56,217.61,218.33,615198
2026-03-26 10:32:36,217.84,219.43,217.66,218.52,317524
2026-03-26 10:42:36,218.31,220.55,217.16,217.16,265443
2026-03-26 10:52:36,223.93,224.18,222.27,224.18,432687
2026-03-26 11:02:36,332.86,332.93,329.31,332.93,65200
2026-03-26 11:12:36,342.03,343.5,338.41,343.5,76451
2026-03-26 11:22:36,332.0,332.0,331.35,331.39,221500
2026-03-26 11:32:36,325.09,326.47,322.57,324.82,99529
2026-03-26 11:42:36,326.06,327.14,325.91,325.91,371507
2026-03-26 11:52:36,330.72,332.13,328.3,330.67,149393
2026-03-26 12:02:36,334.21,335.76,333.06,333.62,114532
2026-03-26 12:12:36,333.74,333.74,331.4,331.91,302790
2026-03-26 12:22:36,333.86,333.86,332.54,333.42,168879
2026-03-26 12:32:36,327.25,329.47,326.11,327.07,277795
2026-03-26 12:42:36,329.91,332.32,329.91,332.32,154972
2026-03-26 12:52:36,326.64,326.64,323.23,325.95,274448
2026-03-26 13:02:36,330.33,332.28,329.58,330.16,121286
2026-03-26 13:12:36,354.33,354.88,352.0,353.87,149662
2026-03-26 13:22:36,358.05,363.35,358.05,360.93,256798
2026-03-26 13:32:36,354.78,355.28,351.47,354.35,154327
2026-03-26 13:42:36,346.68,347.74,345.12,345.12,71298
2026-03-26 13:52:36,363.39,366.54,362.83,364.3,96601
2026-03-26 14:02:36,283.43,284.61,282.53,282.53,75754
2026-03-26 14:12:36,303.57,305.91,302.49,303.75,423611
2026-03-26 14:22:36,304.43,304.66,303.15,304.27,364198
2026-03-26 14:32:36,297.82,301.21,296.46,296.46,237171
2026-03-26 14:42:36,292.84,293.78,292.75,293.46,64492
2026-03-26 14:52:36,311.22,312.74,311.22,311.45,323594
2026-03-26 15:02:36,287.2,288.66,285.78,287.22,88757
2026-03-26 15:12:36,303.96,306.68,302.27,303.71,415178
2026-03-26 15:22:36,329.39,331.04,328.23,329.24,43625
2026-03-26 15:32:36,323.95,325.87,321.94,325.25,252694
2026-03-26 15:42:36,325.38,328.36,324.58,324.76,200472
2026-03-26 15:52:36,317.83,320.31,317.83,319.65,284501
2026-03-27 09:32:36,305.63,306.7,304.93,304.93,412200
2026-03-27 09:42:36,291.97,294.31,291.33,292.43,446542
2026-03-27 09:52:36,289.45,290.92,288.55,288.63,111229
2026-03-27 10:02:36,292.62,296.06,291.83,293.18,46442
2026-03-27 10:12:36,273.27,274.73,270.84,274.6,70425
2026-03-27 10:22:36,291.71,293.0,291.5,293.0,197663
2026-03-27 10:32:36,296.54,300.1,295.07,297.31,251005
2026-03-27 10:42:36,285.27,286.25,284.91,285.4,265045
2026-03-27 10:52:36,273.51,273.51,271.63,272.05,338155
2026-03-27 11:02:36,341.81,343.37,341.81,342.55,217581
2026-03-27 11:12:36,340.61,342.51,339.94,340.53,284757
2026-03-27 11:22:36,346.37,348.09,343.87,346.64,194583
2026-03-27 11:32:36,331.9,332.39,328.19,329.46,325485
2026-03-27 11:42:36,343.27,343.27,340.98,342.89,296035
2026-03-27 11:52:36,344.97,347.92,344.97,347.92,275132
2026-03-27 12:02:36,367.2,368.96,366.94,367.64,123023
2026-03-27 12:12:36,365.07,367.46,365.07,367.23,279694
2026-03-27 12:22:36,354.62,356.13,352.0,354.38,42791
2026-03-27 12:32:36,353.03,354.31,350.16,353.13,125056
2026-03-27 12:42:36,338.47,340.32,337.35,337.99,185754
2026-03-27 12:52:36,333.78,335.01,333.51,333.6,55567
2026-03-27 13:02:36,345.71,348.67,344.06,347.13,147689
2026-03-27 13:12:36,352.15,354.27,351.85,352.07,154195
2026-03-27 13:22:36,363.79,365.48,363.79,363.95,196619
2026-03-27 13:32:36,359.85,361.46,358.13,360.08,274102
2026-03-27 13:42:36,351.92,353.77,349.77,351.33,145310
2026-03-27 13:52:36,349.42,349.42,346.75,346.75,276261
2026-03-27 14:02:36,273.89,273.89,272.03,272.03,201056
2026-03-27 14:12:36,260.95,261.22,260.43,260.43,126634
2026-03-27 14:22:36,285.63,285.99,284.98,285.46,309906
2026-03-27 14:32:36,293.99,296.5,293.18,293.82,397165
2026-03-27 14:42:36,278.49,280.79,278.07,279.82,375755
2026-03-27 14:52:36,281.1,281.56,280.08,281.51,63819
2026-03-27 15:02:36,273.72,273.98,272.79,272.79,141211
2026-03-27 15:12:36,291.86,293.54,291.77,292.79,396674
2026-03-27 15:22:36,291.97,291.97,290.42,290.42,63307
2026-03-27 15:32:36,293.46,294.64,293.37,293.44,297443
2026-03-27 15:42:36,267.21,267.25,266.86,266.86,274540
2026-03-27 15:52:36,268.22,269.59,266.84,267.7,270060
2026-03-30 09:32:36,283.27,285.54,281.57,282.24,355293
2026-03-30 09:42:36,304.05,306.67,302.33,304.23,309900
2026-03-30 09:52:36,305.01,306.27,303.53,304.47,202945
2026-03-30 10:02:36,306.86,309.56,305.75,307.33,387537
2026-03-30 10:12:36,327.91,331.1,327.51,327.91,84543
2026-03-30 10:22:36,334.8,335.2,332.18,334.21,155487
2026-03-30 10:32:36,332.58,333.0,328.95,333.0,296202
2026-03-30 10:42:36,316.89,317.59,313.03,314.86,342416
2026-03-30 10:52:36,321.36,326.05,321.36,322.38,172472
2026-03-30 11:02:36,381.54,382.05,376.92,380.26,128832
2026-03-30 11:12:36,387.17,387.51,384.81,386.92,63643
2026-03-30 11:22:36,391.65,392.93,388.91,392.93,150829
2026-03-30 11:32:36,383.28,388.29,381.75,381.75,52244
2026-03-30 11:42:36,385.78,387.76,385.78,387.76,181776
2026-03-30 11:52:36,378.23,382.56,376.57,380.61,71255
2026-03-30 12:02:36,381.29,384.25,379.67,381.26,53044
2026-03-30 12:12:36,395.33,395.99,393.04,394.82,199124
2026-03-30 12:22:36,388.44,390.29,388.22,389.23,39309
2026-03-30 12:32:36,386.44,387.38,384.95,384.95,40655
2026-03-30 12:42:36,399.64,402.0,398.22,400.62,200738
2026-03-30 12:52:36,394.18,394.18,392.7,394.04,135857
2026-03-30 13:02:36,406.84,407.85,405.91,407.85,92434
2026-03-30 13:12:36,406.25,408.15,406.25,408.15,180724
2026-03-30 13:22:36,412.74,414.04,411.99,414.04,62850
2026-03-30 13:32:36,409.96,410.06,405.2,408.19,30550
2026-03-30 13:42:36,414.77,416.45,412.2,414.53,92090
2026-03-30 13:52:36,428.34,431.04,427.97,429.2,86001
2026-03-30 14:02:36,377.32,377.32,375.0,375.13,162171
2026-03-30 14:12:36,373.42,376.53,371.39,373.69,53722
2026-03-30 14:22:36,352.03,352.03,348.78,350.85,208053
2026-03-30 14:32:36,354.94,356.5,354.55,354.55,149159
2026-03-30 14:42:36,350.24,350.24,348.95,350.02,312681
2026-03-30 14:52:36,351.57,351.57,349.98,350.69,258034
2026-03-30 15:02:36,338.12,340.36,337.64,339.17,47019
2026-03-30 15:12:36,338.38,339.26,337.58,337.58,320003
2026-03-30 15:22:36,350.62,352.28,349.6,350.14,173431
2026-03-30 15:32:36,353.27,354.82,352.0,353.21,102805
2026-03-30 15:42:36,351.21,351.21,349.56,350.6,205809
2026-03-30 15:52:36,340.84,343.46,339.31,339.31,163112
2026-03-31 09:32:36,365.94,367.96,365.86,366.12,173075
2026-03-31 09:42:36,380.34,381.5,375.21,381.5,226973
2026-03-31 09:52:36,375.7,377.65,374.48,377.65,109219
2026-03-31 10:02:36,360.14,364.37,360.14,362.74,128862
2026-03-31 10:12:36,378.81,381.13,378.81,379.65,105043
2026-03-31 10:22:36,378.6,378.6,376.87,376.87,174711
2026-03-31 10:32:36,406.79,407.85,403.9,407.76,45684
2026-03-31 10:42:36,396.42,396.44,394.77,394.77,198019
2026-03-31 10:52:36,379.14,381.3,377.31,377.31,131347
2026-03-31 11:02:36,433.46,437.16,433.46,437.16,91695
2026-03-31 11:12:36,432.93,435.51,432.93,435.51,75228
2026-03-31 11:22:36,443.14,445.41,440.29,442.4,81676
2026-03-31 11:32:36,448.82,448.85,446.05,448.85,46609
2026-03-31 11:42:36,457.97,461.15,457.97,461.15,114522
2026-03-31 11:52:36,459.16,462.51,457.99,458.13,58113
2026-03-31 12:02:36,455.96,457.72,454.44,454.44,62750
2026-03-31 12:12:36,452.91,453.48,448.59,450.03,33617
2026-03-31 12:22:36,457.65,459.67,455.78,455.9,71552
2026-03-31 12:32:36,459.28,460.03,456.23,457.96,47484
2026-03-31 12:42:36,467.96,467.96,464.21,467.02,121787
2026-03-31 12:52:36,468.4,474.81,467.83,469.88,140186
2026-03-31 13:02:36,468.04,473.13,467.22,467.22,49935
2026-03-31 13:12:36,473.61,474.25,472.37,474.24,19513
2026-03-31 13:22:36,480.96,483.95,479.26,483.31,159604
2026-03-31 13:32:36,480.29,483.63,475.92,483.16,51144
2026-03-31 13:42:36,503.85,503.85,501.81,501.81,52217
2026-03-31 13:52:36,505.14,507.6,501.62,501.62,187869
2026-03-31 14:02:36,483.02,483.29,480.63,483.29,112483
2026-03-31 14:12:36,457.25,460.68,455.3,456.51,31203
2026-03-31 14:22:36,440.13,441.69,437.24,441.18,20586
2026-03-31 14:32:36,426.23,428.34,422.43,423.51,22439
2026-03-31 14:42:36,417.27,420.48,415.97,420.18,111096
2026-03-31 14:52:36,418.58,418.58,417.03,417.59,98024
2026-03-31 15:02:36,420.04,421.74,420.04,420.56,19355
2026-03-31 15:12:36,415.33,416.71,410.08,414.63,89878
2026-03-31 15:22:36,422.16,424.69,422.16,424.18,71445
2026-03-31 15:32:36,431.75,432.81,430.93,431.08,101877
2026-03-31 15:42:36,430.68,432.22,428.59,430.75,35044
2026-03-31 15:52:36,460.62,465.68,459.99,462.69,91598
2026-04-01 09:32:36,486.7,486.7,483.5,483.52,161631
2026-04-01 09:42:36,483.76,487.57,483.76,486.14,160415
2026-04-01 09:52:36,487.16,488.84,485.35,485.35,71574
2026-04-01 10:02:36,473.76,479.13,472.0,474.07,136002
2026-04-01 10:12:36,482.55,482.91,480.67,482.91,36047
2026-04-01 10:22:36,481.42,483.39,475.76,477.99,71711
2026-04-01 10:32:36,480.62,480.62,475.77,480.3,120768
2026-04-01 10:42:36,470.39,471.07,466.35,471.07,116254
2026-04-01 10:52:36,457.9,460.31,457.03,457.43,18251
2026-04-01 11:02:36,483.78,485.25,481.15,481.95,49333
2026-04-01 11:12:36,488.91,489.93,486.97,487.91,132503
2026-04-01 11:22:36,492.87,494.12,488.31,493.21,182787
2026-04-01 11:32:36,476.02,477.66,476.02,477.66,130760
2026-04-01 11:42:36,488.02,490.78,487.97,488.94,118903
2026-04-01 11:52:36,504.35,508.12,504.35,508.12,63075
2026-04-01 12:02:36,502.77,503.57,498.55,502.9,150547
2026-04-01 12:12:36,510.81,513.79,510.71,513.74,215755
2026-04-01 12:22:36,510.78,512.31,508.22,511.16,40657
2026-04-01 12:32:36,518.5,520.7,518.5,519.51,91930
2026-04-01 12:42:36,520.01,523.09,518.11,519.69,68004
2026-04-01 12:52:36,527.89,533.44,526.25,528.24,42362
2026-04-01 13:02:36,524.52,528.7,520.22,525.56,157875
2026-04-01 13:12:36,518.18,520.47,514.23,515.84,155391
2026-04-01 13:22:36,513.83,516.1,512.32,515.51,155689
2026-04-01 13:32:36,507.62,509.11,505.43,508.28,82112
2026-04-01 13:42:36,498.88,499.13,496.94,497.25,106475
2026-04-01 13:52:36,491.08,494.84,490.73,491.39,66599
2026-04-01 14:02:36,451.76,455.32,451.76,451.99,106932
2026-04-01 14:12:36,470.1,470.52,467.59,468.21,135644
2026-04-01 14:22:36,491.82,496.72,489.58,492.84,126372
2026-04-01 14:32:36,484.62,490.16,484.62,486.52,46434
2026-04-01 14:42:36,490.32,495.27,490.32,490.36,162865
2026-04-01 14:52:36,489.56,494.03,488.03,492.66,157918
2026-04-01 15:02:36,485.81,485.81,481.24,483.58,104906
2026-04-01 15:12:36,501.92,503.51,498.61,498.61,197974
2026-04-01 15:22:36,488.42,491.33,486.89,487.58,172324
2026-04-01 15:32:36,492.68,496.42,492.68,493.37,142433
2026-04-01 15:42:36,472.71,473.92,467.24,473.69,142934
2026-04-01 15:52:36,489.19,490.89,486.11,486.33,134734
2026-04-02 09:32:36,479.31,481.87,479.31,480.17,28242
2026-04-02 09:42:36,498.88,500.88,497.86,498.85,30802
2026-04-02 09:52:36,506.07,510.42,505.12,510.42,165115
2026-04-02 10:02:36,507.31,507.87,502.59,507.87,36522
2026-04-02 10:12:36,518.57,520.68,517.09,517.59,216304
2026-04-02 10:22:36,512.83,514.26,510.41,510.44,145003
2026-04-02 10:32:36,500.58,501.95,499.73,499.73,51878
2026-04-02 10:42:36,506.28,507.63,506.28,506.76,207394
2026-04-02 10:52:36,506.67,508.6,504.11,504.11,132953
2026-04-02 11:02:36,493.87,495.55,488.2,492.54,79151
2026-04-02 11:12:36,494.29,497.98,494.29,496.8,196401
2026-04-02 11:22:36,492.19,497.45,492.19,494.54,79905
2026-04-02 11:32:36,512.82,515.57,510.23,511.69,94073
2026-04-02 11:42:36,504.96,507.6,504.96,506.76,176813
2026-04-02 11:52:36,496.74,497.49,496.74,497.45,131677
2026-04-02 12:02:36,495.12,496.8,494.69,496.07,34392
2026-04-02 12:12:36,496.16,496.16,493.9,495.39,112229
2026-04-02 12:22:36,494.7,497.1,491.15,491.15,74963
2026-04-02 12:32:36,478.66,484.28,477.78,479.05,53794
2026-04-02 12:42:36,486.82,490.09,484.5,486.34,94873
2026-04-02 12:52:36,480.06,480.06,473.32,477.74,104095
2026-04-02 13:02:36,472.97,475.55,470.39,471.21,25591
2026-04-02 13:12:36,472.89,475.47,472.13,475.46,33107
2026-04-02 13:22:36,462.52,465.77,458.53,459.98,45468
2026-04-02 13:32:36,458.55,460.74,455.01,460.74,27631
2026-04-02 13:42:36,452.42,455.03,451.45,452.48,27206
2026-04-02 13:52:36,453.93,456.24,450.81,454.74,26411
2026-04-02 14:02:36,397.56,401.6,397.56,399.83,163464
2026-04-02 14:12:36,427.74,428.02,425.27,428.02,32147
2026-04-02 14:22:36,411.84,414.49,411.46,414.49,60047
2026-04-02 14:32:36,426.62,427.08,424.46,426.09,63934
2026-04-02 14:42:36,448.89,453.0,447.69,447.71,57716
2026-04-02 14:52:36,443.5,446.69,443.5,444.89,74767
2026-04-02 15:02:36,452.77,456.08,449.99,455.1,89176
2026-04-02 15:12:36,466.0,469.6,464.37,469.31,100202
2026-04-02 15:22:36,474.65,474.68,473.43,473.43,138385
2026-04-02 15:32:36,467.59,467.71,465.51,465.51,81185
2026-04-02 15:42:36,473.58,473.79,471.13,473.61,28680
2026-04-02 15:52:36,498.66,499.25,492.3,497.2,100768
2026-04-03 09:32:36,487.89,487.89,484.69,485.24,24877
2026-04-03 09:42:36,485.84,487.5,483.48,484.58,139260
2026-04-03 09:52:36,507.7,507.7,501.44,507.36,167276
2026-04-03 10:02:36,524.62,527.71,518.36,522.36,234642
2026-04-03 10:12:36,520.55,521.97,518.91,521.97,156365
2026-04-03 10:22:36,528.81,529.54,527.07,528.16,127138
2026-04-03 10:32:36,514.79,514.79,511.61,511.61,167727
2026-04-03 10:42:36,501.06,502.4,495.5,501.57,103482
2026-04-03 10:52:36,471.63,472.41,467.95,471.51,35559
2026-04-03 11:02:36,493.8,493.91,490.94,492.74,35673
2026-04-03 11:12:36,498.72,500.09,498.72,499.99,195772
2026-04-03 11:22:36,491.76,493.66,491.76,493.61,151486
2026-04-03 11:32:36,498.85,501.23,496.79,501.23,57776
2026-04-03 11:42:36,503.16,504.93,500.96,502.28,185662
2026-04-03 11:52:36,492.4,492.4,488.37,488.37,95346
2026-04-03 12:02:36,497.94,501.85,496.74,496.74,62208
2026-04-03 12:12:36,490.26,494.56,490.14,494.56,80891
2026-04-03 12:22:36,491.39,491.81,486.7,489.83,47807
2026-04-03 12:32:36,486.79,488.43,484.66,488.43,129767
2026-04-03 12:42:36,468.78,469.63,466.16,469.63,119309
2026-04-03 12:52:36,462.32,464.91,462.32,464.91,97881
2026-04-03 13:02:36,478.4,478.4,475.49,476.23,115196
2026-04-03 13:12:36,473.39,475.5,472.92,475.5,130431
2026-04-03 13:22:36,467.31,469.03,464.53,466.77,85668
2026-04-03 13:32:36,480.91,482.29,476.13,479.85,49698
2026-04-03 13:42:36,480.49,480.49,477.38,477.94,102820
2026-04-03 13:52:36,470.41,471.98,468.45,469.66,66097
2026-04-03 14:02:36,436.49,438.57,435.04,437.9,61281
2026-04-03 14:12:36,440.82,441.61,439.93,441.0,110200
2026-04-03 14:22:36,442.5,442.5,440.26,441.47,44132
2026-04-03 14:32:36,449.7,449.7,446.26,446.85,24496
2026-04-03 14:42:36,443.73,445.82,440.21,445.11,105448
2026-04-03 14:52:36,435.74,438.7,435.74,436.91,104551
2026-04-03 15:02:36,418.42,420.05,417.56,420.05,133185
2026-04-03 15:12:36,413.22,415.52,412.22,415.5,146129
2026-04-03 15:22:36,439.15,440.92,437.04,440.92,34468
2026-04-03 15:32:36,412.74,414.65,412.74,414.65,142738
2026-04-03 15:42:36,439.91,443.87,439.12,439.49,61786
2026-04-03 15:52:36,432.23,433.79,432.23,433.42,28350
