timestamp,Open,High,Low,Close,Volume
2026-01-05 09:32:36,234.96,236.57,234.75,236.05,134868
2026-01-05 09:42:36,232.81,234.16,232.16,232.68,159988
2026-01-05 09:52:36,236.76,239.41,236.45,236.45,28217
2026-01-05 10:02:36,239.18,239.8,238.5,238.5,109810
2026-01-05 10:12:36,235.29,236.99,234.45,234.45,134709
2026-01-05 10:22:36,233.43,233.43,232.61,233.31,120891
2026-01-05 10:32:36,239.85,239.93,236.17,239.93,64478
2026-01-05 10:42:36,239.3,241.14,238.19,239.86,39386
2026-01-05 10:52:36,232.39,232.77,231.87,232.57,103196
2026-01-05 11:02:36,239.55,242.13,239.55,242.13,48175
2026-01-05 11:12:36,244.52,244.52,243.28,243.42,48684
2026-01-05 11:22:36,243.2,243.2,239.8,242.11,91702
2026-01-05 11:32:36,248.29,249.2,247.94,248.71,15587
2026-01-05 11:42:36,242.54,243.71,241.28,242.44,123241
2026-01-05 11:52:36,242.56,244.31,241.83,242.72,93870
2026-01-05 12:02:36,237.7,239.0,237.53,237.53,105171
2026-01-05 12:12:36,242.07,242.58,241.02,242.58,129687
2026-01-05 12:22:36,236.85,237.07,235.69,235.69,97543
2026-01-05 12:32:36,239.67,239.67,238.43,238.43,96762
2026-01-05 12:42:36,245.88,245.93,242.88,244.46,37920
2026-01-05 12:52:36,241.2,241.25,240.73,240.93,28076
2026-01-05 13:02:36,237.03,238.85,237.03,238.85,96559
2026-01-05 13:12:36,239.0,239.2,238.76,238.87,112845
2026-01-05 13:22:36,244.1,244.1,243.22,243.22,53588
2026-01-05 13:32:36,248.57,249.44,247.67,248.08,58652
2026-01-05 13:42:36,239.64,240.41,238.26,240.41,80152
2026-01-05 13:52:36,231.06,231.88,230.23,230.23,75026
2026-01-05 14:02:36,216.54,216.54,215.35,216.28,53520
2026-01-05 14:12:36,221.46,223.36,220.35,222.37,147074
2026-01-05 14:22:36,204.31,205.7,204.26,204.47,182854
2026-01-05 14:32:36,203.77,203.84,203.0,203.66,33137
2026-01-05 14:42:36,202.19,202.67,200.96,200.96,72954
2026-01-05 14:52:36,186.5,186.93,185.09,185.92,344714
2026-01-05 15:02:36,187.52,187.98,186.43,187.18,58084
2026-01-05 15:12:36,189.95,191.19,189.3,190.9,99383
2026-01-05 15:22:36,189.69,189.95,187.3,189.2,328228
2026-01-05 15:32:36,190.81,192.36,190.39,190.39,259870
2026-01-05 15:42:36,202.61,203.27,201.68,202.74,229831
2026-01-05 15:52:36,206.27,206.27,205.01,205.6,221840
2026-01-06 09:32:36,192.37,192.37,191.12,192.25,161104
2026-01-06 09:42:36,200.7,201.26,199.8,201.26,274447
2026-01-06 09:52:36,186.89,188.26,185.72,186.05,153338
2026-01-06 10:02:36,190.6,190.8,188.83,189.75,93372
2026-01-06 10:12:36,191.97,191.97,191.42,191.92,118201
2026-01-06 10:22:36,187.0,188.42,186.83,186.83,247676
2026-01-06 10:32:36,198.5,199.09,197.88,198.89,163779
2026-01-06 10:42:36,198.65,198.65,197.33,198.6,166717
2026-01-06 10:52:36,202.56,203.33,200.96,201.9,255796
2026-01-06 11:02:36,222.24,222.91,220.62,222.91,65166
2026-01-06 11:12:36,222.49,223.35,221.27,223.07,62861
2026-01-06 11:22:36,224.44,225.08,223.84,225.08,164463
2026-01-06 11:32:36,229.93,230.36,228.5,230.0,72785
2026-01-06 11:42:36,236.08,237.84,236.08,236.94,142680
2026-01-06 11:52:36,236.94,236.94,235.59,236.39,132406
2026-01-06 12:02:36,239.76,241.65,239.76,240.88,115973
2026-01-06 12:12:36,242.06,242.06,241.23,241.69,110745
2026-01-06 12:22:36,243.56,243.56,241.98,242.06,108383
2026-01-06 12:32:36,234.52,235.4,233.78,234.18,58550
2026-01-06 12:42:36,233.81,235.32,231.17,234.18,107224
2026-01-06 12:52:36,227.36,228.84,227.36,228.39,111853
2026-01-06 13:02:36,230.5,232.66,228.84,231.07,85224
2026-01-06 13:12:36,237.9,237.94,236.16,237.57,23742
2026-01-06 13:22:36,241.26,241.63,239.43,240.0,45400
2026-01-06 13:32:36,233.54,234.07,233.43,233.79,78147
2026-01-06 13:42:36,230.52,231.57,228.63,230.61,35911
2026-01-06 13:52:36,234.65,236.51,234.54,236.05,41625
2026-01-06 14:02:36,229.61,231.46,229.61,230.68,64961
2026-01-06 14:12:36,220.42,220.93,219.4,219.4,73944
2026-01-06 14:22:36,213.96,215.25,211.92,213.72,134443
2026-01-06 14:32:36,217.63,218.4,217.63,218.31,65485
2026-01-06 14:42:36,210.88,210.88,209.27,209.38,81004
2026-01-06 14:52:36,216.05,216.61,216.05,216.36,132988
2026-01-06 15:02:36,203.32,203.69,203.04,203.69,171908
2026-01-06 15:12:36,210.92,212.27,209.92,211.27,67996
2026-01-06 15:22:36,222.12,223.09,219.37,222.3,55111
2026-01-06 15:32:36,222.65,222.96,221.7,222.56,78435
2026-01-06 15:42:36,231.78,232.1,231.27,231.27,39105
2026-01-06 15:52:36,227.44,229.05,227.44,229.05,182257
2026-01-07 09:32:36,228.16,229.03,226.97,228.02,55268
2026-01-07 09:42:36,227.79,228.65,226.03,226.03,68640
2026-01-07 09:52:36,234.32,234.33,233.06,233.97,29052
2026-01-07 10:02:36,243.63,243.88,240.69,243.52,22707
2026-01-07 10:12:36,245.51,245.51,244.14,244.95,67960
2026-01-07 10:22:36,245.81,246.7,243.05,245.29,82495
2026-01-07 10:32:36,245.74,248.39,245.74,246.71,41581
2026-01-07 10:42:36,253.76,255.77,252.89,253.92,20066
2026-01-07 10:52:36,253.66,255.51,252.29,253.77,50505
2026-01-07 11:02:36,243.85,244.83,243.21,243.21,78042
2026-01-07 11:12:36,242.92,243.41,241.79,243.25,109431
2026-01-07 11:22:36,241.31,241.58,238.41,239.92,89215
2026-01-07 11:32:36,238.56,238.57,238.0,238.0,37464
2026-01-07 11:42:36,237.99,240.1,237.99,238.16,144273
2026-01-07 11:52:36,242.26,242.78,241.15,242.4,19657
2026-01-07 12:02:36,233.57,234.63,232.86,234.21,127213
2026-01-07 12:12:36,225.45,226.8,225.02,226.69,92762
2026-01-07 12:22:36,229.51,229.51,228.62,229.44,55934
2026-01-07 12:32:36,222.74,224.04,222.74,223.59,202520
2026-01-07 12:42:36,221.94,222.09,221.04,221.54,145826
2026-01-07 12:52:36,220.13,222.38,218.82,221.36,44069
2026-01-07 13:02:36,225.11,225.54,222.06,223.58,43433
2026-01-07 13:12:36,221.44,222.37,220.7,221.82,48980
2026-01-07 13:22:36,225.98,227.47,225.51,226.08,130776
2026-01-07 13:32:36,228.87,229.67,225.88,227.74,28374
2026-01-07 13:42:36,227.66,228.34,226.52,227.5,66921
2026-01-07 13:52:36,222.49,222.49,220.89,222.33,31333
2026-01-07 14:02:36,215.92,218.61,215.92,217.61,63390
2026-01-07 14:12:36,215.12,216.24,214.83,215.86,33022
2026-01-07 14:22:36,211.28,211.93,210.96,210.96,28059
2026-01-07 14:32:36,203.91,206.92,203.32,204.32,213990
2026-01-07 14:42:36,204.54,205.04,204.18,205.04,255338
2026-01-07 14:52:36,192.26,192.26,191.08,191.21,324316
2026-01-07 15:02:36,191.42,193.3,190.95,191.69,224671
2026-01-07 15:12:36,184.89,185.5,184.79,185.5,282283
2026-01-07 15:22:36,183.0,183.26,181.9,183.26,176565
2026-01-07 15:32:36,178.78,180.2,178.18,178.8,164593
2026-01-07 15:42:36,179.28,179.28,178.25,178.9,277149
2026-01-07 15:52:36,169.75,170.79,168.02,170.49,332949
2026-01-08 09:32:36,166.29,166.95,166.05,166.39,180418
2026-01-08 09:42:36,171.26,172.37,170.31,172.37,338667
2026-01-08 09:52:36,174.0,174.14,172.95,173.62,140132
2026-01-08 10:02:36,169.22,169.92,168.15,168.15,241763
2026-01-08 10:12:36,175.11,175.11,173.61,174.85,112438
2026-01-08 10:22:36,180.24,180.37,177.85,179.74,104863
2026-01-08 10:32:36,175.11,176.43,174.35,175.98,231318
2026-01-08 10:42:36,172.94,173.06,172.09,172.95,94321
2026-01-08 10:52:36,159.78,159.78,158.74,159.32,291432
2026-01-08 11:02:36,184.85,186.28,184.85,185.27,144641
2026-01-08 11:12:36,192.14,193.5,190.62,192.69,249570
2026-01-08 11:22:36,190.9,191.11,190.12,190.57,305142
2026-01-08 11:32:36,204.2,205.24,203.64,204.15,67723
2026-01-08 11:42:36,203.64,203.64,202.36,203.0,114499
2026-01-08 11:52:36,207.98,208.64,207.66,208.59,36319
2026-01-08 12:02:36,208.47,208.93,207.05,208.62,137272
2026-01-08 12:12:36,207.11,207.89,205.72,205.85,187647
2026-01-08 12:22:36,200.97,201.89,198.3,199.83,200202
2026-01-08 12:32:36,192.0,192.35,191.1,191.87,147389
2026-01-08 12:42:36,192.93,193.77,191.87,193.77,143232
2026-01-08 12:52:36,193.05,193.24,192.51,192.68,185882
2026-01-08 13:02:36,194.85,195.36,194.0,194.0,52281
2026-01-08 13:12:36,201.94,203.26,201.36,203.26,278731
2026-01-08 13:22:36,200.33,200.97,199.68,200.72,121192
2026-01-08 13:32:36,206.73,208.01,206.73,207.43,220096
2026-01-08 13:42:36,208.3,208.3,206.35,208.09,48884
2026-01-08 13:52:36,212.2,213.41,211.48,211.48,116214
2026-01-08 14:02:36,176.73,177.17,176.19,177.01,188832
2026-01-08 14:12:36,170.31,171.46,170.05,170.98,86940
2026-01-08 14:22:36,177.34,178.91,176.19,177.59,46560
2026-01-08 14:32:36,167.76,168.11,166.83,167.69,80958
2026-01-08 14:42:36,173.26,174.43,171.31,173.22,310497
2026-01-08 14:52:36,165.86,167.59,165.76,166.0,202425
2026-01-08 15:02:36,159.26,160.34,159.26,160.34,356272
2026-01-08 15:12:36,161.8,162.93,161.53,162.61,321732
2026-01-08 15:22:36,164.15,164.63,164.03,164.19,396119
2026-01-08 15:32:36,157.81,158.87,157.62,157.62,336708
2026-01-08 15:42:36,159.28,159.81,158.22,159.81,176557
2026-01-08 15:52:36,157.52,157.67,156.79,157.27,59996
2026-01-09 09:32:36,158.43,159.12,157.81,158.29,283197
2026-01-09 09:42:36,158.07,158.79,157.76,157.76,179401
2026-01-09 09:52:36,180.91,181.12,179.91,180.06,67238
2026-01-09 10:02:36,174.53,176.17,173.33,174.49,174695
2026-01-09 10:12:36,175.84,176.27,175.74,176.17,199704
2026-01-09 10:22:36,173.35,173.81,173.1,173.1,310265
2026-01-09 10:32:36,166.48,167.22,166.41,166.91,208834
2026-01-09 10:42:36,155.2,155.2,153.7,154.97,83724
2026-01-09 10:52:36,148.68,148.78,146.7,148.38,201815
2026-01-09 11:02:36,170.92,172.54,168.96,170.2,157030
2026-01-09 11:12:36,171.24,171.57,170.14,171.49,375334
2026-01-09 11:22:36,179.03,179.22,178.47,179.12,330180
2026-01-09 11:32:36,176.65,178.0,176.65,177.44,311926
2026-01-09 11:42:36,173.3,173.58,172.25,172.51,94872
2026-01-09 11:52:36,172.04,172.06,171.67,172.06,122916
2026-01-09 12:02:36,170.13,170.96,169.98,170.68,346875
2026-01-09 12:12:36,169.34,170.69,169.34,170.6,300661
2026-01-09 12:22:36,163.94,164.2,163.18,163.83,431565
2026-01-09 12:32:36,166.2,166.36,166.12,166.32,120959
2026-01-09 12:42:36,160.21,160.81,159.65,159.98,454773
2026-01-09 12:52:36,161.08,162.34,160.17,161.19,344327
2026-01-09 13:02:36,148.82,149.05,148.52,148.56,414962
2026-01-09 13:12:36,149.05,150.66,149.05,149.45,69060
2026-01-09 13:22:36,152.14,152.69,151.75,151.75,120578
2026-01-09 13:32:36,151.98,153.28,150.2,151.28,203005
2026-01-09 13:42:36,152.36,153.42,150.85,151.74,363495
2026-01-09 13:52:36,152.91,153.29,152.17,152.75,453504
2026-01-09 14:02:36,95.78,96.43,95.78,96.03,637866
2026-01-09 14:12:36,109.16,109.16,107.86,108.93,143083
2026-01-09 14:22:36,109.9,110.53,109.62,110.05,92549
2026-01-09 14:32:36,109.33,109.87,109.02,109.67,68313
2026-01-09 14:42:36,102.54,102.55,101.73,102.14,428918
2026-01-09 14:52:36,92.65,93.0,92.54,92.8,528924
2026-01-09 15:02:36,92.25,92.83,91.62,92.47,501290
2026-01-09 15:12:36,84.07,84.84,83.64,84.32,85579
2026-01-09 15:22:36,88.47,88.89,88.01,88.47,611727
2026-01-09 15:32:36,72.19,72.19,71.69,72.14,183333
2026-01-09 15:42:36,67.65,67.65,66.78,67.51,528210
2026-01-09 15:52:36,72.35,72.78,72.35,72.38,606738
2026-01-12 09:32:36,71.81,72.39,71.64,71.98,244149
2026-01-12 09:42:36,67.78,67.91,67.26,67.83,283069
2026-01-12 09:52:36,82.51,82.7,82.42,82.62,193642
2026-01-12 10:02:36,86.75,87.03,86.58,86.71,652287
2026-01-12 10:12:36,83.45,83.7,83.27,83.37,370482
2026-01-12 10:22:36,87.66,88.41,87.38,87.38,660723
2026-01-12 10:32:36,85.63,85.8,85.58,85.8,145139
2026-01-12 10:42:36,94.24,94.51,94.17,94.17,224683
2026-01-12 10:52:36,95.25,95.37,95.06,95.06,466286
2026-01-12 11:02:36,152.45,152.5,151.04,151.89,380472
2026-01-12 11:12:36,148.6,149.87,148.6,149.87,193745
2026-01-12 11:22:36,152.28,153.29,151.64,152.71,423321
2026-01-12 11:32:36,149.53,150.01,149.1,149.1,196677
2026-01-12 11:42:36,145.57,146.58,145.57,146.58,168428
2026-01-12 11:52:36,150.27,151.29,150.27,150.93,296857
2026-01-12 12:02:36,143.25,143.51,143.1,143.18,212231
2026-01-12 12:12:36,140.1,140.87,139.34,139.87,136676
2026-01-12 12:22:36,145.53,146.69,145.41,145.56,307185
2026-01-12 12:32:36,141.03,143.03,140.51,141.22,255887
2026-01-12 12:42:36,149.81,149.81,147.84,149.49,266816
2026-01-12 12:52:36,158.13,159.18,157.86,158.85,193137
2026-01-12 13:02:36,150.15,150.97,149.31,150.65,248858
2026-01-12 13:12:36,149.31,149.83,148.58,148.94,265967
2026-01-12 13:22:36,151.1,151.8,150.83,150.83,52152
2026-01-12 13:32:36,150.9,151.25,150.16,150.16,54085
2026-01-12 13:42:36,144.2,145.08,144.2,144.61,358411
2026-01-12 13:52:36,139.62,140.8,138.97,139.45,311741
2026-01-12 14:02:36,84.18,84.67,83.84,84.47,458621
2026-01-12 14:12:36,86.88,87.57,86.39,86.83,192027
2026-01-12 14:22:36,102.27,102.27,101.11,102.22,289816
2026-01-12 14:32:36,107.39,108.31,106.86,107.36,522579
2026-01-12 14:42:36,116.51,117.1,115.99,116.33,540930
2026-01-12 14:52:36,111.36,111.63,110.99,111.63,391809
2026-01-12 15:02:36,118.6,119.06,118.6,119.06,612361
2026-01-12 15:12:36,108.25,108.92,107.91,108.52,408381
2026-01-12 15:22:36,96.99,97.21,96.37,97.01,510621
2026-01-12 15:32:36,87.45,87.7,86.93,86.93,227386
2026-01-12 15:42:36,82.38,82.92,81.37,82.84,575496
2026-01-12 15:52:36,67.09,67.46,66.84,67.46,652960
2026-01-13 09:32:36,69.64,70.58,69.36,70.01,140707
2026-01-13 09:42:36,75.38,75.43,75.34,75.39,365299
2026-01-13 09:52:36,66.03,66.37,65.72,66.08,693677
2026-01-13 10:02:36,64.68,65.45,64.59,64.59,164155
2026-01-13 10:12:36,59.9,59.96,59.67,59.93,121549
2026-01-13 10:22:36,45.56,45.84,45.44,45.63,114255
2026-01-13 10:32:36,57.68,58.03,57.11,57.46,231653
2026-01-13 10:42:36,58.54,59.04,58.46,58.63,586000
2026-01-13 10:52:36,63.78,64.43,63.78,64.28,836272
2026-01-13 11:02:36,125.58,126.92,125.52,126.24,134620
2026-01-13 11:12:36,131.76,132.32,130.96,132.3,105050
2026-01-13 11:22:36,143.38,143.89,142.92,143.28,483185
2026-01-13 11:32:36,149.64,149.64,148.05,149.45,124805
2026-01-13 11:42:36,147.16,148.23,147.16,147.3,232891
2026-01-13 11:52:36,146.6,146.6,145.63,146.25,362533
2026-01-13 12:02:36,144.12,144.39,143.02,143.92,243301
2026-01-13 12:12:36,135.05,135.52,134.22,134.22,88127
2026-01-13 12:22:36,137.6,138.09,136.22,138.09,446670
2026-01-13 12:32:36,132.73,133.12,132.04,132.55,547840
2026-01-13 12:42:36,124.33,125.34,123.63,124.38,66996
2026-01-13 12:52:36,124.06,125.72,123.9,123.91,263785
2026-01-13 13:02:36,128.54,129.25,126.96,128.59,171736
2026-01-13 13:12:36,129.12,130.31,129.11,129.47,572218
2026-01-13 13:22:36,133.32,133.65,132.06,133.42,115871
2026-01-13 13:32:36,129.98,130.94,129.2,129.72,476915
2026-01-13 13:42:36,131.15,131.6,130.56,131.6,153565
2026-01-13 13:52:36,137.13,138.31,136.25,137.08,76670
2026-01-13 14:02:36,77.76,77.94,76.86,77.82,682521
2026-01-13 14:12:36,72.71,73.14,72.33,72.33,289174
2026-01-13 14:22:36,76.23,76.23,75.79,76.11,391424
2026-01-13 14:32:36,74.01,74.34,73.35,74.0,677988
2026-01-13 14:42:36,81.73,82.07,81.71,82.07,636682
2026-01-13 14:52:36,93.08,93.79,92.88,92.88,717192
2026-01-13 15:02:36,94.41,95.12,94.1,94.25,122959
2026-01-13 15:12:36,92.8,93.25,92.11,92.81,339304
2026-01-13 15:22:36,99.67,99.85,99.52,99.52,418961
2026-01-13 15:32:36,104.24,104.57,103.28,104.24,250028
2026-01-13 15:42:36,103.75,104.99,102.75,103.9,155396
2026-01-13 15:52:36,100.71,100.76,99.93,100.66,621793
2026-01-14 09:32:36,94.46,94.93,94.46,94.71,118856
2026-01-14 09:42:36,81.63,82.54,80.97,82.07,167702
2026-01-14 09:52:36,91.5,91.51,90.68,91.13,269712
2026-01-14 10:02:36,83.67,84.22,83.11,83.55,610110
2026-01-14 10:12:36,75.94,76.55,75.66,76.21,717572
2026-01-14 10:22:36,86.85,87.76,86.85,87.11,335704
2026-01-14 10:32:36,101.65,102.2,101.65,102.2,558525
2026-01-14 10:42:36,96.48,96.84,95.73,96.26,623813
2026-01-14 10:52:36,92.77,92.88,92.48,92.48,711986
2026-01-14 11:02:36,147.06,147.07,146.47,147.07,100274
2026-01-14 11:12:36,138.82,139.96,138.82,139.78,539406
2026-01-14 11:22:36,134.84,136.01,133.27,134.61,134623
2026-01-14 11:32:36,131.33,131.38,131.16,131.38,305878
2026-01-14 11:42:36,123.44,123.66,123.17,123.66,512329
2026-01-14 11:52:36,117.64,118.15,116.84,117.5,563205
2026-01-14 12:02:36,120.17,120.21,119.48,120.18,568316
2026-01-14 12:12:36,113.83,114.17,113.44,113.44,85675
2026-01-14 12:22:36,106.94,107.35,106.63,107.34,415705
2026-01-14 12:32:36,103.78,104.52,103.78,103.94,115472
2026-01-14 12:42:36,111.47,111.47,110.46,111.06,486734
2026-01-14 12:52:36,109.34,109.89,109.34,109.53,528966
2026-01-14 13:02:36,113.04,113.04,112.06,112.96,366073
2026-01-14 13:12:36,112.39,112.95,112.2,112.89,483039
2026-01-14 13:22:36,114.37,114.92,114.09,114.42,369302
2026-01-14 13:32:36,113.6,113.84,113.33,113.33,530558
2026-01-14 13:42:36,105.45,106.3,105.45,105.59,433404
2026-01-14 13:52:36,102.64,102.87,102.12,102.74,234192
2026-01-14 14:02:36,35.37,35.4,35.24,35.4,701772
2026-01-14 14:12:36,34.28,34.59,34.25,34.3,865611
2026-01-14 14:22:36,36.37,36.55,36.37,36.55,606056
2026-01-14 14:32:36,38.12,38.61,38.12,38.33,258201
2026-01-14 14:42:36,38.34,38.66,38.34,38.46,940525
2026-01-14 14:52:36,35.8,35.81,35.73,35.78,618282
2026-01-14 15:02:36,53.18,53.47,52.88,52.88,489067
2026-01-14 15:12:36,70.04,70.44,69.75,69.91,602578
2026-01-14 15:22:36,74.32,74.54,73.67,74.15,755429
2026-01-14 15:32:36,67.36,68.03,67.36,68.03,819344
2026-01-14 15:42:36,81.71,82.02,81.66,81.72,410735
2026-01-14 15:52:36,83.01,83.25,82.69,82.74,326191
2026-01-15 09:32:36,78.15,78.31,77.75,78.31,746653
2026-01-15 09:42:36,88.21,88.63,88.07,88.63,263549
2026-01-15 09:52:36,87.11,87.52,86.4,86.67,324507
2026-01-15 10:02:36,88.47,88.58,88.05,88.58,248634
2026-01-15 10:12:36,89.55,89.59,88.83,89.18,716864
2026-01-15 10:22:36,101.74,101.79,101.14,101.6,637379
2026-01-15 10:32:36,95.48,95.68,95.29,95.52,328732
2026-01-15 10:42:36,86.18,86.18,85.47,85.78,572137
2026-01-15 10:52:36,89.25,89.39,88.12,88.96,632272
2026-01-15 11:02:36,148.23,148.53,148.23,148.33,493924
2026-01-15 11:12:36,147.65,148.13,147.43,147.76,303840
2026-01-15 11:22:36,148.16,149.28,148.16,149.13,311052
2026-01-15 11:32:36,146.36,146.73,146.26,146.26,75951
2026-01-15 11:42:36,146.27,146.96,145.99,146.52,100089
2026-01-15 11:52:36,138.26,138.26,137.6,137.72,107402
2026-01-15 12:02:36,132.19,133.79,132.08,132.41,198043
2026-01-15 12:12:36,131.24,131.24,128.39,130.32,64787
2026-01-15 12:22:36,127.83,127.97,126.23,127.67,167668
2026-01-15 12:32:36,131.75,132.29,131.49,132.29,563521
2026-01-15 12:42:36,134.7,135.12,134.48,135.12,338399
2026-01-15 12:52:36,140.08,140.47,139.1,139.1,189961
2026-01-15 13:02:36,144.05,144.05,142.43,143.56,472355
2026-01-15 13:12:36,149.81,150.34,149.28,149.68,154500
2026-01-15 13:22:36,156.56,157.94,155.91,156.85,317678
2026-01-15 13:32:36,162.1,162.1,161.41,161.89,421503
2026-01-15 13:42:36,165.35,165.5,165.19,165.41,73074
2026-01-15 13:52:36,156.96,157.52,156.74,156.9,124011
2026-01-15 14:02:36,115.43,116.16,114.57,115.28,438173
2026-01-15 14:12:36,125.4,125.4,124.86,125.15,288594
2026-01-15 14:22:36,119.25,119.73,118.28,119.47,392138
2026-01-15 14:32:36,132.99,132.99,132.19,132.39,530904
2026-01-15 14:42:36,143.61,143.61,142.73,143.36,208110
2026-01-15 14:52:36,143.78,144.79,143.62,144.58,440152
2026-01-15 15:02:36,134.0,134.0,132.74,133.66,325676
2026-01-15 15:12:36,147.77,148.62,147.67,148.62,63013
2026-01-15 15:22:36,146.65,147.29,146.41,146.93,148874
2026-01-15 15:32:36,151.08,151.34,150.22,150.37,85180
2026-01-15 15:42:36,135.82,136.48,134.72,135.92,397324
2026-01-15 15:52:36,139.74,139.74,138.69,139.2,418213
2026-01-16 09:32:36,130.58,131.34,129.36,130.89,445211
2026-01-16 09:42:36,139.76,140.39,138.71,140.25,243339
2026-01-16 09:52:36,141.47,141.93,141.26,141.93,265572
2026-01-16 10:02:36,150.98,151.76,150.98,151.01,222233
2026-01-16 10:12:36,156.73,157.05,156.53,156.53,268756
2026-01-16 10:22:36,151.73,152.1,151.16,151.67,274751
2026-01-16 10:32:36,155.04,156.43,155.04,155.96,60781
2026-01-16 10:42:36,162.65,163.33,162.65,163.29,171844
2026-01-16 10:52:36,177.97,178.23,177.97,178.17,213206
2026-01-16 11:02:36,209.47,212.51,209.47,210.84,122343
2026-01-16 11:12:36,212.1,213.59,211.24,211.24,194388
2026-01-16 11:22:36,210.66,212.54,208.88,211.11,67132
2026-01-16 11:32:36,200.06,202.94,199.54,200.63,55108
2026-01-16 11:42:36,201.69,202.05,199.4,201.38,94625
2026-01-16 11:52:36,203.13,204.17,202.94,204.17,227578
2026-01-16 12:02:36,204.24,206.43,202.63,203.21,223692
2026-01-16 12:12:36,207.96,207.96,206.06,207.32,187330
2026-01-16 12:22:36,204.69,205.72,203.0,204.93,121300
2026-01-16 12:32:36,197.04,197.12,195.9,196.57,87623
2026-01-16 12:42:36,196.91,199.33,196.26,198.19,249929
2026-01-16 12:52:36,199.0,200.08,197.72,200.08,32494
2026-01-16 13:02:36,195.89,197.19,195.82,196.42,50414
2026-01-16 13:12:36,208.48,209.65,207.81,209.27,194936
2026-01-16 13:22:36,205.73,206.35,205.27,205.6,110827
2026-01-16 13:32:36,202.55,202.91,202.27,202.89,254033
2026-01-16 13:42:36,201.26,201.86,200.51,201.68,140647
2026-01-16 13:52:36,196.16,197.42,194.85,197.36,155115
2026-01-16 14:02:36,173.12,174.1,171.96,173.11,259592
2026-01-16 14:12:36,194.54,196.2,192.28,196.2,92243
2026-01-16 14:22:36,196.79,196.79,196.13,196.31,113878
2026-01-16 14:32:36,186.99,188.05,186.1,187.25,201204
2026-01-16 14:42:36,187.37,188.7,187.03,187.65,240724
2026-01-16 14:52:36,196.4,197.3,195.65,196.47,86009
2026-01-16 15:02:36,187.76,188.13,187.28,187.97,335751
2026-01-16 15:12:36,205.05,205.44,203.77,203.77,169594
2026-01-16 15:22:36,199.27,200.67,199.21,199.21,193568
2026-01-16 15:32:36,190.93,192.33,190.03,190.74,276153
2026-01-16 15:42:36,188.33,189.43,188.28,188.39,303958
2026-01-16 15:52:36,191.88,193.18,191.88,192.33,145307
2026-01-19 09:32:36,180.66,182.75,180.35,180.75,182231
2026-01-19 09:42:36,183.88,185.4,182.54,183.89,295002
2026-01-19 09:52:36,179.54,180.18,177.82,180.18,356616
2026-01-19 10:02:36,168.05,168.05,166.59,167.73,413701
2026-01-19 10:12:36,164.59,164.8,163.69,164.25,73141
2026-01-19 10:22:36,170.46,171.07,170.46,170.96,85653
2026-01-19 10:32:36,179.16,179.32,178.47,179.32,377009
2026-01-19 10:42:36,180.33,181.56,179.38,179.83,213723
2026-01-19 10:52:36,178.92,180.51,178.82,180.29,72373
2026-01-19 11:02:36,205.15,205.15,202.9,203.73,264139
2026-01-19 11:12:36,197.73,199.09,197.46,198.52,145305
2026-01-19 11:22:36,197.34,198.04,196.16,196.55,111390
2026-01-19 11:32:36,196.03,196.3,195.32,196.3,187216
2026-01-19 11:42:36,194.33,194.33,192.51,193.65,242587
2026-01-19 11:52:36,188.46,190.56,186.76,189.05,235673
2026-01-19 12:02:36,190.55,192.06,190.55,190.93,304520
2026-01-19 12:12:36,188.27,188.27,187.18,187.86,85638
2026-01-19 12:22:36,186.41,187.1,186.29,186.89,183783
2026-01-19 12:32:36,188.09,189.21,186.29,189.21,179913
2026-01-19 12:42:36,186.16,187.28,185.22,185.57,289255
2026-01-19 12:52:36,185.09,186.29,185.09,185.94,48043
2026-01-19 13:02:36,192.41,192.41,188.5,192.31,119910
2026-01-19 13:12:36,194.07,194.5,192.72,194.12,305562
2026-01-19 13:22:36,199.85,199.85,198.45,199.49,217535
2026-01-19 13:32:36,200.09,201.39,199.73,199.73,223198
2026-01-19 13:42:36,193.25,194.81,192.48,192.98,223793
2026-01-19 13:52:36,179.5,179.58,179.0,179.0,193104
2026-01-19 14:02:36,146.51,147.6,146.51,147.14,83285
2026-01-19 14:12:36,151.92,151.92,150.88,150.88,145165
2026-01-19 14:22:36,154.41,156.33,154.41,154.84,405309
2026-01-19 14:32:36,154.88,155.68,154.25,154.25,218528
2026-01-19 14:42:36,161.84,162.6,161.38,162.6,64741
2026-01-19 14:52:36,159.6,160.02,159.25,159.5,131446
2026-01-19 15:02:36,152.78,153.92,150.55,153.03,115511
2026-01-19 15:12:36,145.95,146.18,145.05,145.05,110372
2026-01-19 15:22:36,142.36,143.43,142.36,142.47,481004
2026-01-19 15:32:36,148.49,149.05,148.48,149.05,79303
2026-01-19 15:42:36,163.55,164.65,163.55,164.23,397199
2026-01-19 15:52:36,161.47,161.51,159.55,160.5,430009
2026-01-20 09:32:36,163.16,163.16,162.99,163.02,217868
2026-01-20 09:42:36,175.64,177.37,175.64,176.29,263630
2026-01-20 09:52:36,178.65,181.26,177.25,179.28,222425
2026-01-20 10:02:36,192.87,192.87,191.73,191.73,297120
2026-01-20 10:12:36,198.11,198.18,197.27,198.18,273938
2026-01-20 10:22:36,200.66,201.76,200.04,200.7,40579
2026-01-20 10:32:36,199.42,199.96,198.84,198.84,100725
2026-01-20 10:42:36,206.87,207.24,205.01,206.09,229722
2026-01-20 10:52:36,196.01,196.99,195.46,196.69,291265
2026-01-20 11:02:36,216.31,216.97,215.33,216.15,64259
2026-01-20 11:12:36,217.27,218.31,217.06,218.31,115675
2026-01-20 11:22:36,218.44,219.26,216.46,219.26,106670
2026-01-20 11:32:36,219.56,220.89,219.56,220.89,198435
2026-01-20 11:42:36,218.85,220.02,218.78,219.54,117093
2026-01-20 11:52:36,215.53,216.35,215.53,216.23,123247
2026-01-20 12:02:36,211.74,211.74,210.69,211.2,195778
2026-01-20 12:12:36,210.2,211.2,208.35,211.2,238552
2026-01-20 12:22:36,211.85,212.56,211.09,211.98,173307
2026-01-20 12:32:36,204.95,205.05,204.25,204.78,267153
2026-01-20 12:42:36,198.37,198.37,195.53,196.95,161791
2026-01-20 12:52:36,196.44,197.1,195.85,195.85,296470
2026-01-20 13:02:36,198.73,199.5,198.52,199.42,187802
2026-01-20 13:12:36,206.59,207.6,205.53,205.97,44313
2026-01-20 13:22:36,210.72,210.72,209.32,210.2,131057
2026-01-20 13:32:36,208.38,209.04,208.38,209.04,139615
2026-01-20 13:42:36,210.73,210.75,210.02,210.02,210503
2026-01-20 13:52:36,214.87,216.19,213.78,215.75,159433
2026-01-20 14:02:36,187.01,187.21,185.41,186.28,291489
2026-01-20 14:12:36,182.2,182.2,180.86,181.72,146608
2026-01-20 14:22:36,187.06,187.18,186.15,186.15,229743
2026-01-20 14:32:36,194.84,195.44,193.77,193.82,283452
2026-01-20 14:42:36,190.31,191.2,190.31,190.79,193247
2026-01-20 14:52:36,203.65,205.06,203.13,203.49,281090
2026-01-20 15:02:36,199.01,200.0,198.71,198.89,187162
2026-01-20 15:12:36,200.51,201.22,199.84,200.25,72859
2026-01-20 15:22:36,201.98,202.74,201.04,202.41,123672
2026-01-20 15:32:36,201.69,202.52,199.31,200.44,150255
2026-01-20 15:42:36,187.73,188.8,186.73,188.25,171851
2026-01-20 15:52:36,203.77,205.03,203.77,205.03,37743
2026-01-21 09:32:36,196.27,197.56,195.88,196.36,150568
2026-01-21 09:42:36,202.92,203.62,202.22,203.62,253059
2026-01-21 09:52:36,202.65,202.77,202.01,202.49,222308
2026-01-21 10:02:36,199.78,200.55,199.04,199.04,91384
2026-01-21 10:12:36,201.44,202.71,201.43,202.27,153555
2026-01-21 10:22:36,211.02,212.1,210.07,211.75,66635
2026-01-21 10:32:36,212.95,213.5,211.53,213.5,164306
2026-01-21 10:42:36,216.3,217.83,216.3,217.19,160505
2026-01-21 10:52:36,223.82,225.22,223.38,224.12,143787
2026-01-21 11:02:36,235.93,235.93,234.74,235.78,118562
2026-01-21 11:12:36,231.13,231.13,229.93,230.23,164597
2026-01-21 11:22:36,239.84,239.9,236.68,239.9,98231
2026-01-21 11:32:36,239.02,239.52,238.42,239.52,115361
2026-01-21 11:42:36,242.5,244.23,242.26,243.41,123385
2026-01-21 11:52:36,250.16,251.22,248.87,250.18,29257
2026-01-21 12:02:36,249.82,250.89,249.82,250.43,38654
2026-01-21 12:12:36,248.78,248.78,248.56,248.74,94200
2026-01-21 12:22:36,254.36,255.17,252.99,254.65,99170
2026-01-21 12:32:36,253.72,254.89,252.71,253.14,70422
2026-01-21 12:42:36,253.2,253.2,252.47,252.47,80300
2026-01-21 12:52:36,258.94,262.49,258.38,258.72,122874
2026-01-21 13:02:36,260.11,260.82,259.15,260.82,60702
2026-01-21 13:12:36,261.42,261.59,260.97,261.32,71602
2026-01-21 13:22:36,264.81,265.28,262.5,265.28,32310
2026-01-21 13:32:36,256.47,259.13,255.05,255.05,120014
2026-01-21 13:42:36,258.31,258.91,257.37,258.18,73316
2026-01-21 13:52:36,246.87,248.57,245.85,246.25,99648
2026-01-21 14:02:36,255.22,257.06,255.22,257.06,92872
2026-01-21 14:12:36,252.51,252.74,251.34,252.74,46698
2026-01-21 14:22:36,258.48,258.48,256.26,257.85,96374
2026-01-21 14:32:36,262.41,264.75,262.41,264.75,101133
2026-01-21 14:42:36,248.0,249.39,247.69,248.82,45930
2026-01-21 14:52:36,239.76,240.57,238.98,240.57,85004
2026-01-21 15:02:36,240.58,241.52,239.09,241.52,38313
2026-01-21 15:12:36,247.62,248.18,245.81,247.76,28683
2026-01-21 15:22:36,255.49,257.22,252.69,255.84,95364
2026-01-21 15:32:36,260.52,261.29,260.01,260.83,42968
2026-01-21 15:42:36,254.18,254.93,253.5,254.03,69522
2026-01-21 15:52:36,241.9,242.1,240.72,242.1,15510
2026-01-22 09:32:36,245.91,246.38,244.83,246.38,71447
2026-01-22 09:42:36,262.62,262.76,261.15,262.76,55652
2026-01-22 09:52:36,274.14,275.28,272.55,273.58,93358
2026-01-22 10:02:36,269.56,270.69,268.52,270.69,87019
2026-01-22 10:12:36,272.97,272.97,271.2,272.35,58308
2026-01-22 10:22:36,266.08,266.24,263.2,264.42,126532
2026-01-22 10:32:36,263.83,265.36,262.55,264.6,62615
2026-01-22 10:42:36,275.74,276.7,274.36,274.36,166080
2026-01-22 10:52:36,274.97,275.45,272.97,274.04,144776
2026-01-22 11:02:36,267.57,269.22,267.23,268.81,47371
2026-01-22 11:12:36,270.95,272.09,268.71,269.72,75350
2026-01-22 11:22:36,273.87,274.13,270.94,273.58,70015
2026-01-22 11:32:36,276.74,277.95,276.6,277.95,192286
2026-01-22 11:42:36,271.47,273.88,271.47,272.77,84876
2026-01-22 11:52:36,275.57,276.38,273.43,273.43,97293
2026-01-22 12:02:36,268.84,270.03,264.94,270.03,59466
2026-01-22 12:12:36,261.06,263.94,260.52,261.17,17011
2026-01-22 12:22:36,256.4,258.02,256.33,257.88,127326
2026-01-22 12:32:36,247.44,248.44,247.44,248.44,53337
2026-01-22 12:42:36,258.57,260.01,257.87,257.87,71929
2026-01-22 12:52:36,249.94,249.94,247.52,248.32,82785
2026-01-22 13:02:36,250.19,252.29,250.13,251.77,16998
2026-01-22 13:12:36,247.42,249.62,247.42,248.34,52448
2026-01-22 13:22:36,241.73,243.14,240.41,242.0,91526
2026-01-22 13:32:36,240.39,242.0,239.12,240.06,76695
2026-01-22 13:42:36,239.56,240.69,238.86,238.86,97813
2026-01-22 13:52:36,241.26,241.26,239.71,239.82,39187
2026-01-22 14:02:36,218.11,219.32,216.9,216.9,23443
2026-01-22 14:12:36,229.84,230.61,227.33,229.61,48268
2026-01-22 14:22:36,228.71,229.87,226.68,228.12,29362
2026-01-22 14:32:36,235.7,236.07,235.21,235.94,86765
2026-01-22 14:42:36,224.89,227.4,222.95,224.63,78237
2026-01-22 14:52:36,224.76,225.82,224.76,225.57,133584
2026-01-22 15:02:36,229.59,229.93,227.92,229.93,76879
2026-01-22 15:12:36,221.53,221.53,220.96,220.96,191742
2026-01-22 15:22:36,224.06,226.36,222.96,224.31,197447
2026-01-22 15:32:36,216.69,217.71,216.69,216.84,202276
2026-01-22 15:42:36,219.29,220.48,218.75,219.26,162330
2026-01-22 15:52:36,215.33,217.26,214.34,216.14,141175
2026-01-23 09:32:36,198.0,198.87,198.0,198.87,229153
2026-01-23 09:42:36,205.14,206.37,205.05,206.04,125204
2026-01-23 09:52:36,206.45,207.0,204.89,206.11,169619
2026-01-23 10:02:36,222.56,223.94,222.53,222.53,202533
2026-01-23 10:12:36,221.39,221.92,220.83,221.28,67428
2026-01-23 10:22:36,213.61,216.02,213.04,213.69,81449
2026-01-23 10:32:36,206.68,207.44,204.77,206.23,70247
2026-01-23 10:42:36,201.57,201.57,199.99,201.17,81856
2026-01-23 10:52:36,192.66,194.54,192.14,192.14,237455
2026-01-23 11:02:36,211.68,212.51,211.18,211.8,231875
2026-01-23 11:12:36,222.54,222.59,221.71,222.21,79314
2026-01-23 11:22:36,214.91,214.98,213.61,214.04,68949
2026-01-23 11:32:36,222.54,224.49,221.04,223.38,37981
2026-01-23 11:42:36,219.03,219.86,218.44,218.44,42100
2026-01-23 11:52:36,229.3,229.3,227.81,228.28,36681
2026-01-23 12:02:36,221.0,222.05,219.93,221.61,199654
2026-01-23 12:12:36,220.73,221.98,219.82,220.75,212258
2026-01-23 12:22:36,224.37,224.37,222.55,223.28,161756
2026-01-23 12:32:36,223.71,224.0,222.12,223.19,87407
2026-01-23 12:42:36,221.32,221.32,218.56,220.02,105016
2026-01-23 12:52:36,223.47,225.13,221.7,221.7,138019
2026-01-23 13:02:36,228.31,230.28,227.46,228.3,135547
2026-01-23 13:12:36,227.21,229.78,224.73,227.72,47588
2026-01-23 13:22:36,224.81,225.01,223.51,224.12,102569
2026-01-23 13:32:36,222.51,225.53,222.51,223.42,119166
2026-01-23 13:42:36,226.56,227.27,224.89,226.24,188953
2026-01-23 13:52:36,223.37,225.89,222.76,224.21,101672
2026-01-23 14:02:36,207.59,207.66,206.26,207.23,31570
2026-01-23 14:12:36,193.74,194.78,192.9,193.75,200624
2026-01-23 14:22:36,197.37,198.77,196.64,197.83,284542
2026-01-23 14:32:36,193.8,195.0,193.55,194.37,48766
2026-01-23 14:42:36,195.93,197.6,195.53,195.58,176186
2026-01-23 14:52:36,192.78,194.75,192.3,193.12,256853
2026-01-23 15:02:36,193.9,195.66,193.9,194.38,39292
2026-01-23 15:12:36,216.21,216.37,214.54,214.54,194070
2026-01-23 15:22:36,201.1,201.1,200.21,200.21,210855
2026-01-23 15:32:36,194.48,194.48,193.26,193.26,289724
2026-01-23 15:42:36,192.74,193.23,191.65,193.23,76827
2026-01-23 15:52:36,180.61,181.3,180.53,181.3,129163
2026-01-26 09:32:36,184.55,185.82,182.6,184.31,118416
2026-01-26 09:42:36,186.18,188.1,185.75,186.55,118719
2026-01-26 09:52:36,189.1,191.32,189.1,189.69,144135
2026-01-26 10:02:36,186.19,187.19,186.02,186.67,81472
2026-01-26 10:12:36,186.72,187.56,184.85,186.02,335800
2026-01-26 10:22:36,175.97,176.84,175.42,175.57,222358
2026-01-26 10:32:36,165.47,166.41,165.47,165.91,127100
2026-01-26 10:42:36,173.72,175.75,173.72,175.19,114946
2026-01-26 10:52:36,180.05,180.05,178.73,179.93,58609
2026-01-26 11:02:36,207.08,207.08,205.48,206.25,249684
2026-01-26 11:12:36,201.96,203.02,201.7,201.88,247368
2026-01-26 11:22:36,202.14,203.11,202.14,202.69,97088
2026-01-26 11:32:36,206.02,206.02,202.68,205.09,140352
2026-01-26 11:42:36,202.31,202.31,201.34,201.41,284316
2026-01-26 11:52:36,207.97,208.35,206.7,208.07,210956
2026-01-26 12:02:36,209.2,209.37,208.54,208.54,59561
2026-01-26 12:12:36,220.49,220.49,218.82,219.66,164411
2026-01-26 12:22:36,218.58,220.02,218.58,219.07,198382
2026-01-26 12:32:36,214.6,215.69,213.13,214.28,168270
2026-01-26 12:42:36,214.23,214.32,213.53,214.2,204043
2026-01-26 12:52:36,209.31,209.87,209.28,209.87,65264
2026-01-26 13:02:36,204.57,206.14,204.33,205.55,83516
2026-01-26 13:12:36,199.58,201.33,198.22,200.25,182429
2026-01-26 13:22:36,207.91,208.6,207.17,208.21,134853
2026-01-26 13:32:36,195.76,197.82,194.22,196.84,214690
2026-01-26 13:42:36,188.65,188.9,188.46,188.65,225344
2026-01-26 13:52:36,194.12,194.59,193.67,193.84,128540
2026-01-26 14:02:36,158.6,159.82,157.96,158.67,63522
2026-01-26 14:12:36,157.57,158.44,156.3,157.92,316089
2026-01-26 14:22:36,154.5,154.5,154.28,154.28,389244
2026-01-26 14:32:36,154.87,154.87,153.56,153.56,151422
2026-01-26 14:42:36,158.91,159.33,158.68,159.26,376078
2026-01-26 14:52:36,161.42,162.51,160.59,161.82,439003
2026-01-26 15:02:36,160.66,161.92,160.66,161.73,328723
2026-01-26 15:12:36,159.72,160.68,159.09,159.42,311644
2026-01-26 15:22:36,159.45,161.38,159.45,159.74,125274
2026-01-26 15:32:36,160.49,161.27,160.17,160.72,88196
2026-01-26 15:42:36,157.37,157.97,157.2,157.93,253447
2026-01-26 15:52:36,162.58,163.53,162.58,162.84,395930
2026-01-27 09:32:36,160.44,161.42,160.44,160.59,267868
2026-01-27 09:42:36,164.36,165.77,163.94,163.94,220740
2026-01-27 09:52:36,167.26,167.54,166.0,167.54,293137
2026-01-27 10:02:36,174.66,175.67,174.09,174.09,211514
2026-01-27 10:12:36,183.41,183.41,181.72,182.52,200699
2026-01-27 10:22:36,183.25,183.25,182.04,182.74,192177
2026-01-27 10:32:36,185.08,185.95,184.97,185.95,214251
2026-01-27 10:42:36,189.31,189.71,187.92,187.92,116673
2026-01-27 10:52:36,197.01,198.87,197.01,197.61,153041
2026-01-27 11:02:36,207.63,208.67,207.06,207.53,74053
2026-01-27 11:12:36,205.24,206.08,203.97,203.97,106750
2026-01-27 11:22:36,208.19,208.22,206.85,207.54,160548
2026-01-27 11:32:36,205.68,206.73,203.51,204.08,275915
2026-01-27 11:42:36,206.16,206.16,205.04,205.46,149780
2026-01-27 11:52:36,208.05,208.53,206.03,207.39,56601
2026-01-27 12:02:36,216.47,216.47,214.76,215.67,209346
2026-01-27 12:12:36,214.51,214.83,213.32,213.32,48085
2026-01-27 12:22:36,214.37,215.82,213.79,214.83,51408
2026-01-27 12:32:36,212.68,214.09,212.23,212.77,178235
2026-01-27 12:42:36,214.36,214.49,213.66,214.49,192064
2026-01-27 12:52:36,202.56,203.02,201.32,203.02,182016
2026-01-27 13:02:36,199.16,199.2,198.41,198.51,157654
2026-01-27 13:12:36,198.48,198.72,197.75,198.23,171323
2026-01-27 13:22:36,197.75,198.49,197.15,197.4,144263
2026-01-27 13:32:36,189.6,191.21,189.34,189.34,233203
2026-01-27 13:42:36,180.84,181.21,180.43,180.69,154624
2026-01-27 13:52:36,186.37,187.0,185.6,186.34,318031
2026-01-27 14:02:36,157.15,157.45,157.15,157.45,396518
2026-01-27 14:12:36,168.19,168.67,167.26,167.41,344084
2026-01-27 14:22:36,153.58,153.61,153.11,153.61,327730
2026-01-27 14:32:36,150.17,150.92,149.85,150.16,341488
2026-01-27 14:42:36,149.26,149.42,148.85,148.85,486663
2026-01-27 14:52:36,159.28,160.4,157.83,159.09,163417
2026-01-27 15:02:36,160.12,160.53,159.29,159.29,102952
2026-01-27 15:12:36,159.06,159.43,158.66,159.21,257329
2026-01-27 15:22:36,171.29,171.64,170.74,171.64,222747
2026-01-27 15:32:36,172.23,173.13,170.19,172.32,173026
2026-01-27 15:42:36,172.51,173.09,172.23,173.04,140556
2026-01-27 15:52:36,174.59,176.38,174.01,174.97,357406
2026-01-28 09:32:36,178.06,178.46,176.81,178.46,231089
2026-01-28 09:42:36,172.06,173.26,171.46,172.34,98996
2026-01-28 09:52:36,165.35,166.82,163.95,164.44,225809
2026-01-28 10:02:36,151.67,152.31,151.6,152.05,280199
2026-01-28 10:12:36,150.83,151.48,150.83,151.07,150142
2026-01-28 10:22:36,159.83,160.99,158.8,160.36,459136
2026-01-28 10:32:36,171.09,172.26,170.55,171.4,347286
2026-01-28 10:42:36,171.63,172.21,170.45,172.21,322179
2026-01-28 10:52:36,160.75,160.75,159.71,160.12,426495
2026-01-28 11:02:36,195.42,195.65,193.86,194.77,119214
2026-01-28 11:12:36,192.79,194.47,192.79,193.47,78176
2026-01-28 11:22:36,188.45,188.66,187.11,188.15,327415
2026-01-28 11:32:36,183.83,183.83,182.13,183.34,332451
2026-01-28 11:42:36,180.95,182.02,180.18,181.39,350995
2026-01-28 11:52:36,184.92,186.55,184.92,186.55,83840
2026-01-28 12:02:36,178.43,178.49,177.96,178.21,239283
2026-01-28 12:12:36,180.79,181.73,179.25,179.37,326822
2026-01-28 12:22:36,189.51,189.51,187.77,188.97,51236
2026-01-28 12:32:36,190.34,190.36,189.14,189.14,266664
2026-01-28 12:42:36,183.36,184.05,182.75,183.3,225913
2026-01-28 12:52:36,183.06,183.06,181.25,181.25,296463
2026-01-28 13:02:36,184.72,185.36,182.64,183.92,243640
2026-01-28 13:12:36,179.15,179.31,178.0,179.0,182976
2026-01-28 13:22:36,186.86,186.93,185.36,186.93,160357
2026-01-28 13:32:36,180.35,181.21,178.59,180.31,371679
2026-01-28 13:42:36,173.83,174.49,172.82,172.93,117240
2026-01-28 13:52:36,179.72,180.52,179.6,179.93,73380
2026-01-28 14:02:36,137.92,138.29,137.92,138.29,531983
2026-01-28 14:12:36,148.61,148.8,147.34,148.64,459940
2026-01-28 14:22:36,141.98,141.98,140.83,140.83,73389
2026-01-28 14:32:36,136.39,136.47,135.46,136.02,272026
2026-01-28 14:42:36,137.45,138.94,137.45,137.77,402318
2026-01-28 14:52:36,137.94,138.31,137.12,138.31,152644
2026-01-28 15:02:36,145.71,146.38,145.17,145.94,515827
2026-01-28 15:12:36,152.82,154.54,151.67,152.8,269271
2026-01-28 15:22:36,158.82,159.67,157.5,159.09,379514
2026-01-28 15:32:36,153.39,153.92,153.39,153.92,243202
2026-01-28 15:42:36,155.47,156.47,155.36,155.53,472773
2026-01-28 15:52:36,159.33,160.41,159.26,159.66,167496
2026-01-29 09:32:36,145.48,146.23,145.2,145.78,101248
2026-01-29 09:42:36,139.14,139.35,138.91,139.0,63955
2026-01-29 09:52:36,138.51,138.51,138.08,138.47,288514
2026-01-29 10:02:36,146.24,146.94,146.07,146.12,79661
2026-01-29 10:12:36,149.38,150.54,149.38,149.73,478481
2026-01-29 10:22:36,154.51,155.66,153.82,154.85,287783
2026-01-29 10:32:36,160.58,161.35,159.51,161.08,441606
2026-01-29 10:42:36,157.1,158.17,156.36,156.99,453141
2026-01-29 10:52:36,158.41,158.49,157.36,157.98,251359
2026-01-29 11:02:36,186.49,188.88,186.33,188.7,316064
2026-01-29 11:12:36,183.31,184.47,183.09,183.47,156997
2026-01-29 11:22:36,186.96,188.09,186.96,187.88,117998
2026-01-29 11:32:36,188.05,188.06,187.29,188.06,60568
2026-01-29 11:42:36,183.63,184.03,182.85,183.84,165271
2026-01-29 11:52:36,185.67,186.1,183.97,185.79,151831
2026-01-29 12:02:36,183.19,184.55,183.19,184.55,325333
2026-01-29 12:12:36,183.82,183.82,181.96,183.38,87980
2026-01-29 12:22:36,182.7,182.98,180.74,181.48,85457
2026-01-29 12:32:36,184.49,185.85,184.49,185.05,287857
2026-01-29 12:42:36,191.37,191.54,190.59,191.41,94035
2026-01-29 12:52:36,189.97,190.24,189.18,189.18,227668
2026-01-29 13:02:36,188.79,190.2,188.13,188.94,322731
2026-01-29 13:12:36,180.2,180.52,179.48,180.48,336666
2026-01-29 13:22:36,189.8,189.8,189.24,189.65,232257
2026-01-29 13:32:36,189.69,191.97,188.43,190.08,117434
2026-01-29 13:42:36,181.95,182.98,181.57,182.75,49984
2026-01-29 13:52:36,186.77,187.24,186.4,187.24,156977
2026-01-29 14:02:36,164.57,166.61,164.49,164.49,415483
2026-01-29 14:12:36,163.09,163.67,161.84,163.61,350429
2026-01-29 14:22:36,160.02,160.59,159.99,159.99,384071
2026-01-29 14:32:36,167.89,168.29,166.53,168.11,315983
2026-01-29 14:42:36,163.89,164.82,163.55,164.26,82375
2026-01-29 14:52:36,175.67,177.3,173.94,176.08,376462
2026-01-29 15:02:36,182.97,184.05,182.43,182.67,229059
2026-01-29 15:12:36,174.13,174.34,173.63,173.63,173193
2026-01-29 15:22:36,157.75,157.92,157.69,157.9,276082
2026-01-29 15:32:36,153.79,154.07,152.3,153.91,432325
2026-01-29 15:42:36,145.63,145.96,143.69,144.97,78307
2026-01-29 15:52:36,127.74,128.41,127.44,128.41,262130
2026-01-30 09:32:36,131.66,132.51,131.14,131.47,58400
2026-01-30 09:42:36,138.93,140.16,138.35,139.1,379209
2026-01-30 09:52:36,141.09,142.24,140.46,140.46,510398
2026-01-30 10:02:36,139.86,141.07,139.86,140.57,257279
2026-01-30 10:12:36,123.41,123.69,122.77,123.53,553638
2026-01-30 10:22:36,129.33,129.42,128.93,128.93,452106
2026-01-30 10:32:36,130.21,130.22,129.88,130.07,517844
2026-01-30 10:42:36,134.2,134.34,133.37,133.89,143494
2026-01-30 10:52:36,138.07,138.63,137.96,138.02,79891
2026-01-30 11:02:36,169.4,170.89,168.94,170.85,118231
2026-01-30 11:12:36,171.76,172.98,171.44,171.89,154702
2026-01-30 11:22:36,171.18,172.15,170.89,170.9,289963
2026-01-30 11:32:36,177.16,178.58,177.16,177.58,302152
2026-01-30 11:42:36,183.36,183.8,182.89,183.48,226709
2026-01-30 11:52:36,186.9,187.21,186.19,186.83,104708
2026-01-30 12:02:36,182.43,182.98,181.75,182.51,335532
2026-01-30 12:12:36,181.97,183.95,181.88,181.88,236432
2026-01-30 12:22:36,179.12,179.12,177.54,179.0,302671
2026-01-30 12:32:36,181.31,182.8,180.3,180.84,337162
2026-01-30 12:42:36,185.24,186.57,183.86,185.23,230595
2026-01-30 12:52:36,178.71,179.21,177.95,177.95,56346
2026-01-30 13:02:36,182.53,182.53,181.43,182.05,337582
2026-01-30 13:12:36,184.92,184.92,184.31,184.75,116677
2026-01-30 13:22:36,170.4,171.13,169.05,171.1,139140
2026-01-30 13:32:36,172.87,173.51,171.13,173.51,61510
2026-01-30 13:42:36,170.33,170.33,169.06,169.64,202061
2026-01-30 13:52:36,168.11,168.21,167.29,167.79,298456
2026-01-30 14:02:36,118.41,119.1,117.97,119.1,172084
2026-01-30 14:12:36,115.73,116.75,115.73,115.86,209748
2026-01-30 14:22:36,113.61,114.47,112.92,113.73,318082
2026-01-30 14:32:36,110.5,110.82,110.15,110.82,585798
2026-01-30 14:42:36,127.18,128.17,126.8,128.06,375324
2026-01-30 14:52:36,124.49,125.09,124.18,124.18,106390
2026-01-30 15:02:36,127.74,127.74,126.65,127.17,147022
2026-01-30 15:12:36,107.03,107.6,106.86,107.18,489046
2026-01-30 15:22:36,93.63,94.19,93.48,94.06,664651
2026-01-30 15:32:36,90.32,90.81,89.69,90.48,655872
2026-01-30 15:42:36,82.42,82.78,82.42,82.78,208392
2026-01-30 15:52:36,76.8,77.54,76.8,77.0,289674
2026-02-02 09:32:36,81.3,81.3,81.03,81.1,86463
2026-02-02 09:42:36,81.28,82.24,80.7,81.1,273934
2026-02-02 09:52:36,79.35,79.84,78.99,79.21,139805
2026-02-02 10:02:36,76.39,76.47,75.88,76.17,239039
2026-02-02 10:12:36,92.56,92.79,91.91,92.38,692999
2026-02-02 10:22:36,94.42,94.59,93.94,93.94,425789
2026-02-02 10:32:36,99.38,100.14,99.34,99.43,422259
2026-02-02 10:42:36,99.08,99.23,98.95,98.95,395373
2026-02-02 10:52:36,89.58,90.76,89.35,89.78,444811
2026-02-02 11:02:36,147.4,147.67,145.63,146.52,459322
2026-02-02 11:12:36,147.01,147.09,146.8,146.91,285958
2026-02-02 11:22:36,150.41,151.2,150.21,150.21,91119
2026-02-02 11:32:36,152.69,153.68,152.44,152.44,49734
2026-02-02 11:42:36,155.43,155.43,154.79,155.36,262346
2026-02-02 11:52:36,155.45,155.58,154.64,154.64,307109
2026-02-02 12:02:36,164.59,165.26,163.04,164.65,109153
2026-02-02 12:12:36,158.93,160.69,158.93,160.49,366596
2026-02-02 12:22:36,160.45,161.44,160.32,161.11,451364
2026-02-02 12:32:36,158.84,160.28,158.24,159.79,57813
2026-02-02 12:42:36,162.41,164.63,162.41,163.55,292252
2026-02-02 12:52:36,161.79,162.4,160.48,160.48,293340
2026-02-02 13:02:36,157.47,158.41,156.94,157.75,444991
2026-02-02 13:12:36,163.91,164.53,163.91,164.09,377794
2026-02-02 13:22:36,167.29,167.29,165.41,167.18,207955
2026-02-02 13:32:36,168.91,168.93,167.2,168.25,298256
2026-02-02 13:42:36,162.01,163.93,160.26,161.78,130350
2026-02-02 13:52:36,160.58,160.76,158.73,159.94,50487
2026-02-02 14:02:36,101.38,101.95,100.48,101.86,621362
2026-02-02 14:12:36,107.35,109.34,107.06,107.06,585143
2026-02-02 14:22:36,107.79,107.81,107.55,107.55,238406
2026-02-02 14:32:36,99.37,99.86,99.19,99.19,475741
2026-02-02 14:42:36,99.99,100.83,99.25,100.28,78176
2026-02-02 14:52:36,105.98,106.02,105.01,105.84,354365
2026-02-02 15:02:36,108.78,108.78,108.03,108.03,335122
2026-02-02 15:12:36,112.36,112.52,111.53,111.56,472666
2026-02-02 15:22:36,113.67,114.34,112.92,113.62,97135
2026-02-02 15:32:36,109.68,110.57,109.19,109.98,605486
2026-02-02 15:42:36,111.56,112.42,111.4,112.42,205824
2026-02-02 15:52:36,118.08,118.97,118.08,118.33,273502
2026-02-03 09:32:36,97.61,97.88,97.28,97.62,611257
2026-02-03 09:42:36,106.59,106.84,106.39,106.63,201605
2026-02-03 09:52:36,105.55,105.55,104.86,105.01,77258
2026-02-03 10:02:36,105.11,105.73,105.09,105.16,337043
2026-02-03 10:12:36,98.47,98.86,97.88,98.24,193690
2026-02-03 10:22:36,101.84,102.11,101.49,101.91,648972
2026-02-03 10:32:36,100.67,101.3,100.61,100.81,483505
2026-02-03 10:42:36,118.24,118.48,117.88,118.45,501042
2026-02-03 10:52:36,125.43,125.75,124.97,125.21,480897
2026-02-03 11:02:36,164.8,164.8,163.66,164.08,130435
2026-02-03 11:12:36,156.8,156.8,155.48,156.63,102268
2026-02-03 11:22:36,168.04,168.04,166.45,167.59,271733
2026-02-03 11:32:36,169.11,169.11,167.46,169.04,315932
2026-02-03 11:42:36,171.78,172.1,171.4,172.1,386926
2026-02-03 11:52:36,165.51,166.63,164.57,165.43,137105
2026-02-03 12:02:36,164.8,165.73,163.52,164.12,348168
2026-02-03 12:12:36,171.67,172.65,171.67,172.12,298070
2026-02-03 12:22:36,171.01,172.83,171.01,171.5,236851
2026-02-03 12:32:36,175.62,177.31,175.62,176.9,253380
2026-02-03 12:42:36,175.19,176.01,172.24,175.13,143644
2026-02-03 12:52:36,179.59,180.27,177.98,179.04,46385
2026-02-03 13:02:36,181.69,182.14,181.1,181.35,259258
2026-02-03 13:12:36,181.85,182.5,181.15,181.55,71156
2026-02-03 13:22:36,184.63,186.78,184.46,185.24,339525
2026-02-03 13:32:36,184.58,185.65,183.93,184.83,86822
2026-02-03 13:42:36,187.68,187.94,187.47,187.73,82970
2026-02-03 13:52:36,188.69,189.7,188.36,189.32,307565
2026-02-03 14:02:36,151.45,151.73,150.82,151.12,57421
2026-02-03 14:12:36,146.56,147.85,146.23,146.8,89782
2026-02-03 14:22:36,155.58,156.09,154.48,155.41,69036
2026-02-03 14:32:36,161.56,162.07,160.74,161.69,447642
2026-02-03 14:42:36,166.11,166.73,165.36,166.22,62275
2026-02-03 14:52:36,156.6,157.48,156.0,156.05,289648
2026-02-03 15:02:36,153.19,153.94,152.33,153.58,212536
2026-02-03 15:12:36,142.73,143.27,142.73,143.18,336022
2026-02-03 15:22:36,134.25,134.99,133.59,134.4,393409
2026-02-03 15:32:36,133.33,133.41,132.35,133.35,226512
2026-02-03 15:42:36,130.67,130.86,130.62,130.72,318722
2026-02-03 15:52:36,125.15,125.68,125.15,125.23,403854
2026-02-04 09:32:36,128.71,128.81,128.55,128.7,283143
2026-02-04 09:42:36,121.3,121.33,120.14,120.84,445806
2026-02-04 09:52:36,114.2,114.79,113.84,114.03,556055
2026-02-04 10:02:36,125.82,126.55,125.76,126.55,252330
2026-02-04 10:12:36,134.26,134.49,133.95,134.09,466158
2026-02-04 10:22:36,137.83,138.37,136.3,138.37,325708
2026-02-04 10:32:36,135.62,136.0,135.05,135.05,480845
2026-02-04 10:42:36,139.36,139.91,139.36,139.41,418435
2026-02-04 10:52:36,144.89,145.79,143.87,144.65,438060
2026-02-04 11:02:36,185.12,185.88,184.4,185.04,105274
2026-02-04 11:12:36,187.61,187.61,185.82,186.93,49993
2026-02-04 11:22:36,186.6,187.41,186.32,187.41,153649
2026-02-04 11:32:36,188.93,189.96,188.06,189.25,102872
2026-02-04 11:42:36,192.73,193.92,191.99,193.33,191609
2026-02-04 11:52:36,193.77,194.42,193.09,193.09,127542
2026-02-04 12:02:36,190.74,190.74,190.08,190.61,225562
2026-02-04 12:12:36,191.73,191.79,190.38,191.18,254923
2026-02-04 12:22:36,192.62,193.65,192.37,193.61,267592
2026-02-04 12:32:36,193.62,193.62,192.61,192.78,177046
2026-02-04 12:42:36,204.07,204.23,202.85,204.22,251386
2026-02-04 12:52:36,198.73,198.88,197.89,198.88,54378
2026-02-04 13:02:36,195.77,195.77,194.38,195.37,177307
2026-02-04 13:12:36,196.44,196.53,195.26,196.05,166796
2026-02-04 13:22:36,195.45,195.61,195.03,195.15,62072
2026-02-04 13:32:36,198.71,201.15,198.51,198.99,44166
2026-02-04 13:42:36,200.32,201.82,199.88,200.2,270751
2026-02-04 13:52:36,192.39,193.11,191.61,192.86,195732
2026-02-04 14:02:36,164.73,165.3,164.31,165.3,343659
2026-02-04 14:12:36,166.48,166.89,166.3,166.78,123821
2026-02-04 14:22:36,147.59,148.85,147.59,148.85,473113
2026-02-04 14:32:36,144.7,145.35,143.92,144.83,112876
2026-02-04 14:42:36,146.9,147.16,145.57,147.16,304093
2026-02-04 14:52:36,133.03,133.17,132.31,132.35,351996
2026-02-04 15:02:36,136.53,137.04,136.53,136.63,74365
2026-02-04 15:12:36,134.96,135.92,134.8,135.1,477987
2026-02-04 15:22:36,138.78,139.66,138.05,138.56,140995
2026-02-04 15:32:36,137.27,137.97,137.27,137.86,431324
2026-02-04 15:42:36,135.63,136.23,135.63,135.67,312538
2026-02-04 15:52:36,124.77,124.77,124.44,124.44,342761
2026-02-05 09:32:36,118.06,119.1,117.78,117.91,145483
2026-02-05 09:42:36,108.16,108.17,107.81,108.01,279331
2026-02-05 09:52:36,119.96,121.2,119.79,120.31,74759
2026-02-05 10:02:36,126.66,126.89,125.67,126.89,278204
2026-02-05 10:12:36,119.96,120.4,119.73,119.73,603413
2026-02-05 10:22:36,112.43,112.62,111.05,112.62,445296
2026-02-05 10:32:36,116.53,116.98,116.23,116.49,124864
2026-02-05 10:42:36,123.39,124.12,123.16,123.16,421502
2026-02-05 10:52:36,131.21,131.44,131.03,131.16,384899
2026-02-05 11:02:36,169.12,169.12,167.29,168.23,146573
2026-02-05 11:12:36,162.0,162.51,161.32,162.34,79816
2026-02-05 11:22:36,163.37,165.33,163.19,163.19,142970
2026-02-05 11:32:36,161.49,161.49,159.95,160.52,261282
2026-02-05 11:42:36,158.06,159.3,157.61,158.62,173723
2026-02-05 11:52:36,170.02,170.41,169.22,169.22,259824
2026-02-05 12:02:36,171.6,173.87,171.6,171.75,322598
2026-02-05 12:12:36,179.55,180.1,178.64,180.1,276677
2026-02-05 12:22:36,186.97,188.21,186.52,187.22,267517
2026-02-05 12:32:36,189.1,190.05,189.06,189.42,250344
2026-02-05 12:42:36,182.54,184.19,182.54,183.69,219212
2026-02-05 12:52:36,184.49,184.49,183.6,183.86,146241
2026-02-05 13:02:36,186.3,187.34,184.83,186.23,111121
2026-02-05 13:12:36,175.09,176.34,175.09,176.14,148658
2026-02-05 13:22:36,176.8,178.13,175.94,177.57,54588
2026-02-05 13:32:36,179.76,180.78,178.61,180.44,158876
2026-02-05 13:42:36,176.05,176.53,174.85,175.23,165919
2026-02-05 13:52:36,173.93,174.84,172.71,173.68,389312
2026-02-05 14:02:36,148.26,149.41,148.26,149.06,368914
2026-02-05 14:12:36,157.93,158.31,156.0,157.78,171242
2026-02-05 14:22:36,158.98,159.45,158.62,159.45,185553
2026-02-05 14:32:36,161.18,162.04,160.69,161.31,448381
2026-02-05 14:42:36,157.39,157.55,156.57,156.73,280827
2026-02-05 14:52:36,171.93,171.99,171.45,171.56,254475
2026-02-05 15:02:36,180.82,181.6,180.21,180.53,322014
2026-02-05 15:12:36,172.32,173.21,172.32,172.51,111539
2026-02-05 15:22:36,183.44,184.42,182.15,183.96,308776
2026-02-05 15:32:36,182.08,182.7,181.93,182.45,73743
2026-02-05 15:42:36,189.24,189.73,188.61,188.85,187371
2026-02-05 15:52:36,192.43,192.43,189.31,191.9,312400
2026-02-06 09:32:36,186.32,186.69,185.95,186.55,232385
2026-02-06 09:42:36,190.63,190.65,189.92,190.65,39591
2026-02-06 09:52:36,180.45,180.71,179.08,180.34,72676
2026-02-06 10:02:36,189.2,190.27,188.82,189.36,305218
2026-02-06 10:12:36,178.7,179.23,177.96,177.96,234083
2026-02-06 10:22:36,190.39,191.12,189.77,190.35,62086
2026-02-06 10:32:36,183.19,183.83,181.26,183.83,326824
2026-02-06 10:42:36,178.04,180.55,177.38,177.75,215167
2026-02-06 10:52:36,191.88,193.4,191.04,192.16,191431
2026-02-06 11:02:36,212.72,214.1,211.47,214.1,139505
2026-02-06 11:12:36,217.55,218.32,216.4,218.07,97677
2026-02-06 11:22:36,217.38,219.33,217.14,217.41,83510
2026-02-06 11:32:36,217.05,218.89,216.86,216.86,99200
2026-02-06 11:42:36,215.23,216.98,213.49,215.18,173468
2026-02-06 11:52:36,214.7,216.61,214.7,215.93,37830
2026-02-06 12:02:36,219.23,220.35,218.36,218.36,48065
2026-02-06 12:12:36,216.37,216.97,215.71,216.47,29921
2026-02-06 12:22:36,212.51,213.22,211.51,213.22,217502
2026-02-06 12:32:36,216.32,218.07,215.6,215.92,87487
2026-02-06 12:42:36,231.75,233.32,231.75,232.86,56774
2026-02-06 12:52:36,240.69,241.22,239.58,241.15,132729
2026-02-06 13:02:36,243.69,244.61,242.55,244.49,19704
2026-02-06 13:12:36,244.35,244.79,243.66,243.66,14887
2026-02-06 13:22:36,241.39,243.53,240.68,242.48,90645
2026-02-06 13:32:36,246.4,246.73,243.73,246.73,25330
2026-02-06 13:42:36,248.9,248.9,247.24,248.12,100065
2026-02-06 13:52:36,252.43,252.43,250.03,251.84,23780
2026-02-06 14:02:36,244.57,246.49,243.55,245.35,66778
2026-02-06 14:12:36,245.24,246.2,245.24,245.68,80069
2026-02-06 14:22:36,235.51,235.79,234.15,235.79,154899
2026-02-06 14:32:36,245.16,247.39,244.79,244.79,64807
2026-02-06 14:42:36,243.06,246.14,243.06,244.39,69810
2026-02-06 14:52:36,242.96,243.73,242.12,242.36,118390
2026-02-06 15:02:36,239.36,240.93,237.86,238.64,94806
2026-02-06 15:12:36,249.02,250.4,246.33,247.86,25764
2026-02-06 15:22:36,246.96,246.96,246.04,246.66,91390
2026-02-06 15:32:36,251.53,253.81,249.7,250.49,90548
2026-02-06 15:42:36,252.03,254.79,250.82,252.74,85978
2026-02-06 15:52:36,251.75,253.27,251.37,251.37,62814
2026-02-09 09:32:36,253.66,253.66,251.46,251.46,54148
2026-02-09 09:42:36,252.05,252.55,251.97,251.97,41141
2026-02-09 09:52:36,247.48,248.81,245.74,247.61,63400
2026-02-09 10:02:36,246.09,246.74,244.64,245.87,83431
2026-02-09 10:12:36,232.74,232.95,231.48,231.48,64376
2026-02-09 10:22:36,235.12,236.89,233.61,235.7,85609
2026-02-09 10:32:36,241.36,242.1,240.82,241.11,53745
2026-02-09 10:42:36,228.83,229.14,227.91,228.89,51291
2026-02-09 10:52:36,235.13,236.31,235.13,236.31,126220
2026-02-09 11:02:36,233.93,235.38,233.24,234.45,81243
2026-02-09 11:12:36,236.01,237.12,234.59,235.71,124373
2026-02-09 11:22:36,239.42,240.14,239.42,239.88,128567
2026-02-09 11:32:36,229.13,231.18,229.13,229.56,78529
2026-02-09 11:42:36,226.98,227.12,225.52,226.94,159841
2026-02-09 11:52:36,235.8,236.97,234.7,235.6,37856
2026-02-09 12:02:36,234.68,235.04,233.15,234.21,69169
2026-02-09 12:12:36,238.69,238.69,237.53,237.8,119529
2026-02-09 12:22:36,234.02,235.25,233.47,235.04,115075
2026-02-09 12:32:36,238.33,239.08,238.33,238.72,79546
2026-02-09 12:42:36,237.94,237.94,234.87,235.58,96417
2026-02-09 12:52:36,237.47,237.47,236.06,236.91,82602
2026-02-09 13:02:36,235.95,237.06,235.11,236.63,65255
2026-02-09 13:12:36,238.54,240.6,237.99,239.78,21715
2026-02-09 13:22:36,240.52,240.52,239.89,240.36,49686
2026-02-09 13:32:36,233.66,234.24,232.34,233.19,123060
2026-02-09 13:42:36,225.2,227.52,225.2,225.74,86457
2026-02-09 13:52:36,219.42,223.43,219.42,220.28,37479
2026-02-09 14:02:36,188.83,189.53,188.6,189.31,150800
2026-02-09 14:12:36,182.81,183.57,182.22,183.57,66358
2026-02-09 14:22:36,173.69,173.69,172.11,173.37,218107
2026-02-09 14:32:36,177.66,178.37,177.11,178.37,192465
2026-02-09 14:42:36,185.72,185.82,184.46,185.82,233885
2026-02-09 14:52:36,173.79,175.26,173.37,173.63,173487
2026-02-09 15:02:36,176.9,178.38,176.9,177.68,253161
2026-02-09 15:12:36,173.2,173.99,172.86,173.43,312556
2026-02-09 15:22:36,172.57,172.57,170.68,171.85,181435
2026-02-09 15:32:36,181.29,183.73,181.06,181.32,351874
2026-02-09 15:42:36,188.25,189.57,187.83,189.57,70954
2026-02-09 15:52:36,190.51,190.91,190.2,190.6,237891
2026-02-10 09:32:36,196.69,198.25,196.3,196.3,43971
2026-02-10 09:42:36,190.33,192.27,189.13,189.99,325686
2026-02-10 09:52:36,193.67,194.41,192.62,193.16,217373
2026-02-10 10:02:36,206.71,206.79,205.35,206.26,44064
2026-02-10 10:12:36,188.56,188.6,187.56,188.6,120756
2026-02-10 10:22:36,193.38,194.19,191.37,192.92,254414
2026-02-10 10:32:36,194.42,195.64,193.86,193.95,243840
2026-02-10 10:42:36,187.28,188.34,186.12,186.76,87176
2026-02-10 10:52:36,192.9,193.03,190.42,192.4,73882
2026-02-10 11:02:36,214.63,215.98,214.61,214.64,46835
2026-02-10 11:12:36,212.48,213.72,211.95,212.99,96329
2026-02-10 11:22:36,207.77,209.38,206.69,206.85,128449
2026-02-10 11:32:36,212.84,214.28,212.84,213.48,143837
2026-02-10 11:42:36,210.86,211.82,209.41,210.93,203529
2026-02-10 11:52:36,212.08,212.23,211.36,211.88,175600
2026-02-10 12:02:36,209.9,211.2,208.21,208.99,150737
2026-02-10 12:12:36,203.82,205.25,202.33,204.0,138246
2026-02-10 12:22:36,207.59,208.48,206.73,207.15,38748
2026-02-10 12:32:36,215.82,217.79,215.35,215.68,61235
2026-02-10 12:42:36,219.44,220.84,218.77,219.31,37816
2026-02-10 12:52:36,225.03,226.83,224.8,225.09,41446
2026-02-10 13:02:36,218.32,218.79,217.15,217.15,152282
2026-02-10 13:12:36,214.32,214.32,212.83,213.95,186934
2026-02-10 13:22:36,210.05,210.12,209.47,210.12,252739
2026-02-10 13:32:36,216.36,217.87,214.58,217.87,137811
2026-02-10 13:42:36,219.22,219.24,218.38,218.38,188937
2026-02-10 13:52:36,216.48,217.88,215.98,215.98,186766
2026-02-10 14:02:36,206.9,206.9,206.02,206.36,71727
2026-02-10 14:12:36,205.76,206.78,204.58,205.93,133019
2026-02-10 14:22:36,211.7,212.56,211.29,211.52,201655
2026-02-10 14:32:36,212.56,212.8,210.78,210.78,214423
2026-02-10 14:42:36,214.15,217.23,212.81,214.99,121883
2026-02-10 14:52:36,217.17,217.7,215.1,216.09,81598
2026-02-10 15:02:36,214.19,215.04,213.99,213.99,211873
2026-02-10 15:12:36,222.21,222.36,219.48,221.38,36490
2026-02-10 15:22:36,225.41,227.41,224.8,225.47,50143
2026-02-10 15:32:36,223.77,226.07,223.77,224.73,99519
2026-02-10 15:42:36,218.16,219.75,217.9,218.57,195069
2026-02-10 15:52:36,209.33,209.72,208.59,208.59,89906
2026-02-11 09:32:36,213.09,215.3,211.89,211.99,176562
2026-02-11 09:42:36,203.55,204.96,203.42,203.42,60639
2026-02-11 09:52:36,190.91,190.91,188.47,189.49,212937
2026-02-11 10:02:36,196.57,198.04,195.56,198.04,173657
2026-02-11 10:12:36,196.6,196.71,194.82,196.71,181400
2026-02-11 10:22:36,191.17,192.4,191.17,192.35,313930
2026-02-11 10:32:36,193.45,194.9,192.45,193.16,257091
2026-02-11 10:42:36,187.71,187.71,186.09,186.22,217510
2026-02-11 10:52:36,182.25,182.4,179.23,181.76,140086
2026-02-11 11:02:36,215.64,215.64,214.85,214.85,45283
2026-02-11 11:12:36,219.91,220.89,219.44,220.89,182200
2026-02-11 11:22:36,223.91,224.38,223.12,223.12,180983
2026-02-11 11:32:36,225.92,226.6,224.96,225.92,160686
2026-02-11 11:42:36,227.58,227.83,227.12,227.14,27230
2026-02-11 11:52:36,227.84,229.75,225.91,228.92,80889
2026-02-11 12:02:36,227.12,228.38,227.12,227.77,27396
2026-02-11 12:12:36,226.92,230.29,225.4,227.68,105507
2026-02-11 12:22:36,228.27,229.09,228.27,228.99,21416
2026-02-11 12:32:36,227.71,229.3,227.71,228.03,46388
2026-02-11 12:42:36,231.15,232.12,231.15,231.9,21449
2026-02-11 12:52:36,232.77,232.77,229.66,231.8,134401
2026-02-11 13:02:36,226.85,226.85,226.28,226.7,127315
2026-02-11 13:12:36,229.73,230.01,229.1,229.25,131820
2026-02-11 13:22:36,229.04,229.81,227.42,228.83,93460
2026-02-11 13:32:36,222.23,224.54,222.23,223.89,164434
2026-02-11 13:42:36,211.28,211.94,210.1,211.84,209743
2026-02-11 13:52:36,209.72,211.76,209.72,211.52,128934
2026-02-11 14:02:36,184.84,184.84,180.9,183.66,67316
2026-02-11 14:12:36,185.84,187.28,185.56,185.56,197627
2026-02-11 14:22:36,187.29,187.59,186.14,186.92,243500
2026-02-11 14:32:36,181.24,181.48,180.42,181.14,74367
2026-02-11 14:42:36,184.68,185.74,184.68,185.27,102279
2026-02-11 14:52:36,182.78,183.44,182.04,182.25,345700
2026-02-11 15:02:36,178.57,181.36,178.57,179.16,174458
2026-02-11 15:12:36,173.57,173.73,172.74,172.85,125593
2026-02-11 15:22:36,180.02,180.99,180.02,180.99,337227
2026-02-11 15:32:36,171.39,172.07,170.44,171.14,133965
2026-02-11 15:42:36,164.48,164.73,164.03,164.7,405666
2026-02-11 15:52:36,167.57,168.09,165.95,168.09,241212
2026-02-12 09:32:36,156.22,157.49,156.22,156.34,189263
2026-02-12 09:42:36,155.9,155.9,154.67,155.8,112460
2026-02-12 09:52:36,156.05,157.04,156.05,156.49,398392
2026-02-12 10:02:36,148.87,150.04,148.87,149.53,256358
2026-02-12 10:12:36,139.03,139.35,138.98,138.98,500009
2026-02-12 10:22:36,137.42,138.26,136.64,137.84,374813
2026-02-12 10:32:36,136.88,137.17,135.53,136.23,440404
2026-02-12 10:42:36,129.31,129.99,129.31,129.99,206208
2026-02-12 10:52:36,140.46,140.85,139.79,140.8,150537
2026-02-12 11:02:36,175.54,176.15,174.46,175.88,86552
2026-02-12 11:12:36,178.93,179.43,178.56,179.43,198704
2026-02-12 11:22:36,173.94,175.95,173.94,174.92,399498
2026-02-12 11:32:36,176.32,176.77,175.93,176.04,187264
2026-02-12 11:42:36,177.67,178.39,176.92,176.92,40425
2026-02-12 11:52:36,178.1,178.82,176.2,178.08,361323
2026-02-12 12:02:36,176.68,178.07,175.06,178.06,241409
2026-02-12 12:12:36,178.25,178.82,177.27,178.7,217129
2026-02-12 12:22:36,180.46,181.47,179.98,180.24,167927
2026-02-12 12:32:36,176.66,177.06,176.59,177.06,223658
2026-02-12 12:42:36,168.42,169.35,168.23,169.0,66579
2026-02-12 12:52:36,173.89,174.96,173.36,173.36,400245
2026-02-12 13:02:36,169.49,170.08,168.44,169.56,315029
2026-02-12 13:12:36,162.87,163.95,162.87,163.95,389232
2026-02-12 13:22:36,166.49,167.35,166.33,166.33,384000
2026-02-12 13:32:36,158.51,158.87,158.15,158.18,184917
2026-02-12 13:42:36,161.02,162.98,159.36,160.86,232844
2026-02-12 13:52:36,161.94,162.5,160.74,161.92,262624
2026-02-12 14:02:36,107.77,108.33,106.86,107.33,424047
2026-02-12 14:12:36,100.1,100.74,99.77,99.92,634414
2026-02-12 14:22:36,113.72,114.37,113.43,113.89,191303
2026-02-12 14:32:36,98.7,98.75,97.76,97.85,241943
2026-02-12 14:42:36,101.31,101.82,100.77,101.79,588127
2026-02-12 14:52:36,110.64,111.22,110.28,111.01,171510
2026-02-12 15:02:36,117.14,117.31,116.79,117.24,100651
2026-02-12 15:12:36,117.69,118.74,117.69,118.18,135983
2026-02-12 15:22:36,111.08,111.47,110.75,111.47,417958
2026-02-12 15:32:36,108.3,108.57,107.99,108.06,352838
2026-02-12 15:42:36,102.81,102.87,102.24,102.5,431783
2026-02-12 15:52:36,102.44,103.06,102.21,102.59,391415
2026-02-13 09:32:36,111.67,112.56,111.22,111.74,208118
2026-02-13 09:42:36,122.03,122.76,121.72,122.73,348124
2026-02-13 09:52:36,122.11,122.13,121.85,121.85,488374
2026-02-13 10:02:36,123.76,124.24,123.44,124.09,308497
2026-02-13 10:12:36,116.51,116.91,116.36,116.55,457675
2026-02-13 10:22:36,119.84,120.41,119.77,120.41,200885
2026-02-13 10:32:36,119.43,120.06,118.35,118.52,154607
2026-02-13 10:42:36,112.67,112.94,112.35,112.64,170594
2026-02-13 10:52:36,111.55,111.55,111.05,111.05,343706
2026-02-13 11:02:36,168.78,169.53,168.78,168.79,250116
2026-02-13 11:12:36,170.76,171.9,170.35,170.35,139838
2026-02-13 11:22:36,173.2,174.69,173.2,173.84,255907
2026-02-13 11:32:36,186.47,187.91,185.86,186.61,259303
2026-02-13 11:42:36,185.78,186.66,184.68,186.66,170155
2026-02-13 11:52:36,190.49,190.53,187.87,190.19,327640
2026-02-13 12:02:36,182.16,182.16,181.1,181.68,83131
2026-02-13 12:12:36,181.11,181.96,179.81,180.97,189056
2026-02-13 12:22:36,174.52,175.82,174.44,174.44,102627
2026-02-13 12:32:36,175.55,175.55,173.02,175.0,90543
2026-02-13 12:42:36,172.95,173.43,172.69,173.43,169887
2026-02-13 12:52:36,175.67,176.97,175.67,176.22,56904
2026-02-13 13:02:36,181.46,182.02,180.25,181.73,209450
2026-02-13 13:12:36,177.57,177.57,176.42,177.04,204059
2026-02-13 13:22:36,176.8,177.79,176.67,176.76,365216
2026-02-13 13:32:36,181.99,182.68,181.75,181.92,37686
2026-02-13 13:42:36,187.65,188.61,187.14,187.78,334702
2026-02-13 13:52:36,197.41,198.63,196.37,197.1,213060
2026-02-13 14:02:36,162.57,162.88,161.94,161.94,45098
2026-02-13 14:12:36,161.55,162.83,161.06,161.46,418251
2026-02-13 14:22:36,170.03,170.03,167.36,169.04,398354
2026-02-13 14:32:36,159.04,160.52,158.74,159.19,145853
2026-02-13 14:42:36,150.65,150.83,149.68,150.12,409627
2026-02-13 14:52:36,145.53,146.42,145.47,145.47,425363
2026-02-13 15:02:36,146.73,147.99,144.28,146.82,77731
2026-02-13 15:12:36,146.1,146.34,145.24,146.3,469234
2026-02-13 15:22:36,140.2,140.94,139.38,139.38,292413
2026-02-13 15:32:36,138.01,138.58,136.35,138.58,285361
2026-02-13 15:42:36,126.85,127.7,126.85,127.3,128390
2026-02-13 15:52:36,119.26,120.76,119.26,119.65,92852
2026-02-16 09:32:36,127.88,128.26,127.56,127.56,446366
2026-02-16 09:42:36,122.2,122.2,120.93,121.67,527956
2026-02-16 09:52:36,104.94,105.25,104.32,104.32,605029
2026-02-16 10:02:36,119.61,120.19,119.56,119.86,399142
2026-02-16 10:12:36,115.24,116.49,114.89,115.56,158974
2026-02-16 10:22:36,114.75,114.75,114.19,114.71,251158
2026-02-16 10:32:36,115.57,116.07,114.98,115.32,460010
2026-02-16 10:42:36,129.02,129.53,129.02,129.2,250021
2026-02-16 10:52:36,131.39,131.69,130.07,131.1,528562
2026-02-16 11:02:36,176.15,176.53,174.53,175.23,248825
2026-02-16 11:12:36,189.27,189.32,187.74,187.74,346698
2026-02-16 11:22:36,178.45,179.43,178.44,179.36,102221
2026-02-16 11:32:36,175.49,176.34,175.49,175.77,311113
2026-02-16 11:42:36,182.19,184.01,182.17,183.29,167521
2026-02-16 11:52:36,180.52,181.6,178.92,180.3,43121
2026-02-16 12:02:36,180.15,180.79,179.77,180.15,316321
2026-02-16 12:12:36,171.24,172.22,171.24,171.64,213862
2026-02-16 12:22:36,169.92,170.14,169.14,170.14,134087
2026-02-16 12:32:36,176.32,176.85,175.97,176.5,74296
2026-02-16 12:42:36,170.46,172.19,169.71,170.54,215352
2026-02-16 12:52:36,170.88,171.13,169.58,171.13,198327
2026-02-16 13:02:36,172.91,173.47,171.42,172.68,253155
2026-02-16 13:12:36,172.03,172.96,170.69,171.14,386683
2026-02-16 13:22:36,170.85,171.61,170.62,171.61,284677
2026-02-16 13:32:36,165.17,165.96,165.17,165.96,182574
2026-02-16 13:42:36,163.14,163.14,162.12,162.43,359751
2026-02-16 13:52:36,157.68,158.58,156.49,157.39,397051
2026-02-16 14:02:36,107.92,108.02,107.67,107.9,624234
2026-02-16 14:12:36,111.03,111.03,110.48,110.78,490834
2026-02-16 14:22:36,124.73,125.56,124.73,125.32,197288
2026-02-16 14:32:36,128.8,129.49,128.8,129.19,383067
2026-02-16 14:42:36,122.98,123.02,122.52,122.95,155846
2026-02-16 14:52:36,123.79,124.11,123.02,123.75,448501
2026-02-16 15:02:36,124.81,126.69,124.81,125.87,488784
2026-02-16 15:12:36,118.92,120.14,118.92,119.96,496548
2026-02-16 15:22:36,114.49,116.68,114.49,114.56,340074
2026-02-16 15:32:36,108.23,109.03,107.94,108.28,396456
2026-02-16 15:42:36,103.68,103.98,103.58,103.98,422424
2026-02-16 15:52:36,81.05,81.95,81.05,81.56,760362
2026-02-17 09:32:36,74.88,75.37,74.5,75.37,647848
2026-02-17 09:42:36,83.05,84.09,83.05,83.55,765801
2026-02-17 09:52:36,82.47,83.21,82.34,83.21,610632
2026-02-17 10:02:36,94.82,94.94,94.22,94.82,429888
2026-02-17 10:12:36,86.07,86.22,85.58,85.73,94020
2026-02-17 10:22:36,90.75,91.19,90.55,91.19,245887
2026-02-17 10:32:36,88.91,89.12,88.43,89.12,151113
2026-02-17 10:42:36,105.89,106.52,105.31,106.02,518365
2026-02-17 10:52:36,114.96,115.63,114.5,115.21,209006
2026-02-17 11:02:36,153.36,154.65,152.54,153.54,147690
2026-02-17 11:12:36,159.99,160.41,159.27,159.27,191717
2026-02-17 11:22:36,153.7,154.28,153.13,153.94,283788
2026-02-17 11:32:36,158.86,159.49,158.34,158.93,367697
2026-02-17 11:42:36,160.39,161.31,160.36,161.31,299324
2026-02-17 11:52:36,160.87,161.24,160.6,161.22,267386
2026-02-17 12:02:36,167.44,167.47,166.63,166.63,95667
2026-02-17 12:12:36,168.71,168.84,168.34,168.84,279941
2026-02-17 12:22:36,174.54,174.94,173.58,174.68,56027
2026-02-17 12:32:36,179.11,180.23,178.84,179.97,293457
2026-02-17 12:42:36,165.91,167.08,165.68,166.08,252854
2026-02-17 12:52:36,162.46,162.46,161.39,162.19,170280
2026-02-17 13:02:36,166.02,166.24,164.74,165.63,232489
2026-02-17 13:12:36,172.26,173.78,171.79,171.99,387307
2026-02-17 13:22:36,174.73,175.07,173.46,173.75,123684
2026-02-17 13:32:36,183.99,185.92,183.94,184.53,255875
2026-02-17 13:42:36,182.67,185.32,182.63,182.63,249663
2026-02-17 13:52:36,181.97,182.67,181.88,182.48,141915
2026-02-17 14:02:36,143.68,145.31,143.5,144.55,119685
2026-02-17 14:12:36,144.96,145.33,144.18,144.23,320965
2026-02-17 14:22:36,141.25,141.25,139.8,140.06,396949
2026-02-17 14:32:36,148.0,149.0,147.47,147.47,259704
2026-02-17 14:42:36,137.99,139.17,137.09,137.42,424413
2026-02-17 14:52:36,148.55,149.44,148.52,148.62,252130
2026-02-17 15:02:36,145.1,146.46,144.05,145.36,181396
2026-02-17 15:12:36,149.76,149.85,148.63,149.49,52624
2026-02-17 15:22:36,151.72,152.82,149.95,151.28,345911
2026-02-17 15:32:36,157.14,157.14,156.21,156.38,157175
2026-02-17 15:42:36,139.27,139.27,138.18,138.19,428259
2026-02-17 15:52:36,136.94,137.03,136.05,137.01,438105
2026-02-18 09:32:36,130.59,131.2,129.91,131.2,359123
2026-02-18 09:42:36,118.56,118.56,117.76,118.14,548912
2026-02-18 09:52:36,122.4,122.66,121.47,121.78,468327
2026-02-18 10:02:36,123.27,124.58,123.11,123.36,520368
2026-02-18 10:12:36,126.27,127.06,125.68,126.07,64363
2026-02-18 10:22:36,137.8,137.86,136.95,136.95,510618
2026-02-18 10:32:36,141.32,141.32,140.63,140.63,197092
2026-02-18 10:42:36,137.86,138.14,136.89,137.17,72842
2026-02-18 10:52:36,127.53,128.62,127.53,127.69,506333
2026-02-18 11:02:36,173.65,174.54,173.38,173.54,82095
2026-02-18 11:12:36,173.9,175.01,173.01,173.67,296662
2026-02-18 11:22:36,167.48,168.21,166.77,168.03,370470
2026-02-18 11:32:36,166.92,167.17,166.51,166.51,89711
2026-02-18 11:42:36,158.16,160.08,157.92,158.56,441945
2026-02-18 11:52:36,154.9,154.9,154.07,154.63,244508
2026-02-18 12:02:36,155.43,157.18,154.66,155.14,250037
2026-02-18 12:12:36,150.76,151.21,150.76,150.82,384977
2026-02-18 12:22:36,147.79,148.08,147.3,147.35,311845
2026-02-18 12:32:36,149.62,150.42,149.25,150.19,175699
2026-02-18 12:42:36,147.33,147.43,146.34,146.71,424810
2026-02-18 12:52:36,141.88,143.01,141.66,141.91,54655
2026-02-18 13:02:36,140.88,140.88,140.06,140.48,364751
2026-02-18 13:12:36,143.53,143.66,142.86,143.46,340646
2026-02-18 13:22:36,143.81,144.25,143.71,143.88,84037
2026-02-18 13:32:36,140.05,140.17,139.95,140.17,323595
2026-02-18 13:42:36,149.56,150.86,149.56,149.56,256127
2026-02-18 13:52:36,144.29,146.88,144.1,145.17,59250
2026-02-18 14:02:36,93.2,93.36,92.03,92.91,548605
2026-02-18 14:12:36,93.79,94.18,93.12,93.79,527504
2026-02-18 14:22:36,103.45,103.91,103.42,103.91,224135
2026-02-18 14:32:36,99.06,99.2,98.34,98.95,212466
2026-02-18 14:42:36,100.81,101.54,100.81,101.5,359352
2026-02-18 14:52:36,98.21,98.87,98.21,98.87,239372
2026-02-18 15:02:36,92.05,92.57,91.62,92.28,464647
2026-02-18 15:12:36,88.26,88.72,87.26,88.19,501601
2026-02-18 15:22:36,89.61,89.61,89.29,89.29,476273
2026-02-18 15:32:36,96.18,97.0,95.35,96.15,393903
2026-02-18 15:42:36,101.9,103.14,101.88,101.88,262556
2026-02-18 15:52:36,103.21,103.68,103.07,103.07,681881
2026-02-19 09:32:36,92.71,92.74,91.61,92.44,394138
2026-02-19 09:42:36,97.6,97.88,97.29,97.76,493566
2026-02-19 09:52:36,93.36,93.59,93.04,93.11,637996
2026-02-19 10:02:36,86.94,86.94,86.4,86.87,613568
2026-02-19 10:12:36,90.16,90.46,89.58,90.05,280586
2026-02-19 10:22:36,83.58,84.75,83.58,84.01,618286
2026-02-19 10:32:36,79.84,80.98,79.64,79.64,226229
2026-02-19 10:42:36,79.66,80.42,79.05,79.49,153378
2026-02-19 10:52:36,98.62,99.25,98.15,98.37,638088
2026-02-19 11:02:36,154.13,154.41,153.79,153.8,409930
2026-02-19 11:12:36,157.44,157.78,157.04,157.73,97049
2026-02-19 11:22:36,161.22,161.94,159.69,161.55,138305
2026-02-19 11:32:36,158.42,158.87,157.79,158.5,124204
2026-02-19 11:42:36,156.45,156.87,155.92,156.0,354575
2026-02-19 11:52:36,154.98,155.8,154.23,154.44,391737
2026-02-19 12:02:36,149.01,149.89,147.47,149.5,323942
2026-02-19 12:12:36,146.8,147.4,146.08,146.83,225361
2026-02-19 12:22:36,141.53,142.69,141.25,141.25,230515
2026-02-19 12:32:36,143.92,144.77,143.92,144.14,65690
2026-02-19 12:42:36,141.92,143.75,141.92,143.45,271132
2026-02-19 12:52:36,143.05,143.05,141.74,142.41,371528
2026-02-19 13:02:36,150.37,150.58,149.62,150.47,200248
2026-02-19 13:12:36,153.98,155.38,153.38,153.93,109350
2026-02-19 13:22:36,152.3,152.3,151.65,152.02,125767
2026-02-19 13:32:36,152.79,152.79,151.96,151.96,430206
2026-02-19 13:42:36,156.6,157.27,155.85,156.58,449787
2026-02-19 13:52:36,159.88,160.46,158.85,159.13,196303
2026-02-19 14:02:36,110.9,111.05,110.26,110.26,630888
2026-02-19 14:12:36,110.25,112.42,109.81,110.25,285350
2026-02-19 14:22:36,109.39,110.6,109.22,109.22,407415
2026-02-19 14:32:36,113.43,113.43,112.57,112.81,282302
2026-02-19 14:42:36,120.42,121.1,119.65,120.24,79328
2026-02-19 14:52:36,119.62,120.01,119.62,119.87,79168
2026-02-19 15:02:36,125.36,125.56,125.33,125.56,71968
2026-02-19 15:12:36,126.44,126.84,125.94,125.94,134174
2026-02-19 15:22:36,126.52,127.8,125.6,126.61,438385
2026-02-19 15:32:36,128.36,129.11,128.27,128.27,313696
2026-02-19 15:42:36,129.43,129.69,128.82,128.82,419453
2026-02-19 15:52:36,124.09,124.1,123.2,123.78,231676
2026-02-20 09:32:36,119.46,119.7,118.46,119.14,341371
2026-02-20 09:42:36,126.71,127.16,126.41,126.41,451459
2026-02-20 09:52:36,127.56,127.8,127.46,127.49,66916
2026-02-20 10:02:36,136.94,137.43,136.32,136.8,374347
2026-02-20 10:12:36,130.98,131.63,130.58,131.27,132446
2026-02-20 10:22:36,126.79,126.99,126.35,126.99,283948
2026-02-20 10:32:36,136.41,136.6,135.71,136.1,318526
2026-02-20 10:42:36,143.92,145.86,143.46,143.96,123967
2026-02-20 10:52:36,143.61,144.26,143.51,143.87,429794
2026-02-20 11:02:36,179.93,180.67,179.3,180.57,190363
2026-02-20 11:12:36,173.89,174.67,172.41,173.72,111249
2026-02-20 11:22:36,178.14,178.14,177.47,177.65,347093
2026-02-20 11:32:36,183.13,183.68,182.27,182.82,38584
2026-02-20 11:42:36,179.15,180.37,178.99,179.87,238792
2026-02-20 11:52:36,178.76,179.82,178.63,179.66,206824
2026-02-20 12:02:36,180.88,181.9,180.69,180.69,364429
2026-02-20 12:12:36,178.54,181.1,178.54,178.84,321958
2026-02-20 12:22:36,181.15,182.28,181.09,181.38,355290
2026-02-20 12:32:36,182.31,182.31,181.58,182.1,341817
2026-02-20 12:42:36,188.03,190.25,188.03,188.83,166774
2026-02-20 12:52:36,186.55,187.35,186.25,186.76,202990
2026-02-20 13:02:36,189.67,191.17,187.91,189.4,320764
2026-02-20 13:12:36,190.33,191.64,189.94,191.02,206769
2026-02-20 13:22:36,193.59,193.59,192.68,193.29,233301
2026-02-20 13:32:36,198.45,199.22,198.45,199.02,166458
2026-02-20 13:42:36,202.02,203.48,201.08,202.72,39551
2026-02-20 13:52:36,203.08,204.11,202.79,203.37,129952
2026-02-20 14:02:36,172.77,173.76,172.68,172.72,356174
2026-02-20 14:12:36,175.83,175.83,174.91,175.67,284925
2026-02-20 14:22:36,176.86,177.58,176.86,177.58,307733
2026-02-20 14:32:36,174.89,176.32,173.56,175.28,369510
2026-02-20 14:42:36,183.13,184.31,182.7,182.7,257668
2026-02-20 14:52:36,183.94,183.94,181.98,182.85,291387
2026-02-20 15:02:36,180.6,182.67,179.83,181.5,93731
2026-02-20 15:12:36,183.1,183.84,181.47,183.25,273295
2026-02-20 15:22:36,185.11,186.06,185.11,185.37,124703
2026-02-20 15:32:36,177.05,177.75,176.26,177.75,225072
2026-02-20 15:42:36,183.23,183.76,181.59,182.56,283791
2026-02-20 15:52:36,196.26,196.26,194.54,195.48,49366
2026-02-23 09:32:36,201.51,204.13,201.51,203.04,169402
2026-02-23 09:42:36,192.11,192.33,191.54,192.33,253880
2026-02-23 09:52:36,195.36,195.36,194.16,194.4,76298
2026-02-23 10:02:36,188.45,188.45,186.82,186.82,295126
2026-02-23 10:12:36,193.14,193.77,191.3,192.86,169088
2026-02-23 10:22:36,202.32,203.19,201.2,202.54,249541
2026-02-23 10:32:36,206.66,207.48,206.38,206.47,133234
2026-02-23 10:42:36,209.42,209.73,208.1,209.73,159022
2026-02-23 10:52:36,204.03,205.49,203.54,203.54,128602
2026-02-23 11:02:36,227.87,228.9,227.43,228.48,33664
2026-02-23 11:12:36,229.86,231.76,229.86,231.07,157955
2026-02-23 11:22:36,232.13,232.3,230.67,230.67,54706
2026-02-23 11:32:36,236.82,239.32,236.82,237.37,143444
2026-02-23 11:42:36,242.7,243.82,240.32,241.94,105051
2026-02-23 11:52:36,243.0,245.0,242.04,242.95,64336
2026-02-23 12:02:36,255.32,256.01,252.69,255.51,113200
2026-02-23 12:12:36,249.31,251.17,249.31,249.98,89903
2026-02-23 12:22:36,253.46,254.47,253.19,253.19,42692
2026-02-23 12:32:36,258.07,259.71,257.82,259.71,38095
2026-02-23 12:42:36,259.83,260.72,258.43,259.85,86311
2026-02-23 12:52:36,261.05,261.05,259.82,260.11,32882
2026-02-23 13:02:36,260.04,260.04,258.44,259.63,71067
2026-02-23 13:12:36,253.55,256.22,252.47,254.86,69039
2026-02-23 13:22:36,252.68,253.96,251.2,252.66,31330
2026-02-23 13:32:36,257.91,258.63,257.83,257.95,126255
2026-02-23 13:42:36,261.21,262.29,260.22,262.29,28453
2026-02-23 13:52:36,268.09,269.28,266.28,266.74,78452
2026-02-23 14:02:36,266.63,267.94,264.93,264.93,39401
2026-02-23 14:12:36,273.46,275.27,273.46,275.27,154276
2026-02-23 14:22:36,264.3,265.65,262.31,262.62,74392
2026-02-23 14:32:36,274.78,275.7,273.35,274.29,165986
2026-02-23 14:42:36,276.65,278.33,275.54,277.56,35195
2026-02-23 14:52:36,272.12,272.92,270.86,271.52,41856
2026-02-23 15:02:36,280.45,281.95,280.31,280.56,210930
2026-02-23 15:12:36,282.72,283.64,281.95,283.23,117887
2026-02-23 15:22:36,286.76,288.08,284.52,286.25,100982
2026-02-23 15:32:36,288.46,289.38,284.95,289.38,64069
2026-02-23 15:42:36,285.51,285.51,284.12,285.37,81277
2026-02-23 15:52:36,274.73,277.34,274.35,274.7,38142
2026-02-24 09:32:36,263.29,264.47,263.29,263.81,51625
2026-02-24 09:42:36,263.04,264.81,262.35,264.26,130641
2026-02-24 09:52:36,271.1,273.03,271.1,272.21,92161
2026-02-24 10:02:36,268.9,269.34,267.39,268.47,147119
2026-02-24 10:12:36,270.29,272.3,269.4,269.55,51410
2026-02-24 10:22:36,270.75,272.01,269.22,270.04,91672
2026-02-24 10:32:36,279.02,280.92,277.06,277.06,29500
2026-02-24 10:42:36,296.05,296.05,294.16,294.99,101537
2026-02-24 10:52:36,307.44,309.46,306.31,307.62,167872
2026-02-24 11:02:36,302.07,305.41,301.73,303.07,54973
2026-02-24 11:12:36,295.5,297.89,295.5,296.98,35749
2026-02-24 11:22:36,291.0,291.0,287.78,289.69,173176
2026-02-24 11:32:36,283.14,283.48,282.81,283.36,54714
2026-02-24 11:42:36,277.03,278.57,277.03,278.25,50179
2026-02-24 11:52:36,280.94,280.94,279.98,279.98,179544
2026-02-24 12:02:36,281.68,283.68,281.68,283.68,101946
2026-02-24 12:12:36,290.68,292.76,290.04,290.8,125038
2026-02-24 12:22:36,284.34,287.16,281.31,284.85,220149
2026-02-24 12:32:36,287.2,287.29,285.05,286.72,155799
2026-02-24 12:42:36,283.51,285.92,281.58,283.21,205788
2026-02-24 12:52:36,276.71,278.09,274.74,276.02,60525
2026-02-24 13:02:36,274.23,276.27,274.23,276.05,71606
2026-02-24 13:12:36,280.42,282.94,280.42,281.69,201690
2026-02-24 13:22:36,280.27,282.55,280.16,281.07,137006
2026-02-24 13:32:36,288.64,289.18,288.02,288.58,59870
2026-02-24 13:42:36,290.01,292.63,290.01,290.28,107748
2026-02-24 13:52:36,288.94,288.94,286.61,287.92,74748
2026-02-24 14:02:36,296.38,297.21,294.03,297.16,86052
2026-02-24 14:12:36,293.38,294.08,292.64,294.08,65047
2026-02-24 14:22:36,287.84,289.75,286.25,287.32,29120
2026-02-24 14:32:36,284.52,286.37,283.67,284.17,131148
2026-02-24 14:42:36,285.66,288.03,285.66,285.87,114480
2026-02-24 14:52:36,284.49,286.31,284.49,286.31,96494
2026-02-24 15:02:36,282.98,284.08,279.4,283.08,130352
2026-02-24 15:12:36,287.77,287.77,285.76,287.71,71639
2026-02-24 15:22:36,295.3,296.83,293.24,294.19,147223
2026-02-24 15:32:36,294.18,295.75,292.95,293.21,57414
2026-02-24 15:42:36,284.16,284.16,282.07,282.87,185755
2026-02-24 15:52:36,288.06,288.61,285.72,287.86,243322
2026-02-25 09:32:36,293.73,293.73,290.78,292.69,139510
2026-02-25 09:42:36,288.38,289.32,287.24,287.86,125955
2026-02-25 09:52:36,282.25,282.42,281.04,281.04,216425
2026-02-25 10:02:36,272.35,273.16,270.03,273.16,38501
2026-02-25 10:12:36,270.8,271.19,269.71,271.19,84460
2026-02-25 10:22:36,270.75,271.18,269.12,269.12,126732
2026-02-25 10:32:36,272.17,274.74,272.17,273.3,54682
2026-02-25 10:42:36,272.81,273.43,271.81,272.23,151671
2026-02-25 10:52:36,279.76,280.29,279.05,279.68,73170
2026-02-25 11:02:36,275.73,275.73,274.51,274.51,88991
2026-02-25 11:12:36,271.07,273.7,269.87,271.35,147554
2026-02-25 11:22:36,267.31,269.15,266.52,267.11,121644
2026-02-25 11:32:36,268.12,269.05,268.04,269.05,104819
2026-02-25 11:42:36,264.81,266.65,264.35,264.35,62922
2026-02-25 11:52:36,259.02,260.98,258.61,260.11,30103
2026-02-25 12:02:36,263.15,264.37,262.9,264.37,45622
2026-02-25 12:12:36,260.77,261.7,260.44,260.9,72744
2026-02-25 12:22:36,268.37,268.93,267.55,268.02,60981
2026-02-25 12:32:36,270.37,272.58,268.95,268.95,67481
2026-02-25 12:42:36,270.02,270.51,267.85,269.82,118099
2026-02-25 12:52:36,265.88,266.4,265.04,265.04,19430
2026-02-25 13:02:36,273.85,273.88,272.4,273.88,48944
2026-02-25 13:12:36,280.66,280.67,278.89,280.67,201123
2026-02-25 13:22:36,280.31,281.98,279.55,280.02,59976
2026-02-25 13:32:36,276.14,276.76,275.63,276.76,155694
2026-02-25 13:42:36,272.69,273.71,272.69,273.27,68461
2026-02-25 13:52:36,279.24,280.8,279.24,279.61,160362
2026-02-25 14:02:36,285.72,287.58,285.04,287.53,31910
2026-02-25 14:12:36,295.81,296.18,294.76,294.89,230574
2026-02-25 14:22:36,294.53,294.95,293.0,293.0,119512
2026-02-25 14:32:36,291.9,292.19,291.49,291.49,208003
2026-02-25 14:42:36,277.18,278.23,277.16,278.23,143812
2026-02-25 14:52:36,275.16,275.6,273.36,274.21,27493
2026-02-25 15:02:36,272.01,272.42,271.23,272.42,87388
2026-02-25 15:12:36,258.5,260.03,254.82,255.78,49337
2026-02-25 15:22:36,252.57,255.55,252.21,252.66,101258
2026-02-25 15:32:36,254.83,256.73,253.54,254.89,114410
2026-02-25 15:42:36,262.23,262.23,260.18,260.22,17017
2026-02-25 15:52:36,258.17,260.19,256.7,258.22,51674
2026-02-26 09:32:36,256.31,257.43,254.43,256.19,40583
2026-02-26 09:42:36,250.73,252.12,250.73,251.81,79601
2026-02-26 09:52:36,247.02,247.33,244.95,247.33,73594
2026-02-26 10:02:36,254.94,257.75,253.51,254.69,61837
2026-02-26 10:12:36,259.46,259.96,259.34,259.59,22041
2026-02-26 10:22:36,242.45,242.5,241.57,242.35,51948
2026-02-26 10:32:36,238.99,239.0,237.33,238.3,31941
2026-02-26 10:42:36,246.3,246.55,244.36,245.29,22751
2026-02-26 10:52:36,242.68,243.21,240.37,243.21,14352
2026-02-26 11:02:36,247.54,249.6,247.54,247.85,54763
2026-02-26 11:12:36,256.85,257.76,254.11,257.22,92534
2026-02-26 11:22:36,261.65,262.18,261.31,261.92,36847
2026-02-26 11:32:36,258.18,261.21,256.98,259.45,103506
2026-02-26 11:42:36,257.97,258.62,257.21,258.62,104211
2026-02-26 11:52:36,258.8,259.8,257.34,257.79,81450
2026-02-26 12:02:36,256.39,258.06,254.88,257.26,128891
2026-02-26 12:12:36,261.2,262.22,260.11,261.13,18646
2026-02-26 12:22:36,253.43,255.45,253.4,254.16,93005
2026-02-26 12:32:36,254.13,254.82,252.8,253.95,17326
2026-02-26 12:42:36,251.98,255.24,251.98,254.29,86590
2026-02-26 12:52:36,254.73,255.72,253.67,254.19,98284
2026-02-26 13:02:36,246.08,248.41,246.08,248.22,31073
2026-02-26 13:12:36,242.63,245.0,242.63,244.25,82426
2026-02-26 13:22:36,247.32,248.38,247.32,248.24,52928
2026-02-26 13:32:36,256.92,256.92,255.17,255.57,27792
2026-02-26 13:42:36,259.37,260.12,257.37,259.55,70189
2026-02-26 13:52:36,253.53,255.23,253.22,254.47,32067
2026-02-26 14:02:36,241.54,242.29,240.94,241.24,119687
2026-02-26 14:12:36,245.34,245.34,244.69,244.71,100625
2026-02-26 14:22:36,247.22,247.52,243.97,247.29,26916
2026-02-26 14:32:36,252.14,252.37,250.23,251.62,25791
2026-02-26 14:42:36,251.26,251.88,250.94,251.88,92962
2026-02-26 14:52:36,243.01,243.86,242.93,243.0,106296
2026-02-26 15:02:36,240.53,241.27,240.41,240.63,70133
2026-02-26 15:12:36,236.44,236.96,235.09,236.61,97760
2026-02-26 15:22:36,224.8,224.8,222.71,222.71,187962
2026-02-26 15:32:36,228.87,228.92,227.36,228.92,168371
2026-02-26 15:42:36,219.56,220.85,219.42,220.85,61352
2026-02-26 15:52:36,224.81,226.05,223.95,224.39,133074
2026-02-27 09:32:36,229.92,230.58,228.85,228.85,45933
2026-02-27 09:42:36,228.72,230.82,228.72,229.7,62559
2026-02-27 09:52:36,235.47,237.6,234.73,234.73,86287
2026-02-27 10:02:36,232.72,233.84,231.84,233.63,78148
2026-02-27 10:12:36,231.16,232.2,229.74,232.05,36592
2026-02-27 10:22:36,229.83,230.6,228.18,229.14,82823
2026-02-27 10:32:36,227.38,230.34,227.38,228.0,179366
2026-02-27 10:42:36,238.54,239.29,237.37,239.29,76031
2026-02-27 10:52:36,250.19,251.19,249.77,249.85,71416
2026-02-27 11:02:36,247.67,247.67,247.07,247.07,15087
2026-02-27 11:12:36,246.96,247.42,246.91,247.06,109054
2026-02-27 11:22:36,248.27,248.87,246.13,247.03,49997
2026-02-27 11:32:36,254.18,255.21,252.97,252.97,107815
2026-02-27 11:42:36,254.96,256.74,253.88,254.5,53812
2026-02-27 11:52:36,253.26,253.3,250.99,253.26,89683
2026-02-27 12:02:36,249.28,249.28,247.88,248.01,83589
2026-02-27 12:12:36,246.34,247.45,245.39,247.45,110137
2026-02-27 12:22:36,242.51,244.49,242.44,244.49,77503
2026-02-27 12:32:36,251.07,252.56,247.88,250.02,19238
2026-02-27 12:42:36,251.51,253.25,250.61,252.73,56054
2026-02-27 12:52:36,255.18,255.48,252.74,255.48,92251
2026-02-27 13:02:36,257.8,258.48,255.44,258.01,34282
2026-02-27 13:12:36,266.25,267.39,264.98,267.39,138151
2026-02-27 13:22:36,265.54,265.6,264.76,264.95,30068
2026-02-27 13:32:36,269.54,269.57,268.88,269.33,114141
2026-02-27 13:42:36,260.65,263.14,259.82,259.82,65043
2026-02-27 13:52:36,266.04,267.24,266.02,266.98,50363
2026-02-27 14:02:36,285.48,286.35,285.27,286.03,164374
2026-02-27 14:12:36,285.03,286.91,285.03,285.78,187280
2026-02-27 14:22:36,289.22,291.38,289.12,291.38,156227
2026-02-27 14:32:36,291.87,292.77,290.58,290.82,85597
2026-02-27 14:42:36,307.8,309.48,307.8,308.59,212349
2026-02-27 14:52:36,308.03,308.93,306.71,307.03,206160
2026-02-27 15:02:36,305.29,306.68,302.44,303.94,61556
2026-02-27 15:12:36,300.54,302.75,299.58,300.67,110521
2026-02-27 15:22:36,295.01,296.8,293.68,294.73,99743
2026-02-27 15:32:36,301.09,302.27,300.24,301.03,160010
2026-02-27 15:42:36,298.26,298.26,296.3,296.75,193146
2026-02-27 15:52:36,303.46,304.64,302.59,304.64,233883
2026-03-02 09:32:36,294.18,295.76,293.45,295.76,107040
2026-03-02 09:42:36,294.71,296.96,294.67,296.96,88536
2026-03-02 09:52:36,297.63,298.73,296.55,298.25,103159
2026-03-02 10:02:36,293.46,294.73,293.23,293.98,60267
2026-03-02 10:12:36,304.04,305.85,302.61,303.46,42389
2026-03-02 10:22:36,298.21,299.59,296.95,296.95,291076
2026-03-02 10:32:36,307.88,309.21,307.26,309.21,190617
2026-03-02 10:42:36,316.66,316.66,315.27,315.88,199889
2026-03-02 10:52:36,313.65,313.65,312.93,313.59,88933
2026-03-02 11:02:36,288.56,288.69,287.93,288.09,103606
2026-03-02 11:12:36,287.45,289.45,287.3,288.42,43085
2026-03-02 11:22:36,283.52,284.48,283.06,283.18,210399
2026-03-02 11:32:36,280.47,282.49,280.17,280.79,117687
2026-03-02 11:42:36,289.21,290.35,286.99,290.35,118412
2026-03-02 11:52:36,297.85,299.82,296.5,297.32,271574
2026-03-02 12:02:36,302.7,302.76,299.95,302.16,160265
2026-03-02 12:12:36,302.76,304.49,301.85,302.47,52033
2026-03-02 12:22:36,308.0,308.06,304.19,304.19,229746
2026-03-02 12:32:36,310.62,311.24,309.83,309.83,36212
2026-03-02 12:42:36,308.58,309.51,308.54,309.19,152400
2026-03-02 12:52:36,315.08,315.08,310.05,311.26,270658
2026-03-02 13:02:36,311.72,313.29,310.45,311.9,283818
2026-03-02 13:12:36,309.62,309.62,307.73,307.73,264331
2026-03-02 13:22:36,309.35,309.35,306.28,306.28,251149
2026-03-02 13:32:36,305.99,306.09,303.76,306.0,239488
2026-03-02 13:42:36,307.64,309.43,305.8,307.46,72494
2026-03-02 13:52:36,315.47,315.66,313.83,314.73,56244
2026-03-02 14:02:36,348.92,348.92,346.28,347.11,127233
2026-03-02 14:12:36,356.53,358.8,356.53,358.8,226268
2026-03-02 14:22:36,356.81,357.37,354.13,357.37,53605
2026-03-02 14:32:36,358.64,361.52,356.43,357.97,471324
2026-03-02 14:42:36,352.08,354.2,350.42,354.2,117914
2026-03-02 14:52:36,351.39,353.19,350.01,352.71,107306
2026-03-02 15:02:36,354.03,354.72,351.88,353.8,146990
2026-03-02 15:12:36,358.41,359.98,357.55,359.98,206557
2026-03-02 15:22:36,344.8,349.5,344.8,344.96,481729
2026-03-02 15:32:36,350.26,351.23,348.29,348.29,457995
2026-03-02 15:42:36,354.56,354.9,354.17,354.61,429226
2026-03-02 15:52:36,354.95,356.85,353.33,356.85,201272
2026-03-03 09:32:36,346.83,347.45,346.17,346.61,57321
2026-03-03 09:42:36,340.82,340.97,339.84,340.57,193716
2026-03-03 09:52:36,339.28,340.12,338.74,338.98,99635
2026-03-03 10:02:36,343.99,345.75,342.2,345.04,286368
2026-03-03 10:12:36,349.33,351.4,347.86,348.8,378408
2026-03-03 10:22:36,350.02,350.02,347.64,350.01,119788
2026-03-03 10:32:36,353.86,353.86,350.39,350.39,108992
2026-03-03 10:42:36,349.97,354.98,349.97,351.29,174662
2026-03-03 10:52:36,352.41,352.89,351.54,351.77,148930
2026-03-03 11:02:36,332.64,334.29,330.19,330.19,54355
2026-03-03 11:12:36,330.71,331.9,326.3,331.08,298652
2026-03-03 11:22:36,331.24,333.86,330.31,331.06,404491
2026-03-03 11:32:36,339.43,342.92,337.95,338.49,370253
2026-03-03 11:42:36,344.22,345.54,344.22,344.83,283326
2026-03-03 11:52:36,361.19,361.19,360.06,360.9,507952
2026-03-03 12:02:36,360.67,363.06,360.16,361.79,103028
2026-03-03 12:12:36,365.84,368.68,362.34,365.71,311878
2026-03-03 12:22:36,356.65,359.88,355.85,356.05,388905
2026-03-03 12:32:36,354.4,356.9,352.24,355.48,372783
2026-03-03 12:42:36,354.44,356.76,349.64,354.13,477284
2026-03-03 12:52:36,354.4,356.12,353.28,355.93,124265
2026-03-03 13:02:36,359.42,360.05,356.93,359.34,534158
2026-03-03 13:12:36,362.0,363.58,360.28,361.77,233365
2026-03-03 13:22:36,368.69,371.14,366.16,366.86,522600
2026-03-03 13:32:36,369.32,373.08,367.45,367.45,291439
2026-03-03 13:42:36,365.68,368.23,363.74,365.24,229313
2026-03-03 13:52:36,369.39,369.39,367.48,367.48,91749
2026-03-03 14:02:36,413.53,413.73,410.43,410.46,630682
2026-03-03 14:12:36,416.54,419.34,412.76,417.65,104370
2026-03-03 14:22:36,420.93,420.93,419.04,419.19,478659
2026-03-03 14:32:36,412.61,413.84,412.13,412.56,274499
2026-03-03 14:42:36,427.33,429.42,427.33,428.79,714979
2026-03-03 14:52:36,449.83,450.81,446.79,450.56,101971
2026-03-03 15:02:36,443.05,443.07,441.89,441.89,687956
2026-03-03 15:12:36,446.4,448.95,444.37,444.87,875028
2026-03-03 15:22:36,445.93,446.88,444.17,444.17,758191
2026-03-03 15:32:36,443.81,445.44,443.15,443.15,771733
2026-03-03 15:42:36,445.57,446.02,443.73,443.87,409371
2026-03-03 15:52:36,431.2,432.2,429.88,431.72,507628
2026-03-04 09:32:36,423.47,426.0,423.47,425.11,259170
2026-03-04 09:42:36,424.43,424.43,421.9,422.0,661840
2026-03-04 09:52:36,428.26,430.2,425.06,430.02,716751
2026-03-04 10:02:36,434.65,442.2,432.92,433.13,404965
2026-03-04 10:12:36,418.41,422.62,417.94,419.56,746503
2026-03-04 10:22:36,417.58,423.05,417.31,421.66,144611
2026-03-04 10:32:36,413.8,417.72,413.24,415.09,81487
2026-03-04 10:42:36,415.3,416.51,415.05,415.05,319564
2026-03-04 10:52:36,416.71,416.71,414.0,415.15,619585
2026-03-04 11:02:36,363.35,365.16,361.81,363.56,228496
2026-03-04 11:12:36,353.01,355.14,353.01,354.94,512803
2026-03-04 11:22:36,353.94,355.56,352.43,353.02,139765
2026-03-04 11:32:36,344.6,347.38,343.8,343.96,79982
2026-03-04 11:42:36,343.42,345.25,342.29,342.33,145911
2026-03-04 11:52:36,340.82,341.33,338.16,338.97,112391
2026-03-04 12:02:36,346.6,346.73,344.1,345.75,155445
2026-03-04 12:12:36,346.5,348.76,344.81,346.28,337609
2026-03-04 12:22:36,343.79,345.68,343.33,343.49,206333
2026-03-04 12:32:36,348.63,350.12,346.32,346.8,246046
2026-03-04 12:42:36,346.85,349.52,345.72,347.89,421214
2026-03-04 12:52:36,354.06,356.05,353.51,356.05,519138
2026-03-04 13:02:36,356.29,357.56,355.72,355.72,245020
2026-03-04 13:12:36,360.58,361.39,358.59,358.59,254795
2026-03-04 13:22:36,358.33,360.19,358.19,358.84,130759
2026-03-04 13:32:36,356.37,358.19,355.16,356.24,125820
2026-03-04 13:42:36,360.11,362.71,357.47,359.47,97153
2026-03-04 13:52:36,359.93,361.56,357.34,360.51,422298
2026-03-04 14:02:36,392.36,394.49,389.8,391.83,551081
2026-03-04 14:12:36,383.41,384.06,382.61,382.61,513040
2026-03-04 14:22:36,380.4,382.62,380.21,380.96,541627
2026-03-04 14:32:36,385.43,391.48,385.43,387.09,328057
2026-03-04 14:42:36,385.27,386.71,383.79,386.39,215396
2026-03-04 14:52:36,376.35,379.58,376.35,376.92,125053
2026-03-04 15:02:36,368.44,369.95,366.11,368.16,122057
2026-03-04 15:12:36,372.37,373.06,371.18,373.05,442071
2026-03-04 15:22:36,370.03,370.75,367.58,367.58,495371
2026-03-04 15:32:36,376.44,378.72,372.68,375.38,211754
2026-03-04 15:42:36,382.88,384.98,378.26,381.9,140496
2026-03-04 15:52:36,385.36,387.68,385.36,386.36,145008
2026-03-05 09:32:36,388.57,391.81,386.7,389.03,428772
2026-03-05 09:42:36,400.89,401.81,398.77,401.23,450529
2026-03-05 09:52:36,398.18,399.92,396.97,399.92,124211
2026-03-05 10:02:36,388.72,389.14,387.9,388.32,485996
2026-03-05 10:12:36,382.77,385.04,382.66,385.0,422741
2026-03-05 10:22:36,372.69,372.76,369.78,370.73,256691
2026-03-05 10:32:36,372.1,372.1,369.7,371.84,533474
2026-03-05 10:42:36,373.69,374.96,372.65,372.65,154914
2026-03-05 10:52:36,366.0,367.59,363.6,365.94,485050
2026-03-05 11:02:36,327.3,329.28,325.7,327.36,160693
2026-03-05 11:12:36,323.29,325.24,321.99,323.84,341381
2026-03-05 11:22:36,326.35,328.82,325.1,325.86,388341
2026-03-05 11:32:36,326.84,328.1,324.53,326.96,249302
2026-03-05 11:42:36,321.19,324.41,320.58,323.96,201372
2026-03-05 11:52:36,325.51,326.37,324.91,325.45,313856
2026-03-05 12:02:36,327.65,327.65,324.78,324.78,397219
2026-03-05 12:12:36,325.28,328.09,323.46,325.13,194238
2026-03-05 12:22:36,329.4,330.15,328.24,329.11,62993
2026-03-05 12:32:36,328.71,328.88,326.18,328.29,412315
2026-03-05 12:42:36,333.81,334.22,333.07,333.28,98232
2026-03-05 12:52:36,327.47,328.55,326.26,327.75,353099
2026-03-05 13:02:36,320.83,324.05,318.7,321.89,211785
2026-03-05 13:12:36,328.48,328.48,324.81,327.01,370664
2026-03-05 13:22:36,339.93,339.93,335.79,339.14,397290
2026-03-05 13:32:36,336.3,337.05,332.9,335.02,126555
2026-03-05 13:42:36,337.2,339.88,336.46,338.51,316985
2026-03-05 13:52:36,336.89,339.48,336.25,336.25,435104
2026-03-05 14:02:36,362.72,366.51,362.45,364.95,299708
2026-03-05 14:12:36,360.94,362.85,360.78,360.78,263632
2026-03-05 14:22:36,364.79,366.57,363.17,364.79,402706
2026-03-05 14:32:36,376.13,377.62,372.14,376.53,64427
2026-03-05 14:42:36,393.58,395.14,392.21,394.22,112859
2026-03-05 14:52:36,397.16,399.65,395.2,399.65,224686
2026-03-05 15:02:36,399.07,401.84,399.07,401.6,674160
2026-03-05 15:12:36,399.59,401.16,399.08,399.3,130145
2026-03-05 15:22:36,393.23,394.71,393.23,393.37,121507
2026-03-05 15:32:36,393.24,393.24,390.36,392.07,338720
2026-03-05 15:42:36,391.31,392.84,390.23,391.5,106390
2026-03-05 15:52:36,400.55,401.24,399.48,399.66,363344
2026-03-06 09:32:36,397.88,397.88,395.84,395.84,207827
2026-03-06 09:42:36,400.73,402.44,400.34,400.34,525825
2026-03-06 09:52:36,400.57,402.25,399.3,399.3,545110
2026-03-06 10:02:36,412.75,414.75,411.76,413.97,682708
2026-03-06 10:12:36,420.79,423.91,417.47,420.85,431735
2026-03-06 10:22:36,433.49,437.0,430.86,434.41,617697
2026-03-06 10:32:36,422.74,424.68,419.84,423.53,539440
2026-03-06 10:42:36,415.4,418.17,413.82,413.82,538468
2026-03-06 10:52:36,426.68,427.94,424.98,424.98,90381
2026-03-06 11:02:36,366.87,367.55,365.37,367.13,462749
2026-03-06 11:12:36,369.48,369.96,367.14,369.96,393056
2026-03-06 11:22:36,370.65,375.2,370.65,371.93,491137
2026-03-06 11:32:36,375.38,376.03,374.63,374.63,212368
2026-03-06 11:42:36,370.88,370.88,370.1,370.28,134283
2026-03-06 11:52:36,360.51,362.98,357.19,360.85,211094
2026-03-06 12:02:36,367.61,368.31,362.32,365.43,519175
2026-03-06 12:12:36,364.62,367.42,362.91,363.92,126371
2026-03-06 12:22:36,363.25,366.1,362.64,365.67,128215
2026-03-06 12:32:36,367.61,369.12,365.38,365.38,117638
2026-03-06 12:42:36,368.2,369.47,365.55,366.37,96840
2026-03-06 12:52:36,365.55,368.32,364.29,364.89,192611
2026-03-06 13:02:36,369.9,374.77,369.21,371.52,272744
2026-03-06 13:12:36,367.37,368.08,364.93,368.08,268011
2026-03-06 13:22:36,363.7,363.7,361.88,362.09,186882
2026-03-06 13:32:36,362.17,365.06,360.54,360.54,476257
2026-03-06 13:42:36,358.03,363.16,357.56,360.35,297059
2026-03-06 13:52:36,361.54,361.64,358.33,361.1,155633
2026-03-06 14:02:36,418.7,419.08,415.1,416.62,551332
2026-03-06 14:12:36,413.29,414.32,410.97,413.69,405387
2026-03-06 14:22:36,405.92,406.45,404.66,406.25,400768
2026-03-06 14:32:36,400.9,400.97,397.2,400.71,411479
2026-03-06 14:42:36,397.74,397.74,396.21,397.36,259439
2026-03-06 14:52:36,381.99,384.64,380.84,381.96,580774
2026-03-06 15:02:36,386.47,388.3,385.4,387.28,545235
2026-03-06 15:12:36,396.59,399.22,394.02,396.89,316131
2026-03-06 15:22:36,390.56,390.86,387.12,390.86,282505
2026-03-06 15:32:36,394.76,397.29,394.43,394.93,306137
2026-03-06 15:42:36,399.26,399.82,398.49,399.04,553909
2026-03-06 15:52:36,408.29,409.32,406.57,407.45,589440
2026-03-09 09:32:36,408.55,408.55,404.88,407.59,626631
2026-03-09 09:42:36,401.52,403.31,398.9,402.62,187164
2026-03-09 09:52:36,403.71,407.12,400.12,403.73,218535
2026-03-09 10:02:36,412.08,413.22,406.19,409.28,643404
2026-03-09 10:12:36,414.05,417.2,413.49,417.2,135690
2026-03-09 10:22:36,416.18,417.69,414.32,415.46,173256
2026-03-09 10:32:36,425.07,425.07,421.34,422.82,90895
2026-03-09 10:42:36,421.48,422.96,421.09,422.69,483366
2026-03-09 10:52:36,425.02,427.38,423.55,426.32,614616
2026-03-09 11:02:36,364.62,366.07,364.54,364.54,313798
2026-03-09 11:12:36,365.28,367.67,364.49,365.97,343247
2026-03-09 11:22:36,357.94,360.7,357.94,360.7,122142
2026-03-09 11:32:36,359.33,359.99,355.56,359.99,240039
2026-03-09 11:42:36,360.17,361.15,358.98,361.15,457385
2026-03-09 11:52:36,352.13,356.58,351.55,351.83,69132
2026-03-09 12:02:36,345.7,346.95,341.76,342.13,455044
2026-03-09 12:12:36,346.24,347.13,345.13,346.2,403380
2026-03-09 12:22:36,341.6,343.43,341.27,341.97,322492
2026-03-09 12:32:36,355.26,358.13,354.45,355.76,295624
2026-03-09 12:42:36,359.22,359.46,357.46,358.03,402305
2026-03-09 12:52:36,368.42,371.21,368.42,369.94,355744
2026-03-09 13:02:36,377.05,377.73,375.56,375.56,391292
2026-03-09 13:12:36,384.15,385.17,383.01,385.17,458481
2026-03-09 13:22:36,384.74,386.24,382.86,385.85,496784
2026-03-09 13:32:36,380.28,382.69,377.48,380.71,496187
2026-03-09 13:42:36,380.28,382.64,379.51,381.35,91229
2026-03-09 13:52:36,382.05,382.62,381.67,382.3,555830
2026-03-09 14:02:36,453.27,458.45,453.27,455.22,705454
2026-03-09 14:12:36,458.38,462.18,457.79,461.37,779584
2026-03-09 14:22:36,475.42,476.42,473.06,473.06,418070
2026-03-09 14:32:36,470.19,471.08,468.75,469.55,427133
2026-03-09 14:42:36,471.23,473.1,470.5,470.5,878713
2026-03-09 14:52:36,472.14,475.39,472.14,473.52,863054
2026-03-09 15:02:36,469.51,469.63,466.25,468.54,685402
2026-03-09 15:12:36,464.72,465.58,461.11,462.6,498943
2026-03-09 15:22:36,474.08,475.74,473.75,474.57,560116
2026-03-09 15:32:36,467.89,470.19,466.31,466.89,365733
2026-03-09 15:42:36,472.98,473.04,470.37,470.37,426814
2026-03-09 15:52:36,466.57,471.23,466.57,469.39,335196
2026-03-10 09:32:36,468.84,471.72,466.59,469.59,487406
2026-03-10 09:42:36,477.21,483.53,476.42,477.74,545654
2026-03-10 09:52:36,489.19,489.55,486.06,487.9,517137
2026-03-10 10:02:36,480.23,482.81,476.81,479.94,340290
2026-03-10 10:12:36,489.59,489.59,487.29,488.96,254944
2026-03-10 10:22:36,503.2,506.15,502.33,503.57,884185
2026-03-10 10:32:36,499.06,501.29,496.75,496.75,359723
2026-03-10 10:42:36,502.31,505.25,502.03,505.25,133398
2026-03-10 10:52:36,514.67,514.83,510.95,514.12,1143037
2026-03-10 11:02:36,433.62,438.32,431.43,434.09,155546
2026-03-10 11:12:36,431.65,433.59,430.09,430.49,132617
2026-03-10 11:22:36,426.94,427.63,426.17,426.59,138824
2026-03-10 11:32:36,430.4,432.96,429.85,431.45,782851
2026-03-10 11:42:36,424.53,426.08,423.69,424.2,427438
2026-03-10 11:52:36,413.86,417.46,412.93,416.03,277869
2026-03-10 12:02:36,416.57,418.12,416.57,418.12,744217
2026-03-10 12:12:36,405.72,406.64,405.15,405.15,597644
2026-03-10 12:22:36,408.25,412.27,408.25,408.83,659664
2026-03-10 12:32:36,408.75,411.41,407.29,408.78,151413
2026-03-10 12:42:36,404.48,409.76,401.55,407.3,106866
2026-03-10 12:52:36,400.28,404.39,397.73,400.96,369091
2026-03-10 13:02:36,404.65,407.47,401.5,403.6,156901
2026-03-10 13:12:36,411.68,416.54,408.77,414.09,256612
2026-03-10 13:22:36,409.07,412.06,408.38,409.98,184610
2026-03-10 13:32:36,405.78,407.82,405.78,406.66,684138
2026-03-10 13:42:36,404.16,406.62,403.37,405.75,129213
2026-03-10 13:52:36,408.37,410.52,406.84,409.32,257688
2026-03-10 14:02:36,487.27,490.33,486.39,488.02,619270
2026-03-10 14:12:36,489.45,490.13,483.72,487.66,1048657
2026-03-10 14:22:36,495.47,496.27,492.36,496.27,421002
2026-03-10 14:32:36,503.74,509.24,503.41,504.53,1016902
2026-03-10 14:42:36,508.97,510.53,508.39,510.44,252639
2026-03-10 14:52:36,504.42,509.37,500.69,504.42,181422
2026-03-10 15:02:36,504.21,506.52,502.82,505.21,643430
2026-03-10 15:12:36,499.81,502.29,495.09,498.3,736667
2026-03-10 15:22:36,496.98,501.73,492.5,494.03,918547
2026-03-10 15:32:36,495.8,497.39,495.77,496.32,413923
2026-03-10 15:42:36,490.63,490.63,485.83,488.26,979808
2026-03-10 15:52:36,503.72,505.81,500.89,503.33,638132
2026-03-11 09:32:36,490.81,495.81,488.7,492.61,1055778
2026-03-11 09:42:36,503.95,503.95,498.81,503.83,279595
2026-03-11 09:52:36,498.4,499.76,498.31,499.76,561133
2026-03-11 10:02:36,500.23,501.88,498.51,501.21,408854
2026-03-11 10:12:36,486.86,489.35,486.86,487.31,918220
2026-03-11 10:22:36,491.52,494.59,491.44,491.44,678441
2026-03-11 10:32:36,498.88,500.55,498.88,499.37,488307
2026-03-11 10:42:36,497.96,500.55,497.18,498.77,200978
2026-03-11 10:52:36,499.52,504.25,499.21,499.51,554411
2026-03-11 11:02:36,421.35,421.35,420.23,420.23,381683
2026-03-11 11:12:36,420.82,421.78,419.91,421.2,227358
2026-03-11 11:22:36,418.22,421.01,416.31,417.22,591470
2026-03-11 11:32:36,411.48,413.51,410.2,411.7,472025
2026-03-11 11:42:36,418.17,418.17,416.19,416.23,509439
2026-03-11 11:52:36,418.66,422.54,417.33,421.28,284904
2026-03-11 12:02:36,419.61,423.76,418.04,420.01,495582
2026-03-11 12:12:36,420.53,420.53,418.98,419.51,84330
2026-03-11 12:22:36,416.57,418.33,414.95,416.4,394690
2026-03-11 12:32:36,408.0,408.17,407.15,407.62,580772
2026-03-11 12:42:36,413.1,414.95,412.14,412.14,379089
2026-03-11 12:52:36,418.9,419.34,417.26,417.29,314826
2026-03-11 13:02:36,417.69,418.66,415.05,416.92,246134
2026-03-11 13:12:36,411.13,414.8,410.54,411.8,505368
2026-03-11 13:22:36,398.65,402.43,398.52,401.36,578138
2026-03-11 13:32:36,393.34,395.04,390.09,392.95,615914
2026-03-11 13:42:36,391.14,391.75,389.97,391.41,396973
2026-03-11 13:52:36,396.86,398.0,395.41,398.0,650194
2026-03-11 14:02:36,462.33,463.91,458.68,463.16,759936
2026-03-11 14:12:36,455.03,457.69,455.03,456.3,288623
2026-03-11 14:22:36,442.09,442.21,437.61,440.49,624025
2026-03-11 14:32:36,452.3,454.64,451.11,452.71,702486
2026-03-11 14:42:36,443.57,445.45,439.37,443.23,707773
2026-03-11 14:52:36,443.89,446.1,441.4,444.78,871594
2026-03-11 15:02:36,436.77,439.45,435.82,435.93,542411
2026-03-11 15:12:36,436.35,436.35,430.87,433.52,381764
2026-03-11 15:22:36,437.33,437.73,435.69,437.73,243387
2026-03-11 15:32:36,429.37,429.88,425.01,428.36,439962
2026-03-11 15:42:36,428.33,430.77,425.63,427.58,415365
2026-03-11 15:52:36,423.32,426.11,417.58,424.86,506395
2026-03-12 09:32:36,425.87,430.3,423.62,426.54,489209
2026-03-12 09:42:36,427.64,430.4,426.81,429.25,376960
2026-03-12 09:52:36,416.38,418.35,416.38,416.38,458986
2026-03-12 10:02:36,434.53,436.27,432.06,435.09,780924
2026-03-12 10:12:36,435.67,439.06,433.27,438.18,791239
2026-03-12 10:22:36,443.55,443.55,441.37,441.92,621512
2026-03-12 10:32:36,442.98,450.2,442.96,446.7,101018
2026-03-12 10:42:36,448.93,450.85,448.1,448.1,113847
2026-03-12 10:52:36,447.14,452.17,447.14,449.69,320028
2026-03-12 11:02:36,380.8,383.53,379.42,380.45,538413
2026-03-12 11:12:36,391.42,394.71,387.44,390.37,596972
2026-03-12 11:22:36,394.55,394.82,392.4,394.07,674848
2026-03-12 11:32:36,398.55,401.04,394.79,398.36,678745
2026-03-12 11:42:36,401.23,404.53,397.83,400.9,497803
2026-03-12 11:52:36,411.01,412.11,408.6,408.6,316662
2026-03-12 12:02:36,405.94,410.42,403.69,406.25,125251
2026-03-12 12:12:36,401.8,405.72,401.8,404.15,248294
2026-03-12 12:22:36,401.32,402.6,400.96,402.07,390511
2026-03-12 12:32:36,396.83,401.25,396.83,397.23,392829
2026-03-12 12:42:36,402.13,405.36,400.47,402.14,129439
2026-03-12 12:52:36,396.52,396.52,394.13,394.13,271352
2026-03-12 13:02:36,395.49,399.7,395.34,395.7,438093
2026-03-12 13:12:36,396.71,396.71,393.76,394.59,412221
2026-03-12 13:22:36,390.69,392.66,389.43,391.56,628070
2026-03-12 13:32:36,393.07,396.19,391.01,392.24,200400
2026-03-12 13:42:36,385.6,388.73,381.38,385.63,565092
2026-03-12 13:52:36,392.0,393.7,391.43,392.24,199881
2026-03-12 14:02:36,461.02,462.1,458.47,458.47,689083
2026-03-12 14:12:36,457.96,460.41,454.63,455.92,655426
2026-03-12 14:22:36,458.16,463.01,454.49,459.31,500155
2026-03-12 14:32:36,469.35,470.7,465.97,465.97,960462
2026-03-12 14:42:36,466.78,470.2,465.89,469.24,399366
2026-03-12 14:52:36,460.43,461.13,456.54,457.73,654060
2026-03-12 15:02:36,450.49,452.35,448.06,452.2,791848
2026-03-12 15:12:36,450.81,452.16,447.8,450.09,292975
2026-03-12 15:22:36,440.61,444.88,440.56,441.45,147634
2026-03-12 15:32:36,449.6,449.6,446.48,447.35,727466
2026-03-12 15:42:36,446.71,454.67,444.28,450.07,574614
2026-03-12 15:52:36,448.06,450.33,448.06,448.93,652946
2026-03-13 09:32:36,437.52,438.32,436.18,436.2,837149
2026-03-13 09:42:36,440.79,441.38,438.34,438.34,791555
2026-03-13 09:52:36,438.6,440.07,435.12,439.55,487486
2026-03-13 10:02:36,431.12,431.57,428.91,431.57,519943
2026-03-13 10:12:36,439.08,441.1,439.08,439.15,232120
2026-03-13 10:22:36,440.93,443.33,440.25,442.63,157837
2026-03-13 10:32:36,452.57,454.04,451.34,452.41,583532
2026-03-13 10:42:36,446.23,449.3,444.73,448.15,234106
2026-03-13 10:52:36,442.9,444.86,442.9,444.27,308625
2026-03-13 11:02:36,378.56,382.25,377.74,377.74,440993
2026-03-13 11:12:36,384.55,384.78,380.63,382.82,219431
2026-03-13 11:22:36,384.65,390.29,382.26,387.22,330259
2026-03-13 11:32:36,388.96,392.42,388.9,391.6,77655
2026-03-13 11:42:36,389.12,394.09,387.49,390.02,263407
2026-03-13 11:52:36,380.11,380.11,376.47,379.94,216739
2026-03-13 12:02:36,383.36,385.94,382.56,382.56,384681
2026-03-13 12:12:36,379.35,381.38,376.1,378.96,62621
2026-03-13 12:22:36,377.02,377.71,375.72,377.71,305665
2026-03-13 12:32:36,368.84,369.8,367.43,369.75,64849
2026-03-13 12:42:36,365.2,365.2,361.45,363.81,347707
2026-03-13 12:52:36,361.53,361.79,359.73,360.18,129892
2026-03-13 13:02:36,350.08,354.44,350.08,350.95,273810
2026-03-13 13:12:36,347.17,349.28,344.35,344.35,282742
2026-03-13 13:22:36,343.73,343.84,342.49,342.61,203014
2026-03-13 13:32:36,349.41,351.49,347.19,349.13,491834
2026-03-13 13:42:36,357.84,360.9,355.37,357.4,189458
2026-03-13 13:52:36,367.17,369.11,367.07,369.11,217722
2026-03-13 14:02:36,420.61,423.66,419.48,419.48,739034
2026-03-13 14:12:36,414.69,418.1,409.54,412.96,701989
2026-03-13 14:22:36,407.53,408.75,406.68,408.2,726043
2026-03-13 14:32:36,409.91,409.91,408.96,409.17,384664
2026-03-13 14:42:36,424.94,427.39,422.4,427.39,326801
2026-03-13 14:52:36,423.18,424.49,421.7,423.25,251495
2026-03-13 15:02:36,442.09,446.3,440.8,441.98,513975
2026-03-13 15:12:36,461.91,463.96,461.07,461.73,791216
2026-03-13 15:22:36,452.91,456.65,450.21,450.21,631820
2026-03-13 15:32:36,454.31,457.9,454.06,457.9,560095
2026-03-13 15:42:36,445.33,445.88,443.34,445.76,248157
2026-03-13 15:52:36,445.34,447.43,443.57,443.57,546295
2026-03-16 09:32:36,431.51,432.3,430.73,432.16,385129
2026-03-16 09:42:36,435.0,437.2,430.74,435.28,616310
2026-03-16 09:52:36,424.34,427.64,424.34,425.19,440380
2026-03-16 10:02:36,406.78,410.29,402.85,406.19,124393
2026-03-16 10:12:36,406.83,406.83,404.18,405.43,474089
2026-03-16 10:22:36,410.9,412.53,409.91,410.87,690604
2026-03-16 10:32:36,402.84,404.05,401.68,402.86,363390
2026-03-16 10:42:36,401.14,402.3,399.63,400.31,142746
2026-03-16 10:52:36,396.12,397.08,393.12,396.67,685119
2026-03-16 11:02:36,351.63,354.63,349.54,353.74,281930
2026-03-16 11:12:36,352.89,355.36,352.49,352.49,283946
2026-03-16 11:22:36,345.87,346.19,343.69,345.46,160002
2026-03-16 11:32:36,348.04,350.05,348.04,348.54,448577
2026-03-16 11:42:36,350.96,350.96,347.36,349.36,60347
2026-03-16 11:52:36,336.32,338.94,336.32,338.2,435306
2026-03-16 12:02:36,343.75,345.8,340.14,345.09,107711
2026-03-16 12:12:36,346.89,348.13,346.89,348.13,451250
2026-03-16 12:22:36,344.46,347.0,340.39,345.39,185786
2026-03-16 12:32:36,347.31,350.51,347.31,348.42,293381
2026-03-16 12:42:36,340.78,341.47,337.89,338.47,212733
2026-03-16 12:52:36,346.9,347.53,346.42,346.42,458912
2026-03-16 13:02:36,346.55,346.55,343.47,343.47,50763
2026-03-16 13:12:36,341.74,341.74,339.23,341.42,317017
2026-03-16 13:22:36,340.75,344.16,340.75,344.16,263589
2026-03-16 13:32:36,340.27,342.71,340.04,340.97,169702
2026-03-16 13:42:36,338.56,338.97,337.41,337.88,201406
2026-03-16 13:52:36,338.3,341.38,336.33,338.08,393140
2026-03-16 14:02:36,371.28,374.45,370.35,370.81,333760
2026-03-16 14:12:36,364.43,366.2,361.9,366.2,376420
2026-03-16 14:22:36,372.31,374.79,370.2,371.88,174897
2026-03-16 14:32:36,374.79,376.6,371.91,376.6,379961
2026-03-16 14:42:36,374.02,374.49,373.36,374.26,176081
2026-03-16 14:52:36,376.42,376.42,374.55,374.55,323438
2026-03-16 15:02:36,365.56,366.41,364.43,364.94,56557
2026-03-16 15:12:36,356.87,357.44,353.77,357.44,111988
2026-03-16 15:22:36,354.52,354.92,351.23,354.92,115367
2026-03-16 15:32:36,352.35,355.54,352.35,354.83,424590
2026-03-16 15:42:36,359.25,361.62,358.85,359.44,401327
2026-03-16 15:52:36,361.57,363.66,361.57,362.68,58932
2026-03-17 09:32:36,348.91,349.05,345.67,347.64,338387
2026-03-17 09:42:36,353.28,354.89,352.13,354.89,303221
2026-03-17 09:52:36,342.1,344.35,342.1,342.92,255458
2026-03-17 10:02:36,330.58,331.49,330.2,331.46,333203
2026-03-17 10:12:36,331.96,335.43,331.96,333.01,51959
2026-03-17 10:22:36,339.8,341.06,337.64,337.64,157060
2026-03-17 10:32:36,342.67,345.51,340.37,344.44,197096
2026-03-17 10:42:36,335.33,336.42,334.26,334.26,340342
2026-03-17 10:52:36,338.34,339.9,337.19,338.77,167326
2026-03-17 11:02:36,315.5,316.31,314.54,316.05,170244
2026-03-17 11:12:36,313.66,313.78,312.5,312.95,227907
2026-03-17 11:22:36,315.9,319.42,314.13,315.59,198042
2026-03-17 11:32:36,319.68,319.68,318.24,319.1,289152
2026-03-17 11:42:36,312.47,315.0,310.89,313.41,78881
2026-03-17 11:52:36,317.52,320.81,314.49,317.99,93704
2026-03-17 12:02:36,312.63,313.85,312.63,312.69,188045
2026-03-17 12:12:36,311.84,312.74,310.42,310.83,192839
2026-03-17 12:22:36,316.94,318.51,316.57,316.57,236812
2026-03-17 12:32:36,316.71,319.34,316.71,317.59,211745
2026-03-17 12:42:36,315.18,315.54,313.26,315.09,268239
2026-03-17 12:52:36,322.84,323.79,320.27,323.79,147310
2026-03-17 13:02:36,321.6,321.6,318.6,320.05,301842
2026-03-17 13:12:36,313.11,315.52,312.99,312.99,256247
2026-03-17 13:22:36,309.97,310.14,307.89,308.83,291371
2026-03-17 13:32:36,308.85,310.69,308.66,309.42,128992
2026-03-17 13:42:36,310.91,311.75,310.73,311.72,175698
2026-03-17 13:52:36,313.9,315.67,312.05,314.68,146577
2026-03-17 14:02:36,341.29,347.1,340.78,343.01,410440
2026-03-17 14:12:36,337.12,339.9,336.22,337.25,118735
2026-03-17 14:22:36,338.98,341.16,338.1,339.64,54762
2026-03-17 14:32:36,333.12,333.12,332.05,332.67,171273
2026-03-17 14:42:36,330.52,333.24,326.41,330.84,314212
2026-03-17 14:52:36,325.75,328.64,324.61,325.29,295759
2026-03-17 15:02:36,322.51,324.92,320.01,322.03,248780
2026-03-17 15:12:36,325.6,328.48,325.6,327.25,377175
2026-03-17 15:22:36,327.16,329.71,327.16,328.19,109901
2026-03-17 15:32:36,332.78,334.57,330.88,330.88,295395
2026-03-17 15:42:36,337.87,338.54,337.0,337.84,107969
2026-03-17 15:52:36,338.98,342.64,338.47,341.07,384029
2026-03-18 09:32:36,342.79,343.8,339.03,342.14,170314
2026-03-18 09:42:36,341.12,341.59,338.89,340.89,287441
2026-03-18 09:52:36,348.53,349.3,348.47,349.3,102868
2026-03-18 10:02:36,350.78,351.32,348.53,349.95,313644
2026-03-18 10:12:36,345.75,347.45,344.21,346.87,56471
2026-03-18 10:22:36,352.73,354.99,350.15,350.56,417400
2026-03-18 10:32:36,366.4,366.57,363.63,366.57,535088
2026-03-18 10:42:36,357.98,358.65,355.9,356.93,367505
2026-03-18 10:52:36,359.7,361.11,357.99,359.33,460253
2026-03-18 11:02:36,338.71,339.55,337.56,337.87,257258
2026-03-18 11:12:36,341.33,343.76,341.33,342.83,210845
2026-03-18 11:22:36,335.72,337.86,335.72,336.96,63076
2026-03-18 11:32:36,333.79,334.39,330.57,334.39,218389
2026-03-18 11:42:36,333.51,333.51,332.51,332.54,298383
2026-03-18 11:52:36,331.21,333.19,330.64,331.69,44112
2026-03-18 12:02:36,329.17,330.8,327.36,328.29,389985
2026-03-18 12:12:36,327.88,329.1,326.6,328.02,182404
2026-03-18 12:22:36,322.42,324.57,321.56,321.74,114099
2026-03-18 12:32:36,322.61,323.35,320.39,321.91,282742
2026-03-18 12:42:36,318.82,319.8,318.05,318.05,295087
2026-03-18 12:52:36,314.84,317.57,312.69,312.69,342105
2026-03-18 13:02:36,316.59,319.19,314.53,318.11,275119
2026-03-18 13:12:36,308.32,309.23,306.8,306.8,45188
2026-03-18 13:22:36,302.25,304.33,302.25,303.73,150963
2026-03-18 13:32:36,309.36,310.14,308.74,309.8,294119
2026-03-18 13:42:36,308.47,308.72,307.92,308.22,249531
2026-03-18 13:52:36,315.82,317.42,314.76,316.76,115723
2026-03-18 14:02:36,340.92,340.92,338.34,338.34,213733
2026-03-18 14:12:36,347.79,347.83,346.25,346.65,203306
2026-03-18 14:22:36,347.1,347.27,344.17,346.31,135613
2026-03-18 14:32:36,352.5,352.5,350.72,350.72,264469
2026-03-18 14:42:36,347.92,349.76,347.64,349.76,225309
2026-03-18 14:52:36,355.72,358.3,353.18,355.66,147288
2026-03-18 15:02:36,353.59,353.9,352.61,353.34,108289
2026-03-18 15:12:36,350.03,352.54,349.98,350.63,140330
2026-03-18 15:22:36,350.84,351.96,346.74,351.85,372288
2026-03-18 15:32:36,352.93,356.48,352.67,352.67,310130
2026-03-18 15:42:36,344.83,345.35,342.96,342.96,222409
2026-03-18 15:52:36,337.52,337.52,333.98,335.61,338536
2026-03-19 09:32:36,335.19,339.16,334.77,334.77,424373
2026-03-19 09:42:36,340.65,341.76,338.06,340.37,100942
2026-03-19 09:52:36,352.5,353.29,350.34,350.34,84113
2026-03-19 10:02:36,349.45,349.45,348.55,348.57,133448
2026-03-19 10:12:36,345.4,347.47,344.91,347.47,451437
2026-03-19 10:22:36,342.55,344.02,342.1,343.37,396308
2026-03-19 10:32:36,353.11,356.07,351.86,353.27,319785
2026-03-19 10:42:36,353.46,355.73,351.85,355.25,69215
2026-03-19 10:52:36,348.04,350.87,344.49,350.87,66939
2026-03-19 11:02:36,314.19,316.02,313.83,314.74,346712
2026-03-19 11:12:36,320.85,321.26,319.27,320.57,89295
2026-03-19 11:22:36,316.97,316.97,315.23,316.65,133148
2026-03-19 11:32:36,313.46,317.82,312.47,314.66,300304
2026-03-19 11:42:36,316.24,318.54,315.52,316.91,185970
2026-03-19 11:52:36,322.99,327.0,321.79,324.23,67993
2026-03-19 12:02:36,323.62,323.62,321.89,321.89,76537
2026-03-19 12:12:36,320.66,324.01,319.78,320.25,233782
2026-03-19 12:22:36,330.23,333.59,330.23,332.14,70235
2026-03-19 12:32:36,334.6,337.27,334.15,334.15,280556
2026-03-19 12:42:36,333.82,335.03,330.32,333.91,116075
2026-03-19 12:52:36,344.73,345.87,343.54,344.9,379937
2026-03-19 13:02:36,339.95,342.2,339.93,340.57,280091
2026-03-19 13:12:36,337.69,337.99,335.16,337.38,330536
2026-03-19 13:22:36,334.72,337.77,333.35,334.95,50910
2026-03-19 13:32:36,341.57,341.64,340.75,341.25,294541
2026-03-19 13:42:36,347.55,348.6,346.08,347.81,211147
2026-03-19 13:52:36,349.29,353.67,349.29,349.66,188646
2026-03-19 14:02:36,384.89,388.35,381.52,382.3,220445
2026-03-19 14:12:36,375.59,379.88,375.56,375.56,185624
2026-03-19 14:22:36,378.08,378.46,377.09,377.09,254697
2026-03-19 14:32:36,380.12,382.83,379.78,381.58,288340
2026-03-19 14:42:36,374.87,374.87,370.69,371.83,511337
2026-03-19 14:52:36,383.34,385.28,381.88,382.68,173924
2026-03-19 15:02:36,386.45,387.37,386.08,386.56,436713
2026-03-19 15:12:36,396.11,399.08,393.82,395.69,615392
2026-03-19 15:22:36,397.5,400.98,396.78,396.78,631758
2026-03-19 15:32:36,404.74,406.84,403.29,405.26,480938
2026-03-19 15:42:36,395.8,395.9,393.91,393.91,595391
2026-03-19 15:52:36,391.07,393.16,390.97,390.97,611852
2026-03-20 09:32:36,403.33,404.08,401.89,402.01,225723
2026-03-20 09:42:36,405.25,405.25,399.39,403.52,667540
2026-03-20 09:52:36,414.67,419.99,414.66,414.66,668207
2026-03-20 10:02:36,407.0,411.95,407.0,409.53,134046
2026-03-20 10:12:36,423.1,424.09,416.9,421.23,591285
2026-03-20 10:22:36,426.26,427.4,426.26,427.3,479058
2026-03-20 10:32:36,438.24,438.63,436.4,438.63,234968
2026-03-20 10:42:36,445.68,448.04,443.78,445.73,269542
2026-03-20 10:52:36,440.27,441.03,437.63,438.43,858772
2026-03-20 11:02:36,378.21,379.13,376.23,376.23,163793
2026-03-20 11:12:36,383.52,386.06,383.52,385.52,599774
2026-03-20 11:22:36,374.69,374.8,371.9,374.8,238757
2026-03-20 11:32:36,370.76,373.55,369.79,372.42,104993
2026-03-20 11:42:36,367.52,367.86,366.39,367.14,378444
2026-03-20 11:52:36,374.57,374.92,371.87,371.87,449185
2026-03-20 12:02:36,377.75,379.37,376.57,378.29,605482
2026-03-20 12:12:36,374.51,375.82,371.62,374.32,319021
2026-03-20 12:22:36,361.65,361.65,357.59,359.38,175393
2026-03-20 12:32:36,351.33,354.61,351.25,351.72,109580
2026-03-20 12:42:36,341.89,344.5,341.89,344.5,387738
2026-03-20 12:52:36,343.12,345.42,343.12,344.25,143069
2026-03-20 13:02:36,348.25,349.65,346.74,348.36,329926
2026-03-20 13:12:36,341.33,342.05,340.9,342.04,394982
2026-03-20 13:22:36,337.57,338.55,336.57,337.46,345531
2026-03-20 13:32:36,342.99,345.41,342.48,342.48,165860
2026-03-20 13:42:36,345.26,346.13,342.71,344.17,473990
2026-03-20 13:52:36,348.04,350.58,344.91,348.94,308458
2026-03-20 14:02:36,390.25,390.45,388.29,389.36,138528
2026-03-20 14:12:36,403.61,403.61,400.79,400.84,354019
2026-03-20 14:22:36,406.05,406.05,403.35,403.52,275494
2026-03-20 14:32:36,410.57,413.02,410.57,412.36,291083
2026-03-20 14:42:36,419.5,422.11,419.04,420.07,734469
2026-03-20 14:52:36,410.69,415.57,408.7,411.66,77317
2026-03-20 15:02:36,413.09,414.06,410.07,410.07,147522
2026-03-20 15:12:36,408.33,408.74,405.86,407.21,288371
2026-03-20 15:22:36,417.89,420.16,416.54,420.16,327250
2026-03-20 15:32:36,408.49,408.89,404.93,404.93,447952
2026-03-20 15:42:36,416.57,419.51,414.99,415.76,226531
2026-03-20 15:52:36,419.45,421.47,417.96,421.47,396777
2026-03-23 09:32:36,417.83,421.14,416.29,418.14,116027
2026-03-23 09:42:36,412.64,412.64,410.87,411.73,542079
2026-03-23 09:52:36,409.84,411.52,408.61,408.61,696787
2026-03-23 10:02:36,421.02,421.02,416.59,417.91,683228
2026-03-23 10:12:36,423.05,425.62,419.09,423.31,234735
2026-03-23 10:22:36,420.94,423.14,419.16,420.36,194036
2026-03-23 10:32:36,425.1,429.07,421.87,422.13,761755
2026-03-23 10:42:36,429.2,432.7,426.83,429.69,778872
2026-03-23 10:52:36,428.93,431.56,427.43,429.57,154671
2026-03-23 11:02:36,376.16,376.16,373.71,374.13,587748
2026-03-23 11:12:36,372.35,373.31,370.24,371.74,390646
2026-03-23 11:22:36,374.89,377.45,372.79,373.69,486113
2026-03-23 11:32:36,362.83,364.35,360.5,362.81,62825
2026-03-23 11:42:36,368.04,369.88,364.26,369.34,381088
2026-03-23 11:52:36,364.31,364.82,359.47,362.7,219828
2026-03-23 12:02:36,359.58,362.53,359.58,361.3,468339
2026-03-23 12:12:36,362.59,365.72,361.32,361.32,234403
2026-03-23 12:22:36,360.19,361.47,359.7,359.7,529863
2026-03-23 12:32:36,363.76,364.8,363.29,364.6,534706
2026-03-23 12:42:36,362.18,364.75,361.59,363.9,252216
2026-03-23 12:52:36,367.5,371.18,366.56,369.18,425044
2026-03-23 13:02:36,375.72,376.56,373.25,375.69,369348
2026-03-23 13:12:36,384.15,385.29,381.91,384.59,92031
2026-03-23 13:22:36,388.57,389.54,384.53,388.12,454338
2026-03-23 13:32:36,384.9,386.35,384.04,384.59,581757
2026-03-23 13:42:36,387.37,388.63,385.39,388.63,587441
2026-03-23 13:52:36,392.7,394.54,390.87,391.75,163552
2026-03-23 14:02:36,452.27,455.99,448.56,453.51,851708
2026-03-23 14:12:36,469.73,473.21,466.2,469.18,426439
2026-03-23 14:22:36,478.76,480.87,476.17,480.57,683898
2026-03-23 14:32:36,471.26,472.45,469.93,472.45,162379
2026-03-23 14:42:36,447.71,448.83,445.68,446.7,701912
2026-03-23 14:52:36,446.79,448.39,445.38,448.39,773179
2026-03-23 15:02:36,457.14,457.15,455.17,455.42,555322
2026-03-23 15:12:36,464.74,468.4,462.47,466.67,515305
2026-03-23 15:22:36,463.52,466.09,462.35,463.21,95791
2026-03-23 15:32:36,465.99,467.73,460.23,465.01,594089
2026-03-23 15:42:36,475.45,481.83,474.82,477.66,481371
2026-03-23 15:52:36,475.67,478.91,471.76,478.91,900335
2026-03-24 09:32:36,481.52,483.42,479.73,483.42,1024876
2026-03-24 09:42:36,471.13,475.8,470.27,470.27,434255
2026-03-24 09:52:36,452.04,452.4,449.63,450.59,546020
2026-03-24 10:02:36,432.29,432.52,429.71,431.75,737211
2026-03-24 10:12:36,430.55,432.71,428.37,430.41,544494
2026-03-24 10:22:36,423.58,426.49,423.48,424.85,302722
2026-03-24 10:32:36,423.75,425.23,419.79,423.12,89791
2026-03-24 10:42:36,420.21,420.21,417.24,418.18,285965
2026-03-24 10:52:36,417.27,417.57,416.35,416.69,713278
2026-03-24 11:02:36,362.24,362.91,360.72,362.2,503876
2026-03-24 11:12:36,358.53,359.52,355.62,359.52,355696
2026-03-24 11:22:36,359.45,360.14,358.73,358.73,360597
2026-03-24 11:32:36,354.58,357.51,354.58,354.94,250084
2026-03-24 11:42:36,368.13,370.95,367.8,368.88,532703
2026-03-24 11:52:36,368.41,368.9,367.58,368.9,193430
2026-03-24 12:02:36,367.14,369.63,365.89,367.46,436160
2026-03-24 12:12:36,364.48,366.77,364.26,365.19,465998
2026-03-24 12:22:36,365.63,365.63,363.46,365.06,348494
2026-03-24 12:32:36,356.76,358.67,354.22,354.22,367552
2026-03-24 12:42:36,359.8,361.08,354.75,359.09,226853
2026-03-24 12:52:36,351.4,353.2,348.95,351.14,503570
2026-03-24 13:02:36,351.34,352.1,351.14,351.89,169190
2026-03-24 13:12:36,353.85,354.13,352.07,353.66,319042
2026-03-24 13:22:36,348.8,350.74,346.68,349.42,413046
2026-03-24 13:32:36,351.11,351.8,350.72,350.72,370238
2026-03-24 13:42:36,337.56,340.12,336.93,337.55,318032
2026-03-24 13:52:36,339.82,342.13,337.0,341.9,399384
2026-03-24 14:02:36,366.14,367.47,362.38,365.11,60721
2026-03-24 14:12:36,370.46,372.88,369.02,371.44,512698
2026-03-24 14:22:36,363.89,366.06,363.89,364.81,327447
2026-03-24 14:32:36,369.42,371.87,369.27,371.87,175927
2026-03-24 14:42:36,372.86,372.86,371.56,371.61,530375
2026-03-24 14:52:36,373.78,378.2,372.64,374.54,432387
2026-03-24 15:02:36,375.76,376.66,372.79,375.53,321238
2026-03-24 15:12:36,377.15,377.72,373.96,376.13,154995
2026-03-24 15:22:36,366.03,368.24,366.03,366.12,387412
2026-03-24 15:32:36,366.51,368.96,365.71,365.71,224434
2026-03-24 15:42:36,368.37,369.29,367.16,368.19,211084
2026-03-24 15:52:36,373.51,378.23,373.51,374.16,127638
2026-03-25 09:32:36,382.04,386.3,381.47,383.71,429059
2026-03-25 09:42:36,395.42,397.79,394.99,396.95,391882
2026-03-25 09:52:36,403.82,403.82,399.57,403.82,98482
2026-03-25 10:02:36,402.51,407.4,398.61,402.46,161037
2026-03-25 10:12:36,431.73,436.01,429.96,429.96,507119
2026-03-25 10:22:36,438.27,443.64,435.05,435.11,510789
2026-03-25 10:32:36,422.71,422.71,419.18,421.43,96443
2026-03-25 10:42:36,418.54,418.54,414.99,416.47,301812
2026-03-25 10:52:36,409.41,410.65,407.44,408.69,392349
2026-03-25 11:02:36,362.54,365.77,361.0,362.14,245245
2026-03-25 11:12:36,368.02,371.45,367.0,368.5,408980
2026-03-25 11:22:36,365.61,366.54,364.3,366.17,225292
2026-03-25 11:32:36,366.95,367.69,364.84,367.16,359203
2026-03-25 11:42:36,374.39,377.37,373.45,373.64,317462
2026-03-25 11:52:36,369.61,371.64,369.61,371.26,382824
2026-03-25 12:02:36,375.25,376.19,372.53,374.27,551981
2026-03-25 12:12:36,366.9,370.99,366.89,366.89,344300
2026-03-25 12:22:36,370.15,374.83,369.66,369.97,547460
2026-03-25 12:32:36,373.65,373.94,370.74,373.94,378885
2026-03-25 12:42:36,374.16,375.06,372.88,373.18,299244
2026-03-25 12:52:36,376.22,379.07,376.22,376.57,343460
2026-03-25 13:02:36,384.65,387.98,384.65,385.39,101396
2026-03-25 13:12:36,384.38,387.44,384.38,387.44,519705
2026-03-25 13:22:36,384.22,386.37,382.98,385.32,367981
2026-03-25 13:32:36,390.33,393.2,388.71,390.71,331061
2026-03-25 13:42:36,397.23,399.2,393.67,394.9,457890
2026-03-25 13:52:36,391.85,391.85,388.96,390.47,507857
2026-03-25 14:02:36,453.89,455.61,450.45,455.61,538148
2026-03-25 14:12:36,456.61,457.11,452.34,455.98,714653
2026-03-25 14:22:36,445.29,447.73,443.59,443.7,292503
2026-03-25 14:32:36,444.97,447.07,442.7,446.23,834756
2026-03-25 14:42:36,446.85,449.61,446.44,448.84,808845
2026-03-25 14:52:36,451.46,453.16,449.83,452.86,866579
2026-03-25 15:02:36,449.82,455.01,446.59,451.35,136346
2026-03-25 15:12:36,447.87,448.6,445.24,448.56,104228
2026-03-25 15:22:36,457.84,462.14,457.81,460.5,484076
2026-03-25 15:32:36,460.36,461.01,458.59,459.33,147356
2026-03-25 15:42:36,445.57,446.76,444.82,445.69,186949
2026-03-25 15:52:36,441.69,442.71,438.98,440.74,346953
2026-03-26 09:32:36,459.86,459.86,456.55,456.55,775528
2026-03-26 09:42:36,449.18,453.44,446.62,446.62,738906
2026-03-26 09:52:36,445.21,445.83,442.21,442.21,713187
2026-03-26 10:02:36,442.61,447.96,442.51,443.84,250421
2026-03-26 10:12:36,438.23,439.36,430.69,439.36,547112
2026-03-26 10:22:36,434.07,435.87,431.51,432.42,293129
2026-03-26 10:32:36,437.06,437.87,434.62,437.19,160831
2026-03-26 10:42:36,442.05,442.35,439.06,440.8,113319
2026-03-26 10:52:36,450.13,450.13,447.61,448.07,833888
2026-03-26 11:02:36,378.65,381.83,378.65,379.25,86855
2026-03-26 11:12:36,380.67,381.12,380.2,380.24,117706
2026-03-26 11:22:36,373.21,376.54,373.21,374.2,214429
2026-03-26 11:32:36,380.17,382.26,375.8,380.79,493116
2026-03-26 11:42:36,379.2,382.76,378.81,378.81,557169
2026-03-26 11:52:36,390.75,390.98,386.36,389.5,265399
2026-03-26 12:02:36,392.48,394.21,390.45,392.01,214029
2026-03-26 12:12:36,379.53,386.37,378.89,378.89,379343
2026-03-26 12:22:36,374.44,377.34,372.2,373.56,167149
2026-03-26 12:32:36,370.11,375.45,370.11,371.91,134604
2026-03-26 12:42:36,375.12,376.48,373.79,376.08,485415
2026-03-26 12:52:36,376.97,380.16,376.97,376.99,413783
2026-03-26 13:02:36,378.8,381.97,378.75,378.75,330008
2026-03-26 13:12:36,375.91,376.21,375.28,376.21,355457
2026-03-26 13:22:36,376.93,376.93,374.35,374.95,127508
2026-03-26 13:32:36,371.15,372.4,370.09,370.09,407566
2026-03-26 13:42:36,371.49,373.01,367.59,370.13,67219
2026-03-26 13:52:36,366.25,368.4,364.55,364.55,225004
2026-03-26 14:02:36,416.56,418.24,415.15,415.84,221272
2026-03-26 14:12:36,414.95,415.61,413.43,415.05,176213
2026-03-26 14:22:36,412.36,413.86,408.74,413.33,522067
2026-03-26 14:32:36,411.87,414.14,408.49,411.5,381696
2026-03-26 14:42:36,420.48,423.65,419.13,419.24,120355
2026-03-26 14:52:36,415.55,418.71,414.06,416.66,255773
2026-03-26 15:02:36,414.81,415.58,413.7,413.7,723925
2026-03-26 15:12:36,413.46,415.12,408.88,413.52,246416
2026-03-26 15:22:36,410.42,413.14,410.32,411.5,201984
2026-03-26 15:32:36,420.14,425.65,419.02,422.47,594512
2026-03-26 15:42:36,420.13,421.07,417.9,419.96,467082
2026-03-26 15:52:36,420.18,421.9,418.73,419.56,421816
2026-03-27 09:32:36,418.26,418.26,413.08,415.4,420324
2026-03-27 09:42:36,418.28,420.27,417.27,418.35,293862
2026-03-27 09:52:36,420.84,423.17,420.3,421.36,242662
2026-03-27 10:02:36,419.53,421.51,418.78,421.51,549532
2026-03-27 10:12:36,412.42,413.97,410.16,413.97,289877
2026-03-27 10:22:36,407.73,409.24,406.97,409.24,143960
2026-03-27 10:32:36,417.36,420.72,416.76,418.15,537595
2026-03-27 10:42:36,419.07,419.07,416.3,416.48,123617
2026-03-27 10:52:36,411.61,416.31,410.64,413.86,301986
2026-03-27 11:02:36,359.95,361.89,359.42,359.42,167375
2026-03-27 11:12:36,355.24,360.2,355.24,356.37,116410
2026-03-27 11:22:36,350.55,351.4,349.19,350.29,147290
2026-03-27 11:32:36,354.11,354.81,352.07,354.81,189379
2026-03-27 11:42:36,352.5,354.04,351.11,353.25,507208
2026-03-27 11:52:36,350.17,350.62,349.61,350.62,72457
2026-03-27 12:02:36,336.84,338.39,336.47,336.47,279084
2026-03-27 12:12:36,341.35,343.93,339.58,341.6,415383
2026-03-27 12:22:36,341.31,342.04,338.08,338.95,305351
2026-03-27 12:32:36,334.67,336.71,334.67,336.71,436615
2026-03-27 12:42:36,332.5,335.33,331.8,331.8,180142
2026-03-27 12:52:36,323.73,325.75,321.99,323.53,396865
2026-03-27 13:02:36,320.1,320.12,318.35,319.09,130336
2026-03-27 13:12:36,329.0,329.16,326.64,329.16,170258
2026-03-27 13:22:36,332.44,334.33,330.44,330.44,362125
2026-03-27 13:32:36,333.61,334.84,332.69,332.69,241029
2026-03-27 13:42:36,336.95,339.74,336.6,337.28,105097
2026-03-27 13:52:36,333.93,334.77,332.37,333.84,326570
2026-03-27 14:02:36,369.14,369.61,367.43,368.13,476000
2026-03-27 14:12:36,367.72,370.28,367.52,370.28,72417
2026-03-27 14:22:36,369.5,371.89,368.15,369.26,107875
2026-03-27 14:32:36,378.58,379.88,377.84,377.84,184705
2026-03-27 14:42:36,369.55,372.9,367.67,369.06,407358
2026-03-27 14:52:36,365.37,367.8,364.77,364.84,290301
2026-03-27 15:02:36,358.54,359.46,357.86,359.46,164512
2026-03-27 15:12:36,354.91,354.91,352.87,353.43,480155
2026-03-27 15:22:36,347.51,350.04,347.51,350.04,444933
2026-03-27 15:32:36,348.97,350.96,348.83,349.45,305788
2026-03-27 15:42:36,353.34,356.02,351.54,352.33,355200
2026-03-27 15:52:36,365.21,365.21,363.15,363.51,277857
2026-03-30 09:32:36,370.71,372.31,370.71,372.31,559212
2026-03-30 09:42:36,366.55,369.76,366.55,367.31,297296
2026-03-30 09:52:36,375.06,376.41,373.4,376.41,432981
2026-03-30 10:02:36,375.81,378.14,374.37,376.28,338264
2026-03-30 10:12:36,386.24,388.5,386.24,386.62,295388
2026-03-30 10:22:36,372.83,373.46,371.08,372.04,333691
2026-03-30 10:32:36,374.87,375.08,373.65,374.6,576673
2026-03-30 10:42:36,368.49,368.49,365.13,367.13,145562
2026-03-30 10:52:36,375.11,376.75,374.46,374.46,517085
2026-03-30 11:02:36,341.62,341.62,338.58,338.88,138043
2026-03-30 11:12:36,342.19,344.69,340.89,341.31,368868
2026-03-30 11:22:36,329.65,329.84,328.39,328.53,358073
2026-03-30 11:32:36,333.62,334.92,333.53,334.92,215725
2026-03-30 11:42:36,333.04,333.38,329.81,332.87,70674
2026-03-30 11:52:36,331.25,333.33,330.39,330.39,398373
2026-03-30 12:02:36,331.09,331.09,328.27,330.55,371198
2026-03-30 12:12:36,322.11,324.02,322.11,323.52,194923
2026-03-30 12:22:36,334.71,335.79,334.6,335.79,133926
2026-03-30 12:32:36,338.47,339.12,338.15,338.15,133590
2026-03-30 12:42:36,338.93,339.52,336.48,337.09,143960
2026-03-30 12:52:36,347.35,347.35,345.14,346.89,71284
2026-03-30 13:02:36,343.31,345.31,343.04,345.07,338807
2026-03-30 13:12:36,350.43,354.13,350.43,350.71,335479
2026-03-30 13:22:36,363.32,365.64,361.6,361.6,141536
2026-03-30 13:32:36,357.1,357.1,354.7,355.08,53571
2026-03-30 13:42:36,358.88,360.21,357.88,360.21,179476
2026-03-30 13:52:36,353.94,355.31,353.61,355.31,153108
2026-03-30 14:02:36,391.05,395.02,389.98,392.83,576905
2026-03-30 14:12:36,389.25,391.73,387.86,391.73,495101
2026-03-30 14:22:36,384.69,388.2,383.61,385.85,352884
2026-03-30 14:32:36,371.78,373.06,369.96,370.31,112448
2026-03-30 14:42:36,370.26,371.83,369.51,371.18,137496
2026-03-30 14:52:36,378.43,379.06,376.85,378.67,247583
2026-03-30 15:02:36,369.56,370.63,368.6,369.24,559967
2026-03-30 15:12:36,366.51,367.55,365.13,365.79,86603
2026-03-30 15:22:36,357.45,359.2,356.62,359.2,433060
2026-03-30 15:32:36,354.07,354.75,353.43,353.43,499865
2026-03-30 15:42:36,354.03,354.52,351.24,354.52,277472
2026-03-30 15:52:36,338.34,338.66,334.96,338.66,62570
2026-03-31 09:32:36,331.79,332.25,331.07,332.25,399675
2026-03-31 09:42:36,321.35,323.16,320.78,320.78,304843
2026-03-31 09:52:36,336.45,336.87,334.68,336.55,216661
2026-03-31 10:02:36,341.31,341.31,338.68,338.68,212731
2026-03-31 10:12:36,341.06,342.25,340.07,340.67,195629
2026-03-31 10:22:36,341.98,346.72,341.68,345.11,305997
2026-03-31 10:32:36,329.73,333.59,329.57,329.86,68407
2026-03-31 10:42:36,327.37,327.37,326.7,327.25,130441
2026-03-31 10:52:36,339.71,340.45,339.05,339.23,145950
2026-03-31 11:02:36,314.28,315.36,312.69,315.29,96924
2026-03-31 11:12:36,304.93,308.75,304.17,304.58,79629
2026-03-31 11:22:36,312.77,312.77,308.85,312.56,193172
2026-03-31 11:32:36,305.46,306.43,305.1,305.62,210667
2026-03-31 11:42:36,305.82,306.72,304.92,304.92,225779
2026-03-31 11:52:36,308.29,312.21,308.29,310.49,324495
2026-03-31 12:02:36,303.65,304.59,301.99,304.59,249871
2026-03-31 12:12:36,304.99,305.89,303.41,303.8,47025
2026-03-31 12:22:36,301.28,303.62,301.28,302.64,77457
2026-03-31 12:32:36,294.13,297.82,293.46,293.46,31844
2026-03-31 12:42:36,298.86,298.86,297.97,298.03,277534
2026-03-31 12:52:36,303.96,305.93,302.02,304.55,176077
2026-03-31 13:02:36,309.31,309.31,307.68,307.68,215188
2026-03-31 13:12:36,313.62,313.62,311.66,312.25,238154
2026-03-31 13:22:36,309.73,310.56,308.15,309.66,103321
2026-03-31 13:32:36,312.92,314.23,309.88,312.37,344278
2026-03-31 13:42:36,312.05,314.5,310.41,312.66,211624
2026-03-31 13:52:36,310.85,311.55,310.38,310.99,200405
2026-03-31 14:02:36,331.65,333.44,330.73,330.73,265507
2026-03-31 14:12:36,332.97,335.02,331.35,331.74,80751
2026-03-31 14:22:36,326.28,330.63,326.28,326.59,198697
2026-03-31 14:32:36,320.0,321.83,320.0,321.16,375526
2026-03-31 14:42:36,312.63,315.87,311.59,313.89,117178
2026-03-31 14:52:36,305.39,307.84,305.12,306.84,314443
2026-03-31 15:02:36,301.88,301.88,300.1,300.1,258854
2026-03-31 15:12:36,299.66,300.91,299.66,300.91,139246
2026-03-31 15:22:36,296.52,296.66,296.27,296.27,124782
2026-03-31 15:32:36,295.99,296.5,295.21,295.6,70966
2026-03-31 15:42:36,290.77,292.38,289.15,291.34,243686
2026-03-31 15:52:36,287.95,288.89,286.75,287.26,183963
2026-04-01 09:32:36,285.95,285.95,284.31,284.31,131370
2026-04-01 09:42:36,289.23,290.05,287.97,288.75,105791
2026-04-01 09:52:36,302.64,305.16,302.64,302.81,77931
2026-04-01 10:02:36,305.6,308.19,305.6,306.84,197478
2026-04-01 10:12:36,290.5,290.5,286.26,289.61,159387
2026-04-01 10:22:36,290.07,291.53,290.07,291.53,170362
2026-04-01 10:32:36,283.22,284.42,281.05,282.56,95843
2026-04-01 10:42:36,290.23,290.29,288.6,289.96,114339
2026-04-01 10:52:36,300.69,303.88,299.93,302.23,285794
2026-04-01 11:02:36,293.94,295.46,293.35,295.46,79375
2026-04-01 11:12:36,296.57,296.57,295.34,295.34,226338
2026-04-01 11:22:36,298.5,298.5,295.75,297.93,77196
2026-04-01 11:32:36,299.26,302.47,297.18,300.47,252181
2026-04-01 11:42:36,304.5,306.66,304.5,305.36,69112
2026-04-01 11:52:36,302.18,302.59,301.5,301.78,215223
2026-04-01 12:02:36,300.66,301.32,300.12,300.12,76619
2026-04-01 12:12:36,302.68,304.53,302.68,303.22,151429
2026-04-01 12:22:36,297.44,298.21,295.74,295.74,71199
2026-04-01 12:32:36,294.97,297.44,294.97,297.44,181122
2026-04-01 12:42:36,299.05,300.75,298.43,298.55,66785
2026-04-01 12:52:36,298.28,298.75,295.19,296.42,134828
2026-04-01 13:02:36,302.38,307.47,302.23,303.69,80381
2026-04-01 13:12:36,306.25,309.47,302.42,305.83,290354
2026-04-01 13:22:36,300.8,301.76,299.21,301.76,72228
2026-04-01 13:32:36,303.52,305.16,303.42,303.55,47383
2026-04-01 13:42:36,303.75,303.75,300.77,303.5,59393
2026-04-01 13:52:36,294.13,294.77,290.51,294.56,122808
2026-04-01 14:02:36,311.7,311.7,309.45,309.93,229532
2026-04-01 14:12:36,317.65,319.4,316.1,319.4,189229
2026-04-01 14:22:36,320.87,321.97,319.88,320.55,86648
2026-04-01 14:32:36,324.05,325.95,322.84,324.15,299768
2026-04-01 14:42:36,323.77,325.29,322.77,324.99,187085
2026-04-01 14:52:36,313.78,313.78,310.52,313.6,315552
2026-04-01 15:02:36,304.65,304.65,303.86,304.34,123771
2026-04-01 15:12:36,292.09,294.67,289.33,291.58,29896
2026-04-01 15:22:36,284.24,284.78,281.5,283.51,171874
2026-04-01 15:32:36,270.32,273.03,270.1,273.0,146531
2026-04-01 15:42:36,276.87,278.04,275.93,277.17,43510
2026-04-01 15:52:36,270.41,270.87,267.87,269.79,118472
2026-04-02 09:32:36,267.85,268.08,267.42,268.08,33908
2026-04-02 09:42:36,259.74,260.25,256.27,260.04,61987
2026-04-02 09:52:36,241.19,242.68,240.78,242.66,115237
2026-04-02 10:02:36,245.06,245.38,243.96,244.59,22623
2026-04-02 10:12:36,251.04,251.49,248.81,251.49,30531
2026-04-02 10:22:36,249.16,250.28,248.35,250.28,70215
2026-04-02 10:32:36,254.89,256.19,253.35,256.19,22697
2026-04-02 10:42:36,265.87,265.87,263.77,264.33,96102
2026-04-02 10:52:36,271.41,271.41,270.2,271.41,70113
2026-04-02 11:02:36,277.06,277.31,276.55,276.55,70777
2026-04-02 11:12:36,285.07,286.49,284.45,285.25,26498
2026-04-02 11:22:36,282.56,283.0,281.14,281.86,63287
2026-04-02 11:32:36,278.68,279.71,276.36,278.98,94719
2026-04-02 11:42:36,286.23,288.66,284.97,287.17,62205
2026-04-02 11:52:36,292.98,296.27,292.61,292.61,139252
2026-04-02 12:02:36,293.84,295.7,291.73,291.73,253732
2026-04-02 12:12:36,292.62,293.74,288.91,292.13,59333
2026-04-02 12:22:36,297.95,298.36,297.26,297.48,186644
2026-04-02 12:32:36,303.69,306.34,303.46,304.84,216276
2026-04-02 12:42:36,306.93,307.92,305.45,307.28,171308
2026-04-02 12:52:36,302.26,303.18,301.96,302.42,84799
2026-04-02 13:02:36,305.47,306.8,304.3,304.3,102449
2026-04-02 13:12:36,314.36,315.66,312.49,315.66,63172
2026-04-02 13:22:36,318.61,319.52,316.2,317.76,66890
2026-04-02 13:32:36,327.32,327.92,326.29,327.92,321099
2026-04-02 13:42:36,323.92,324.7,322.18,323.13,98693
2026-04-02 13:52:36,319.91,319.91,318.04,318.04,362446
2026-04-02 14:02:36,353.65,353.88,350.23,352.8,59687
2026-04-02 14:12:36,337.65,337.65,335.22,336.32,280519
2026-04-02 14:22:36,337.78,339.17,336.58,338.5,110315
2026-04-02 14:32:36,334.06,336.05,334.06,336.05,147370
2026-04-02 14:42:36,335.85,337.27,332.93,337.27,164167
2026-04-02 14:52:36,341.1,344.76,339.13,341.36,272462
2026-04-02 15:02:36,337.4,338.99,337.08,337.93,337920
2026-04-02 15:12:36,338.97,339.36,338.51,338.51,157032
2026-04-02 15:22:36,331.03,332.88,330.41,330.41,260061
2026-04-02 15:32:36,328.16,328.16,324.97,326.56,112020
2026-04-02 15:42:36,318.57,318.98,315.82,318.33,281470
2026-04-02 15:52:36,314.32,316.05,311.28,313.74,66401
2026-04-03 09:32:36,302.82,305.23,302.82,304.11,236860
2026-04-03 09:42:36,309.16,311.49,308.45,311.49,91540
2026-04-03 09:52:36,295.12,295.34,292.86,292.86,68783
2026-04-03 10:02:36,295.44,295.61,293.73,294.75,106953
2026-04-03 10:12:36,279.74,282.64,278.92,279.37,212808
2026-04-03 10:22:36,292.52,294.0,292.52,292.63,32263
2026-04-03 10:32:36,296.01,297.42,295.87,297.42,56648
2026-04-03 10:42:36,299.96,299.96,298.03,299.38,59290
2026-04-03 10:52:36,297.86,299.47,296.62,299.47,253688
2026-04-03 11:02:36,294.58,295.13,294.25,294.85,94638
2026-04-03 11:12:36,287.77,289.82,286.66,288.87,127380
2026-04-03 11:22:36,283.32,285.54,283.32,284.53,37366
2026-04-03 11:32:36,284.11,284.6,282.11,282.85,232339
2026-04-03 11:42:36,276.74,277.82,276.64,276.64,58572
2026-04-03 11:52:36,277.4,277.4,275.42,276.9,44877
2026-04-03 12:02:36,268.76,270.27,268.01,269.28,73633
2026-04-03 12:12:36,270.65,272.52,268.87,268.87,100239
2026-04-03 12:22:36,269.73,274.01,269.73,270.93,110442
2026-04-03 12:32:36,269.16,270.26,267.0,268.96,104872
2026-04-03 12:42:36,270.13,270.72,269.19,270.72,26946
2026-04-03 12:52:36,274.53,274.53,271.05,272.91,104402
2026-04-03 13:02:36,278.62,279.27,275.3,277.93,175337
2026-04-03 13:12:36,282.8,283.66,282.31,282.89,108992
2026-04-03 13:22:36,274.2,275.63,271.72,274.03,71625
2026-04-03 13:32:36,275.65,277.86,274.42,275.63,31929
2026-04-03 13:42:36,277.52,278.91,275.94,278.91,144175
2026-04-03 13:52:36,277.38,279.13,275.33,275.55,61803
2026-04-03 14:02:36,272.9,274.46,272.37,273.33,24313
2026-04-03 14:12:36,262.26,264.17,261.0,261.08,41064
2026-04-03 14:22:36,271.49,273.67,269.04,270.68,137804
2026-04-03 14:32:36,280.69,280.69,277.12,278.96,195386
2026-04-03 14:42:36,276.74,277.52,276.74,276.77,207793
2026-04-03 14:52:36,280.58,283.92,279.21,281.01,122130
2026-04-03 15:02:36,283.9,285.15,282.84,284.6,166562
2026-04-03 15:12:36,286.6,289.08,286.53,286.91,58986
2026-04-03 15:22:36,290.17,290.24,287.98,288.89,59505
2026-04-03 15:32:36,288.92,288.94,284.99,287.79,30892
2026-04-03 15:42:36,290.81,293.06,290.37,292.16,255647
2026-04-03 15:52:36,293.43,293.54,292.53,293.26,253121
